ISO-10303-21;
HEADER;
/* Generated by software containing ST-Developer
 * from STEP Tools, Inc. (www.steptools.com) 
 */
/* OPTION: using custom renumber hook */

FILE_DESCRIPTION(
/* description */ ('STEP AP242 Edition 2',
'CAx-IF Rec.Pracs.---Representation and Presentation of Product Manufa
cturing Information (PMI)---4.0---2014-10-13',
'CAx-IF Rec.Pracs.---3D Tessellated Geometry---0.4---2014-09-14','2;1',
'CAx-IF Rec.Pracs.---User Defined Attributes---1.5---2016-08-15'),
/* implementation_level */ '2;1');

FILE_NAME(
/* name */ '6a4da57c971c81079c5b4ef0',
/* time_stamp */ '2026-07-08T01:18:54Z',
/* author */ (''),
/* organization */ (''),
/* preprocessor_version */ 'ST-DEVELOPER v20',
/* originating_system */ 'ONSHAPE BY PTC INC, 1.217',
/* authorisation */ '  ');

FILE_SCHEMA (('AP242_MANAGED_MODEL_BASED_3D_ENGINEERING_MIM_LF { 1 0 10303 442 3 1 4 }'));
ENDSEC;

DATA;
#10=TOROIDAL_SURFACE('',#4135,0.002,0.001);
#11=TOROIDAL_SURFACE('',#4142,0.002,0.001);
#12=TOROIDAL_SURFACE('',#4144,0.002,0.001);
#13=TOROIDAL_SURFACE('',#4150,0.002,0.001);
#14=TOROIDAL_SURFACE('',#4151,0.002,0.001);
#15=TOROIDAL_SURFACE('',#4158,0.002,0.001);
#16=TOROIDAL_SURFACE('',#4160,0.002,0.001);
#17=TOROIDAL_SURFACE('',#4166,0.002,0.001);
#18=CONTEXT_DEPENDENT_SHAPE_REPRESENTATION(#68,#6923);
#19=CONTEXT_DEPENDENT_SHAPE_REPRESENTATION(#69,#6925);
#20=CONTEXT_DEPENDENT_SHAPE_REPRESENTATION(#70,#6927);
#21=CONTEXT_DEPENDENT_SHAPE_REPRESENTATION(#71,#6929);
#22=CONTEXT_DEPENDENT_SHAPE_REPRESENTATION(#72,#6931);
#23=CONTEXT_DEPENDENT_SHAPE_REPRESENTATION(#73,#6933);
#24=CONTEXT_DEPENDENT_SHAPE_REPRESENTATION(#74,#6935);
#25=CONTEXT_DEPENDENT_SHAPE_REPRESENTATION(#75,#6937);
#26=CONTEXT_DEPENDENT_SHAPE_REPRESENTATION(#76,#6939);
#27=CONTEXT_DEPENDENT_SHAPE_REPRESENTATION(#77,#6941);
#28=CONTEXT_DEPENDENT_SHAPE_REPRESENTATION(#78,#6943);
#29=CONTEXT_DEPENDENT_SHAPE_REPRESENTATION(#79,#6945);
#30=CONTEXT_DEPENDENT_SHAPE_REPRESENTATION(#80,#6947);
#31=CONTEXT_DEPENDENT_SHAPE_REPRESENTATION(#81,#6949);
#32=CONTEXT_DEPENDENT_SHAPE_REPRESENTATION(#82,#6951);
#33=CONTEXT_DEPENDENT_SHAPE_REPRESENTATION(#83,#6953);
#34=CONTEXT_DEPENDENT_SHAPE_REPRESENTATION(#84,#6955);
#35=CONTEXT_DEPENDENT_SHAPE_REPRESENTATION(#85,#6957);
#36=CONTEXT_DEPENDENT_SHAPE_REPRESENTATION(#86,#6959);
#37=CONTEXT_DEPENDENT_SHAPE_REPRESENTATION(#87,#6961);
#38=CONTEXT_DEPENDENT_SHAPE_REPRESENTATION(#88,#6963);
#39=CONTEXT_DEPENDENT_SHAPE_REPRESENTATION(#89,#6965);
#40=CONTEXT_DEPENDENT_SHAPE_REPRESENTATION(#90,#6967);
#41=CONTEXT_DEPENDENT_SHAPE_REPRESENTATION(#91,#6969);
#42=CONTEXT_DEPENDENT_SHAPE_REPRESENTATION(#92,#6971);
#43=NEXT_ASSEMBLY_USAGE_OCCURRENCE('NAUO1','Part 22','Part 22',#6972,#6973,
'');
#44=NEXT_ASSEMBLY_USAGE_OCCURRENCE('NAUO2','Part 1','Part 1',#6972,#6974,
'');
#45=NEXT_ASSEMBLY_USAGE_OCCURRENCE('NAUO3','Part 10','Part 10',#6972,#6975,
'');
#46=NEXT_ASSEMBLY_USAGE_OCCURRENCE('NAUO4','Part 9','Part 9',#6972,#6976,
'');
#47=NEXT_ASSEMBLY_USAGE_OCCURRENCE('NAUO5','Part 3','Part 3',#6972,#6977,
'');
#48=NEXT_ASSEMBLY_USAGE_OCCURRENCE('NAUO6','Part 25','Part 25',#6972,#6978,
'');
#49=NEXT_ASSEMBLY_USAGE_OCCURRENCE('NAUO7','Part 11','Part 11',#6972,#6979,
'');
#50=NEXT_ASSEMBLY_USAGE_OCCURRENCE('NAUO8','Part 21','Part 21',#6972,#6980,
'');
#51=NEXT_ASSEMBLY_USAGE_OCCURRENCE('NAUO9','Part 8','Part 8',#6972,#6981,
'');
#52=NEXT_ASSEMBLY_USAGE_OCCURRENCE('NAUO10','Part 13','Part 13',#6972,#6982,
'');
#53=NEXT_ASSEMBLY_USAGE_OCCURRENCE('NAUO11','Part 24','Part 24',#6972,#6983,
'');
#54=NEXT_ASSEMBLY_USAGE_OCCURRENCE('NAUO12','Part 17','Part 17',#6972,#6984,
'');
#55=NEXT_ASSEMBLY_USAGE_OCCURRENCE('NAUO13','Part 15','Part 15',#6972,#6985,
'');
#56=NEXT_ASSEMBLY_USAGE_OCCURRENCE('NAUO14','Part 7','Part 7',#6972,#6986,
'');
#57=NEXT_ASSEMBLY_USAGE_OCCURRENCE('NAUO15','Part 20','Part 20',#6972,#6987,
'');
#58=NEXT_ASSEMBLY_USAGE_OCCURRENCE('NAUO16','Part 6','Part 6',#6972,#6988,
'');
#59=NEXT_ASSEMBLY_USAGE_OCCURRENCE('NAUO17','Part 12','Part 12',#6972,#6989,
'');
#60=NEXT_ASSEMBLY_USAGE_OCCURRENCE('NAUO18','Part 23','Part 23',#6972,#6990,
'');
#61=NEXT_ASSEMBLY_USAGE_OCCURRENCE('NAUO19','Part 5','Part 5',#6972,#6991,
'');
#62=NEXT_ASSEMBLY_USAGE_OCCURRENCE('NAUO20','Part 19','Part 19',#6972,#6992,
'');
#63=NEXT_ASSEMBLY_USAGE_OCCURRENCE('NAUO21','Part 14','Part 14',#6972,#6993,
'');
#64=NEXT_ASSEMBLY_USAGE_OCCURRENCE('NAUO22','Part 4','Part 4',#6972,#6994,
'');
#65=NEXT_ASSEMBLY_USAGE_OCCURRENCE('NAUO23','Part 2','Part 2',#6972,#6995,
'');
#66=NEXT_ASSEMBLY_USAGE_OCCURRENCE('NAUO24','Part 16','Part 16',#6972,#6996,
'');
#67=NEXT_ASSEMBLY_USAGE_OCCURRENCE('NAUO25','Part 18','Part 18',#6972,#6997,
'');
#68=(
REPRESENTATION_RELATIONSHIP(' ',' ',#4060,#4059)
REPRESENTATION_RELATIONSHIP_WITH_TRANSFORMATION(#93)
SHAPE_REPRESENTATION_RELATIONSHIP()
);
#69=(
REPRESENTATION_RELATIONSHIP(' ',' ',#4061,#4059)
REPRESENTATION_RELATIONSHIP_WITH_TRANSFORMATION(#94)
SHAPE_REPRESENTATION_RELATIONSHIP()
);
#70=(
REPRESENTATION_RELATIONSHIP(' ',' ',#4062,#4059)
REPRESENTATION_RELATIONSHIP_WITH_TRANSFORMATION(#95)
SHAPE_REPRESENTATION_RELATIONSHIP()
);
#71=(
REPRESENTATION_RELATIONSHIP(' ',' ',#4063,#4059)
REPRESENTATION_RELATIONSHIP_WITH_TRANSFORMATION(#96)
SHAPE_REPRESENTATION_RELATIONSHIP()
);
#72=(
REPRESENTATION_RELATIONSHIP(' ',' ',#4064,#4059)
REPRESENTATION_RELATIONSHIP_WITH_TRANSFORMATION(#97)
SHAPE_REPRESENTATION_RELATIONSHIP()
);
#73=(
REPRESENTATION_RELATIONSHIP(' ',' ',#4065,#4059)
REPRESENTATION_RELATIONSHIP_WITH_TRANSFORMATION(#98)
SHAPE_REPRESENTATION_RELATIONSHIP()
);
#74=(
REPRESENTATION_RELATIONSHIP(' ',' ',#4066,#4059)
REPRESENTATION_RELATIONSHIP_WITH_TRANSFORMATION(#99)
SHAPE_REPRESENTATION_RELATIONSHIP()
);
#75=(
REPRESENTATION_RELATIONSHIP(' ',' ',#4067,#4059)
REPRESENTATION_RELATIONSHIP_WITH_TRANSFORMATION(#100)
SHAPE_REPRESENTATION_RELATIONSHIP()
);
#76=(
REPRESENTATION_RELATIONSHIP(' ',' ',#4068,#4059)
REPRESENTATION_RELATIONSHIP_WITH_TRANSFORMATION(#101)
SHAPE_REPRESENTATION_RELATIONSHIP()
);
#77=(
REPRESENTATION_RELATIONSHIP(' ',' ',#4069,#4059)
REPRESENTATION_RELATIONSHIP_WITH_TRANSFORMATION(#102)
SHAPE_REPRESENTATION_RELATIONSHIP()
);
#78=(
REPRESENTATION_RELATIONSHIP(' ',' ',#4070,#4059)
REPRESENTATION_RELATIONSHIP_WITH_TRANSFORMATION(#103)
SHAPE_REPRESENTATION_RELATIONSHIP()
);
#79=(
REPRESENTATION_RELATIONSHIP(' ',' ',#4071,#4059)
REPRESENTATION_RELATIONSHIP_WITH_TRANSFORMATION(#104)
SHAPE_REPRESENTATION_RELATIONSHIP()
);
#80=(
REPRESENTATION_RELATIONSHIP(' ',' ',#4072,#4059)
REPRESENTATION_RELATIONSHIP_WITH_TRANSFORMATION(#105)
SHAPE_REPRESENTATION_RELATIONSHIP()
);
#81=(
REPRESENTATION_RELATIONSHIP(' ',' ',#4073,#4059)
REPRESENTATION_RELATIONSHIP_WITH_TRANSFORMATION(#106)
SHAPE_REPRESENTATION_RELATIONSHIP()
);
#82=(
REPRESENTATION_RELATIONSHIP(' ',' ',#4074,#4059)
REPRESENTATION_RELATIONSHIP_WITH_TRANSFORMATION(#107)
SHAPE_REPRESENTATION_RELATIONSHIP()
);
#83=(
REPRESENTATION_RELATIONSHIP(' ',' ',#4075,#4059)
REPRESENTATION_RELATIONSHIP_WITH_TRANSFORMATION(#108)
SHAPE_REPRESENTATION_RELATIONSHIP()
);
#84=(
REPRESENTATION_RELATIONSHIP(' ',' ',#4076,#4059)
REPRESENTATION_RELATIONSHIP_WITH_TRANSFORMATION(#109)
SHAPE_REPRESENTATION_RELATIONSHIP()
);
#85=(
REPRESENTATION_RELATIONSHIP(' ',' ',#4077,#4059)
REPRESENTATION_RELATIONSHIP_WITH_TRANSFORMATION(#110)
SHAPE_REPRESENTATION_RELATIONSHIP()
);
#86=(
REPRESENTATION_RELATIONSHIP(' ',' ',#4078,#4059)
REPRESENTATION_RELATIONSHIP_WITH_TRANSFORMATION(#111)
SHAPE_REPRESENTATION_RELATIONSHIP()
);
#87=(
REPRESENTATION_RELATIONSHIP(' ',' ',#4079,#4059)
REPRESENTATION_RELATIONSHIP_WITH_TRANSFORMATION(#112)
SHAPE_REPRESENTATION_RELATIONSHIP()
);
#88=(
REPRESENTATION_RELATIONSHIP(' ',' ',#4080,#4059)
REPRESENTATION_RELATIONSHIP_WITH_TRANSFORMATION(#113)
SHAPE_REPRESENTATION_RELATIONSHIP()
);
#89=(
REPRESENTATION_RELATIONSHIP(' ',' ',#4081,#4059)
REPRESENTATION_RELATIONSHIP_WITH_TRANSFORMATION(#114)
SHAPE_REPRESENTATION_RELATIONSHIP()
);
#90=(
REPRESENTATION_RELATIONSHIP(' ',' ',#4082,#4059)
REPRESENTATION_RELATIONSHIP_WITH_TRANSFORMATION(#115)
SHAPE_REPRESENTATION_RELATIONSHIP()
);
#91=(
REPRESENTATION_RELATIONSHIP(' ',' ',#4083,#4059)
REPRESENTATION_RELATIONSHIP_WITH_TRANSFORMATION(#116)
SHAPE_REPRESENTATION_RELATIONSHIP()
);
#92=(
REPRESENTATION_RELATIONSHIP(' ',' ',#4084,#4059)
REPRESENTATION_RELATIONSHIP_WITH_TRANSFORMATION(#117)
SHAPE_REPRESENTATION_RELATIONSHIP()
);
#93=ITEM_DEFINED_TRANSFORMATION(' ',' ',#4085,#4100);
#94=ITEM_DEFINED_TRANSFORMATION(' ',' ',#4085,#4167);
#95=ITEM_DEFINED_TRANSFORMATION(' ',' ',#4085,#4197);
#96=ITEM_DEFINED_TRANSFORMATION(' ',' ',#4085,#4215);
#97=ITEM_DEFINED_TRANSFORMATION(' ',' ',#4085,#4233);
#98=ITEM_DEFINED_TRANSFORMATION(' ',' ',#4085,#4248);
#99=ITEM_DEFINED_TRANSFORMATION(' ',' ',#4085,#4254);
#100=ITEM_DEFINED_TRANSFORMATION(' ',' ',#4085,#4269);
#101=ITEM_DEFINED_TRANSFORMATION(' ',' ',#4085,#4275);
#102=ITEM_DEFINED_TRANSFORMATION(' ',' ',#4085,#4305);
#103=ITEM_DEFINED_TRANSFORMATION(' ',' ',#4085,#4320);
#104=ITEM_DEFINED_TRANSFORMATION(' ',' ',#4085,#4337);
#105=ITEM_DEFINED_TRANSFORMATION(' ',' ',#4085,#4343);
#106=ITEM_DEFINED_TRANSFORMATION(' ',' ',#4085,#4373);
#107=ITEM_DEFINED_TRANSFORMATION(' ',' ',#4085,#4388);
#108=ITEM_DEFINED_TRANSFORMATION(' ',' ',#4085,#4406);
#109=ITEM_DEFINED_TRANSFORMATION(' ',' ',#4085,#4424);
#110=ITEM_DEFINED_TRANSFORMATION(' ',' ',#4085,#4439);
#111=ITEM_DEFINED_TRANSFORMATION(' ',' ',#4085,#4445);
#112=ITEM_DEFINED_TRANSFORMATION(' ',' ',#4085,#4463);
#113=ITEM_DEFINED_TRANSFORMATION(' ',' ',#4085,#4474);
#114=ITEM_DEFINED_TRANSFORMATION(' ',' ',#4085,#4504);
#115=ITEM_DEFINED_TRANSFORMATION(' ',' ',#4085,#4510);
#116=ITEM_DEFINED_TRANSFORMATION(' ',' ',#4085,#4527);
#117=ITEM_DEFINED_TRANSFORMATION(' ',' ',#4085,#4537);
#118=SHAPE_REPRESENTATION_RELATIONSHIP('','',#4060,#143);
#119=SHAPE_REPRESENTATION_RELATIONSHIP('','',#4061,#144);
#120=SHAPE_REPRESENTATION_RELATIONSHIP('','',#4062,#145);
#121=SHAPE_REPRESENTATION_RELATIONSHIP('','',#4063,#146);
#122=SHAPE_REPRESENTATION_RELATIONSHIP('','',#4064,#147);
#123=SHAPE_REPRESENTATION_RELATIONSHIP('','',#4065,#148);
#124=SHAPE_REPRESENTATION_RELATIONSHIP('','',#4066,#149);
#125=SHAPE_REPRESENTATION_RELATIONSHIP('','',#4067,#150);
#126=SHAPE_REPRESENTATION_RELATIONSHIP('','',#4068,#151);
#127=SHAPE_REPRESENTATION_RELATIONSHIP('','',#4069,#152);
#128=SHAPE_REPRESENTATION_RELATIONSHIP('','',#4070,#153);
#129=SHAPE_REPRESENTATION_RELATIONSHIP('','',#4071,#154);
#130=SHAPE_REPRESENTATION_RELATIONSHIP('','',#4072,#155);
#131=SHAPE_REPRESENTATION_RELATIONSHIP('','',#4073,#156);
#132=SHAPE_REPRESENTATION_RELATIONSHIP('','',#4074,#157);
#133=SHAPE_REPRESENTATION_RELATIONSHIP('','',#4075,#158);
#134=SHAPE_REPRESENTATION_RELATIONSHIP('','',#4076,#159);
#135=SHAPE_REPRESENTATION_RELATIONSHIP('','',#4077,#160);
#136=SHAPE_REPRESENTATION_RELATIONSHIP('','',#4078,#161);
#137=SHAPE_REPRESENTATION_RELATIONSHIP('','',#4079,#162);
#138=SHAPE_REPRESENTATION_RELATIONSHIP('','',#4080,#163);
#139=SHAPE_REPRESENTATION_RELATIONSHIP('','',#4081,#164);
#140=SHAPE_REPRESENTATION_RELATIONSHIP('','',#4082,#165);
#141=SHAPE_REPRESENTATION_RELATIONSHIP('','',#4083,#166);
#142=SHAPE_REPRESENTATION_RELATIONSHIP('','',#4084,#167);
#143=ADVANCED_BREP_SHAPE_REPRESENTATION('',(#4008),#6867);
#144=ADVANCED_BREP_SHAPE_REPRESENTATION('',(#4009),#6868);
#145=ADVANCED_BREP_SHAPE_REPRESENTATION('',(#4010),#6869);
#146=ADVANCED_BREP_SHAPE_REPRESENTATION('',(#4011),#6870);
#147=ADVANCED_BREP_SHAPE_REPRESENTATION('',(#4012),#6871);
#148=ADVANCED_BREP_SHAPE_REPRESENTATION('',(#4013),#6872);
#149=ADVANCED_BREP_SHAPE_REPRESENTATION('',(#4014),#6873);
#150=ADVANCED_BREP_SHAPE_REPRESENTATION('',(#4015),#6874);
#151=ADVANCED_BREP_SHAPE_REPRESENTATION('',(#4016),#6875);
#152=ADVANCED_BREP_SHAPE_REPRESENTATION('',(#4017),#6876);
#153=ADVANCED_BREP_SHAPE_REPRESENTATION('',(#4018),#6877);
#154=ADVANCED_BREP_SHAPE_REPRESENTATION('',(#4019),#6878);
#155=ADVANCED_BREP_SHAPE_REPRESENTATION('',(#4020),#6879);
#156=ADVANCED_BREP_SHAPE_REPRESENTATION('',(#4021),#6880);
#157=ADVANCED_BREP_SHAPE_REPRESENTATION('',(#4022),#6881);
#158=ADVANCED_BREP_SHAPE_REPRESENTATION('',(#4023),#6882);
#159=ADVANCED_BREP_SHAPE_REPRESENTATION('',(#4024),#6883);
#160=ADVANCED_BREP_SHAPE_REPRESENTATION('',(#4025),#6884);
#161=ADVANCED_BREP_SHAPE_REPRESENTATION('',(#4026),#6885);
#162=ADVANCED_BREP_SHAPE_REPRESENTATION('',(#4027),#6886);
#163=ADVANCED_BREP_SHAPE_REPRESENTATION('',(#4028),#6887);
#164=ADVANCED_BREP_SHAPE_REPRESENTATION('',(#4029),#6888);
#165=ADVANCED_BREP_SHAPE_REPRESENTATION('',(#4030),#6889);
#166=ADVANCED_BREP_SHAPE_REPRESENTATION('',(#4031),#6890);
#167=ADVANCED_BREP_SHAPE_REPRESENTATION('',(#4032),#6891);
#168=PLANE('',#4092);
#169=PLANE('',#4093);
#170=PLANE('',#4094);
#171=PLANE('',#4098);
#172=PLANE('',#4099);
#173=PLANE('',#4101);
#174=PLANE('',#4104);
#175=PLANE('',#4105);
#176=PLANE('',#4106);
#177=PLANE('',#4107);
#178=PLANE('',#4112);
#179=PLANE('',#4119);
#180=PLANE('',#4122);
#181=PLANE('',#4168);
#182=PLANE('',#4172);
#183=PLANE('',#4176);
#184=PLANE('',#4180);
#185=PLANE('',#4184);
#186=PLANE('',#4191);
#187=PLANE('',#4195);
#188=PLANE('',#4196);
#189=PLANE('',#4198);
#190=PLANE('',#4202);
#191=PLANE('',#4206);
#192=PLANE('',#4213);
#193=PLANE('',#4214);
#194=PLANE('',#4216);
#195=PLANE('',#4220);
#196=PLANE('',#4224);
#197=PLANE('',#4231);
#198=PLANE('',#4232);
#199=PLANE('',#4234);
#200=PLANE('',#4235);
#201=PLANE('',#4239);
#202=PLANE('',#4240);
#203=PLANE('',#4241);
#204=PLANE('',#4245);
#205=PLANE('',#4246);
#206=PLANE('',#4247);
#207=PLANE('',#4252);
#208=PLANE('',#4253);
#209=PLANE('',#4255);
#210=PLANE('',#4259);
#211=PLANE('',#4263);
#212=PLANE('',#4267);
#213=PLANE('',#4268);
#214=PLANE('',#4273);
#215=PLANE('',#4274);
#216=PLANE('',#4276);
#217=PLANE('',#4280);
#218=PLANE('',#4284);
#219=PLANE('',#4288);
#220=PLANE('',#4292);
#221=PLANE('',#4299);
#222=PLANE('',#4303);
#223=PLANE('',#4304);
#224=PLANE('',#4306);
#225=PLANE('',#4307);
#226=PLANE('',#4308);
#227=PLANE('',#4312);
#228=PLANE('',#4313);
#229=PLANE('',#4314);
#230=PLANE('',#4318);
#231=PLANE('',#4319);
#232=PLANE('',#4327);
#233=PLANE('',#4331);
#234=PLANE('',#4335);
#235=PLANE('',#4336);
#236=PLANE('',#4341);
#237=PLANE('',#4342);
#238=PLANE('',#4344);
#239=PLANE('',#4348);
#240=PLANE('',#4352);
#241=PLANE('',#4356);
#242=PLANE('',#4360);
#243=PLANE('',#4367);
#244=PLANE('',#4371);
#245=PLANE('',#4372);
#246=PLANE('',#4374);
#247=PLANE('',#4378);
#248=PLANE('',#4382);
#249=PLANE('',#4386);
#250=PLANE('',#4387);
#251=PLANE('',#4389);
#252=PLANE('',#4393);
#253=PLANE('',#4397);
#254=PLANE('',#4404);
#255=PLANE('',#4405);
#256=PLANE('',#4407);
#257=PLANE('',#4411);
#258=PLANE('',#4415);
#259=PLANE('',#4422);
#260=PLANE('',#4423);
#261=PLANE('',#4431);
#262=PLANE('',#4432);
#263=PLANE('',#4433);
#264=PLANE('',#4437);
#265=PLANE('',#4438);
#266=PLANE('',#4443);
#267=PLANE('',#4444);
#268=PLANE('',#4449);
#269=PLANE('',#4453);
#270=PLANE('',#4457);
#271=PLANE('',#4461);
#272=PLANE('',#4462);
#273=PLANE('',#4467);
#274=PLANE('',#4468);
#275=PLANE('',#4469);
#276=PLANE('',#4470);
#277=PLANE('',#4471);
#278=PLANE('',#4472);
#279=PLANE('',#4473);
#280=PLANE('',#4475);
#281=PLANE('',#4479);
#282=PLANE('',#4483);
#283=PLANE('',#4487);
#284=PLANE('',#4491);
#285=PLANE('',#4498);
#286=PLANE('',#4502);
#287=PLANE('',#4503);
#288=PLANE('',#4508);
#289=PLANE('',#4509);
#290=PLANE('',#4517);
#291=PLANE('',#4521);
#292=PLANE('',#4525);
#293=PLANE('',#4526);
#294=PLANE('',#4534);
#295=PLANE('',#4535);
#296=PLANE('',#4536);
#297=LINE('',#5763,#611);
#298=LINE('',#5767,#612);
#299=LINE('',#5771,#613);
#300=LINE('',#5775,#614);
#301=LINE('',#5777,#615);
#302=LINE('',#5779,#616);
#303=LINE('',#5781,#617);
#304=LINE('',#5783,#618);
#305=LINE('',#5785,#619);
#306=LINE('',#5787,#620);
#307=LINE('',#5789,#621);
#308=LINE('',#5791,#622);
#309=LINE('',#5803,#623);
#310=LINE('',#5806,#624);
#311=LINE('',#5808,#625);
#312=LINE('',#5810,#626);
#313=LINE('',#5812,#627);
#314=LINE('',#5815,#628);
#315=LINE('',#5817,#629);
#316=LINE('',#5819,#630);
#317=LINE('',#5821,#631);
#318=LINE('',#5824,#632);
#319=LINE('',#5826,#633);
#320=LINE('',#5828,#634);
#321=LINE('',#5830,#635);
#322=LINE('',#5833,#636);
#323=LINE('',#5835,#637);
#324=LINE('',#5837,#638);
#325=LINE('',#5839,#639);
#326=LINE('',#5844,#640);
#327=LINE('',#5848,#641);
#328=LINE('',#5852,#642);
#329=LINE('',#5856,#643);
#330=LINE('',#5861,#644);
#331=LINE('',#5865,#645);
#332=LINE('',#5869,#646);
#333=LINE('',#5926,#647);
#334=LINE('',#5929,#648);
#335=LINE('',#5931,#649);
#336=LINE('',#5933,#650);
#337=LINE('',#5939,#651);
#338=LINE('',#5941,#652);
#339=LINE('',#5943,#653);
#340=LINE('',#5945,#654);
#341=LINE('',#5951,#655);
#342=LINE('',#5953,#656);
#343=LINE('',#5955,#657);
#344=LINE('',#5957,#658);
#345=LINE('',#5963,#659);
#346=LINE('',#5965,#660);
#347=LINE('',#5967,#661);
#348=LINE('',#5969,#662);
#349=LINE('',#5975,#663);
#350=LINE('',#5977,#664);
#351=LINE('',#5979,#665);
#352=LINE('',#5981,#666);
#353=LINE('',#5987,#667);
#354=LINE('',#5993,#668);
#355=LINE('',#5995,#669);
#356=LINE('',#5997,#670);
#357=LINE('',#5999,#671);
#358=LINE('',#6007,#672);
#359=LINE('',#6010,#673);
#360=LINE('',#6012,#674);
#361=LINE('',#6014,#675);
#362=LINE('',#6018,#676);
#363=LINE('',#6022,#677);
#364=LINE('',#6024,#678);
#365=LINE('',#6026,#679);
#366=LINE('',#6030,#680);
#367=LINE('',#6034,#681);
#368=LINE('',#6036,#682);
#369=LINE('',#6038,#683);
#370=LINE('',#6042,#684);
#371=LINE('',#6052,#685);
#372=LINE('',#6055,#686);
#373=LINE('',#6057,#687);
#374=LINE('',#6059,#688);
#375=LINE('',#6063,#689);
#376=LINE('',#6067,#690);
#377=LINE('',#6069,#691);
#378=LINE('',#6071,#692);
#379=LINE('',#6075,#693);
#380=LINE('',#6079,#694);
#381=LINE('',#6081,#695);
#382=LINE('',#6083,#696);
#383=LINE('',#6087,#697);
#384=LINE('',#6097,#698);
#385=LINE('',#6100,#699);
#386=LINE('',#6102,#700);
#387=LINE('',#6104,#701);
#388=LINE('',#6106,#702);
#389=LINE('',#6108,#703);
#390=LINE('',#6110,#704);
#391=LINE('',#6116,#705);
#392=LINE('',#6118,#706);
#393=LINE('',#6120,#707);
#394=LINE('',#6122,#708);
#395=LINE('',#6124,#709);
#396=LINE('',#6126,#710);
#397=LINE('',#6128,#711);
#398=LINE('',#6130,#712);
#399=LINE('',#6132,#713);
#400=LINE('',#6134,#714);
#401=LINE('',#6140,#715);
#402=LINE('',#6142,#716);
#403=LINE('',#6143,#717);
#404=LINE('',#6156,#718);
#405=LINE('',#6159,#719);
#406=LINE('',#6161,#720);
#407=LINE('',#6163,#721);
#408=LINE('',#6169,#722);
#409=LINE('',#6171,#723);
#410=LINE('',#6173,#724);
#411=LINE('',#6175,#725);
#412=LINE('',#6181,#726);
#413=LINE('',#6183,#727);
#414=LINE('',#6185,#728);
#415=LINE('',#6187,#729);
#416=LINE('',#6203,#730);
#417=LINE('',#6206,#731);
#418=LINE('',#6208,#732);
#419=LINE('',#6210,#733);
#420=LINE('',#6214,#734);
#421=LINE('',#6218,#735);
#422=LINE('',#6220,#736);
#423=LINE('',#6222,#737);
#424=LINE('',#6226,#738);
#425=LINE('',#6230,#739);
#426=LINE('',#6232,#740);
#427=LINE('',#6234,#741);
#428=LINE('',#6238,#742);
#429=LINE('',#6242,#743);
#430=LINE('',#6244,#744);
#431=LINE('',#6246,#745);
#432=LINE('',#6250,#746);
#433=LINE('',#6254,#747);
#434=LINE('',#6256,#748);
#435=LINE('',#6258,#749);
#436=LINE('',#6262,#750);
#437=LINE('',#6268,#751);
#438=LINE('',#6272,#752);
#439=LINE('',#6274,#753);
#440=LINE('',#6276,#754);
#441=LINE('',#6284,#755);
#442=LINE('',#6287,#756);
#443=LINE('',#6289,#757);
#444=LINE('',#6291,#758);
#445=LINE('',#6293,#759);
#446=LINE('',#6295,#760);
#447=LINE('',#6297,#761);
#448=LINE('',#6299,#762);
#449=LINE('',#6301,#763);
#450=LINE('',#6303,#764);
#451=LINE('',#6309,#765);
#452=LINE('',#6311,#766);
#453=LINE('',#6313,#767);
#454=LINE('',#6315,#768);
#455=LINE('',#6317,#769);
#456=LINE('',#6319,#770);
#457=LINE('',#6321,#771);
#458=LINE('',#6323,#772);
#459=LINE('',#6325,#773);
#460=LINE('',#6327,#774);
#461=LINE('',#6338,#775);
#462=LINE('',#6342,#776);
#463=LINE('',#6348,#777);
#464=LINE('',#6350,#778);
#465=LINE('',#6352,#779);
#466=LINE('',#6354,#780);
#467=LINE('',#6360,#781);
#468=LINE('',#6362,#782);
#469=LINE('',#6364,#783);
#470=LINE('',#6366,#784);
#471=LINE('',#6382,#785);
#472=LINE('',#6385,#786);
#473=LINE('',#6387,#787);
#474=LINE('',#6389,#788);
#475=LINE('',#6393,#789);
#476=LINE('',#6397,#790);
#477=LINE('',#6399,#791);
#478=LINE('',#6401,#792);
#479=LINE('',#6405,#793);
#480=LINE('',#6409,#794);
#481=LINE('',#6411,#795);
#482=LINE('',#6413,#796);
#483=LINE('',#6417,#797);
#484=LINE('',#6421,#798);
#485=LINE('',#6423,#799);
#486=LINE('',#6425,#800);
#487=LINE('',#6429,#801);
#488=LINE('',#6433,#802);
#489=LINE('',#6435,#803);
#490=LINE('',#6437,#804);
#491=LINE('',#6441,#805);
#492=LINE('',#6447,#806);
#493=LINE('',#6451,#807);
#494=LINE('',#6453,#808);
#495=LINE('',#6455,#809);
#496=LINE('',#6463,#810);
#497=LINE('',#6466,#811);
#498=LINE('',#6468,#812);
#499=LINE('',#6470,#813);
#500=LINE('',#6474,#814);
#501=LINE('',#6478,#815);
#502=LINE('',#6480,#816);
#503=LINE('',#6482,#817);
#504=LINE('',#6486,#818);
#505=LINE('',#6490,#819);
#506=LINE('',#6492,#820);
#507=LINE('',#6494,#821);
#508=LINE('',#6502,#822);
#509=LINE('',#6505,#823);
#510=LINE('',#6507,#824);
#511=LINE('',#6509,#825);
#512=LINE('',#6515,#826);
#513=LINE('',#6517,#827);
#514=LINE('',#6519,#828);
#515=LINE('',#6521,#829);
#516=LINE('',#6527,#830);
#517=LINE('',#6529,#831);
#518=LINE('',#6531,#832);
#519=LINE('',#6533,#833);
#520=LINE('',#6539,#834);
#521=LINE('',#6547,#835);
#522=LINE('',#6550,#836);
#523=LINE('',#6552,#837);
#524=LINE('',#6554,#838);
#525=LINE('',#6560,#839);
#526=LINE('',#6562,#840);
#527=LINE('',#6564,#841);
#528=LINE('',#6566,#842);
#529=LINE('',#6572,#843);
#530=LINE('',#6574,#844);
#531=LINE('',#6576,#845);
#532=LINE('',#6578,#846);
#533=LINE('',#6584,#847);
#534=LINE('',#6595,#848);
#535=LINE('',#6599,#849);
#536=LINE('',#6603,#850);
#537=LINE('',#6607,#851);
#538=LINE('',#6609,#852);
#539=LINE('',#6611,#853);
#540=LINE('',#6613,#854);
#541=LINE('',#6615,#855);
#542=LINE('',#6617,#856);
#543=LINE('',#6619,#857);
#544=LINE('',#6621,#858);
#545=LINE('',#6623,#859);
#546=LINE('',#6642,#860);
#547=LINE('',#6646,#861);
#548=LINE('',#6648,#862);
#549=LINE('',#6650,#863);
#550=LINE('',#6652,#864);
#551=LINE('',#6656,#865);
#552=LINE('',#6660,#866);
#553=LINE('',#6662,#867);
#554=LINE('',#6664,#868);
#555=LINE('',#6668,#869);
#556=LINE('',#6672,#870);
#557=LINE('',#6674,#871);
#558=LINE('',#6676,#872);
#559=LINE('',#6689,#873);
#560=LINE('',#6692,#874);
#561=LINE('',#6694,#875);
#562=LINE('',#6696,#876);
#563=LINE('',#6699,#877);
#564=LINE('',#6701,#878);
#565=LINE('',#6703,#879);
#566=LINE('',#6705,#880);
#567=LINE('',#6707,#881);
#568=LINE('',#6709,#882);
#569=LINE('',#6711,#883);
#570=LINE('',#6713,#884);
#571=LINE('',#6717,#885);
#572=LINE('',#6720,#886);
#573=LINE('',#6722,#887);
#574=LINE('',#6724,#888);
#575=LINE('',#6730,#889);
#576=LINE('',#6732,#890);
#577=LINE('',#6734,#891);
#578=LINE('',#6736,#892);
#579=LINE('',#6742,#893);
#580=LINE('',#6744,#894);
#581=LINE('',#6746,#895);
#582=LINE('',#6748,#896);
#583=LINE('',#6754,#897);
#584=LINE('',#6756,#898);
#585=LINE('',#6758,#899);
#586=LINE('',#6760,#900);
#587=LINE('',#6766,#901);
#588=LINE('',#6768,#902);
#589=LINE('',#6770,#903);
#590=LINE('',#6772,#904);
#591=LINE('',#6778,#905);
#592=LINE('',#6784,#906);
#593=LINE('',#6786,#907);
#594=LINE('',#6788,#908);
#595=LINE('',#6790,#909);
#596=LINE('',#6809,#910);
#597=LINE('',#6813,#911);
#598=LINE('',#6817,#912);
#599=LINE('',#6821,#913);
#600=LINE('',#6823,#914);
#601=LINE('',#6825,#915);
#602=LINE('',#6829,#916);
#603=LINE('',#6833,#917);
#604=LINE('',#6835,#918);
#605=LINE('',#6837,#919);
#606=LINE('',#6848,#920);
#607=LINE('',#6852,#921);
#608=LINE('',#6856,#922);
#609=LINE('',#6860,#923);
#610=LINE('',#6861,#924);
#611=VECTOR('',#4544,1.);
#612=VECTOR('',#4547,1.);
#613=VECTOR('',#4552,1.);
#614=VECTOR('',#4557,1.);
#615=VECTOR('',#4558,1.);
#616=VECTOR('',#4559,1.);
#617=VECTOR('',#4562,1.);
#618=VECTOR('',#4563,1.);
#619=VECTOR('',#4564,1.);
#620=VECTOR('',#4567,1.);
#621=VECTOR('',#4568,1.);
#622=VECTOR('',#4569,1.);
#623=VECTOR('',#4588,1.);
#624=VECTOR('',#4589,1.);
#625=VECTOR('',#4590,1.);
#626=VECTOR('',#4591,1.);
#627=VECTOR('',#4594,1.);
#628=VECTOR('',#4595,1.);
#629=VECTOR('',#4596,1.);
#630=VECTOR('',#4597,1.);
#631=VECTOR('',#4600,1.);
#632=VECTOR('',#4601,1.);
#633=VECTOR('',#4602,1.);
#634=VECTOR('',#4603,1.);
#635=VECTOR('',#4606,1.);
#636=VECTOR('',#4607,1.);
#637=VECTOR('',#4608,1.);
#638=VECTOR('',#4609,1.);
#639=VECTOR('',#4612,1.);
#640=VECTOR('',#4615,1.);
#641=VECTOR('',#4618,1.);
#642=VECTOR('',#4621,1.);
#643=VECTOR('',#4626,1.);
#644=VECTOR('',#4629,1.);
#645=VECTOR('',#4632,1.);
#646=VECTOR('',#4635,1.);
#647=VECTOR('',#4742,1.);
#648=VECTOR('',#4743,1.);
#649=VECTOR('',#4744,1.);
#650=VECTOR('',#4745,1.);
#651=VECTOR('',#4752,1.);
#652=VECTOR('',#4755,1.);
#653=VECTOR('',#4756,1.);
#654=VECTOR('',#4757,1.);
#655=VECTOR('',#4764,1.);
#656=VECTOR('',#4767,1.);
#657=VECTOR('',#4768,1.);
#658=VECTOR('',#4769,1.);
#659=VECTOR('',#4776,1.);
#660=VECTOR('',#4779,1.);
#661=VECTOR('',#4780,1.);
#662=VECTOR('',#4781,1.);
#663=VECTOR('',#4788,1.);
#664=VECTOR('',#4791,1.);
#665=VECTOR('',#4792,1.);
#666=VECTOR('',#4793,1.);
#667=VECTOR('',#4800,1.);
#668=VECTOR('',#4807,1.);
#669=VECTOR('',#4810,1.);
#670=VECTOR('',#4811,1.);
#671=VECTOR('',#4812,1.);
#672=VECTOR('',#4827,1.);
#673=VECTOR('',#4828,1.);
#674=VECTOR('',#4829,1.);
#675=VECTOR('',#4830,1.);
#676=VECTOR('',#4835,1.);
#677=VECTOR('',#4840,1.);
#678=VECTOR('',#4841,1.);
#679=VECTOR('',#4842,1.);
#680=VECTOR('',#4847,1.);
#681=VECTOR('',#4852,1.);
#682=VECTOR('',#4853,1.);
#683=VECTOR('',#4854,1.);
#684=VECTOR('',#4859,1.);
#685=VECTOR('',#4876,1.);
#686=VECTOR('',#4877,1.);
#687=VECTOR('',#4878,1.);
#688=VECTOR('',#4879,1.);
#689=VECTOR('',#4884,1.);
#690=VECTOR('',#4889,1.);
#691=VECTOR('',#4890,1.);
#692=VECTOR('',#4891,1.);
#693=VECTOR('',#4896,1.);
#694=VECTOR('',#4901,1.);
#695=VECTOR('',#4902,1.);
#696=VECTOR('',#4903,1.);
#697=VECTOR('',#4908,1.);
#698=VECTOR('',#4925,1.);
#699=VECTOR('',#4926,1.);
#700=VECTOR('',#4927,1.);
#701=VECTOR('',#4928,1.);
#702=VECTOR('',#4931,1.);
#703=VECTOR('',#4932,1.);
#704=VECTOR('',#4933,1.);
#705=VECTOR('',#4940,1.);
#706=VECTOR('',#4943,1.);
#707=VECTOR('',#4944,1.);
#708=VECTOR('',#4945,1.);
#709=VECTOR('',#4948,1.);
#710=VECTOR('',#4949,1.);
#711=VECTOR('',#4950,1.);
#712=VECTOR('',#4953,1.);
#713=VECTOR('',#4954,1.);
#714=VECTOR('',#4955,1.);
#715=VECTOR('',#4962,1.);
#716=VECTOR('',#4965,1.);
#717=VECTOR('',#4966,1.);
#718=VECTOR('',#4987,1.);
#719=VECTOR('',#4988,1.);
#720=VECTOR('',#4989,1.);
#721=VECTOR('',#4990,1.);
#722=VECTOR('',#4997,1.);
#723=VECTOR('',#5000,1.);
#724=VECTOR('',#5001,1.);
#725=VECTOR('',#5002,1.);
#726=VECTOR('',#5009,1.);
#727=VECTOR('',#5012,1.);
#728=VECTOR('',#5013,1.);
#729=VECTOR('',#5014,1.);
#730=VECTOR('',#5041,1.);
#731=VECTOR('',#5042,1.);
#732=VECTOR('',#5043,1.);
#733=VECTOR('',#5044,1.);
#734=VECTOR('',#5049,1.);
#735=VECTOR('',#5054,1.);
#736=VECTOR('',#5055,1.);
#737=VECTOR('',#5056,1.);
#738=VECTOR('',#5061,1.);
#739=VECTOR('',#5066,1.);
#740=VECTOR('',#5067,1.);
#741=VECTOR('',#5068,1.);
#742=VECTOR('',#5073,1.);
#743=VECTOR('',#5078,1.);
#744=VECTOR('',#5079,1.);
#745=VECTOR('',#5080,1.);
#746=VECTOR('',#5085,1.);
#747=VECTOR('',#5090,1.);
#748=VECTOR('',#5091,1.);
#749=VECTOR('',#5092,1.);
#750=VECTOR('',#5097,1.);
#751=VECTOR('',#5104,1.);
#752=VECTOR('',#5109,1.);
#753=VECTOR('',#5110,1.);
#754=VECTOR('',#5111,1.);
#755=VECTOR('',#5126,1.);
#756=VECTOR('',#5127,1.);
#757=VECTOR('',#5128,1.);
#758=VECTOR('',#5129,1.);
#759=VECTOR('',#5132,1.);
#760=VECTOR('',#5133,1.);
#761=VECTOR('',#5134,1.);
#762=VECTOR('',#5137,1.);
#763=VECTOR('',#5138,1.);
#764=VECTOR('',#5139,1.);
#765=VECTOR('',#5146,1.);
#766=VECTOR('',#5149,1.);
#767=VECTOR('',#5150,1.);
#768=VECTOR('',#5151,1.);
#769=VECTOR('',#5154,1.);
#770=VECTOR('',#5155,1.);
#771=VECTOR('',#5156,1.);
#772=VECTOR('',#5159,1.);
#773=VECTOR('',#5160,1.);
#774=VECTOR('',#5161,1.);
#775=VECTOR('',#5178,1.);
#776=VECTOR('',#5181,1.);
#777=VECTOR('',#5188,1.);
#778=VECTOR('',#5191,1.);
#779=VECTOR('',#5192,1.);
#780=VECTOR('',#5193,1.);
#781=VECTOR('',#5200,1.);
#782=VECTOR('',#5203,1.);
#783=VECTOR('',#5204,1.);
#784=VECTOR('',#5205,1.);
#785=VECTOR('',#5232,1.);
#786=VECTOR('',#5233,1.);
#787=VECTOR('',#5234,1.);
#788=VECTOR('',#5235,1.);
#789=VECTOR('',#5240,1.);
#790=VECTOR('',#5245,1.);
#791=VECTOR('',#5246,1.);
#792=VECTOR('',#5247,1.);
#793=VECTOR('',#5252,1.);
#794=VECTOR('',#5257,1.);
#795=VECTOR('',#5258,1.);
#796=VECTOR('',#5259,1.);
#797=VECTOR('',#5264,1.);
#798=VECTOR('',#5269,1.);
#799=VECTOR('',#5270,1.);
#800=VECTOR('',#5271,1.);
#801=VECTOR('',#5276,1.);
#802=VECTOR('',#5281,1.);
#803=VECTOR('',#5282,1.);
#804=VECTOR('',#5283,1.);
#805=VECTOR('',#5288,1.);
#806=VECTOR('',#5295,1.);
#807=VECTOR('',#5300,1.);
#808=VECTOR('',#5301,1.);
#809=VECTOR('',#5302,1.);
#810=VECTOR('',#5317,1.);
#811=VECTOR('',#5318,1.);
#812=VECTOR('',#5319,1.);
#813=VECTOR('',#5320,1.);
#814=VECTOR('',#5325,1.);
#815=VECTOR('',#5330,1.);
#816=VECTOR('',#5331,1.);
#817=VECTOR('',#5332,1.);
#818=VECTOR('',#5337,1.);
#819=VECTOR('',#5342,1.);
#820=VECTOR('',#5343,1.);
#821=VECTOR('',#5344,1.);
#822=VECTOR('',#5359,1.);
#823=VECTOR('',#5360,1.);
#824=VECTOR('',#5361,1.);
#825=VECTOR('',#5362,1.);
#826=VECTOR('',#5369,1.);
#827=VECTOR('',#5372,1.);
#828=VECTOR('',#5373,1.);
#829=VECTOR('',#5374,1.);
#830=VECTOR('',#5381,1.);
#831=VECTOR('',#5384,1.);
#832=VECTOR('',#5385,1.);
#833=VECTOR('',#5386,1.);
#834=VECTOR('',#5393,1.);
#835=VECTOR('',#5408,1.);
#836=VECTOR('',#5409,1.);
#837=VECTOR('',#5410,1.);
#838=VECTOR('',#5411,1.);
#839=VECTOR('',#5418,1.);
#840=VECTOR('',#5421,1.);
#841=VECTOR('',#5422,1.);
#842=VECTOR('',#5423,1.);
#843=VECTOR('',#5430,1.);
#844=VECTOR('',#5433,1.);
#845=VECTOR('',#5434,1.);
#846=VECTOR('',#5435,1.);
#847=VECTOR('',#5442,1.);
#848=VECTOR('',#5459,1.);
#849=VECTOR('',#5462,1.);
#850=VECTOR('',#5467,1.);
#851=VECTOR('',#5472,1.);
#852=VECTOR('',#5473,1.);
#853=VECTOR('',#5474,1.);
#854=VECTOR('',#5477,1.);
#855=VECTOR('',#5478,1.);
#856=VECTOR('',#5479,1.);
#857=VECTOR('',#5482,1.);
#858=VECTOR('',#5483,1.);
#859=VECTOR('',#5484,1.);
#860=VECTOR('',#5513,1.);
#861=VECTOR('',#5516,1.);
#862=VECTOR('',#5519,1.);
#863=VECTOR('',#5520,1.);
#864=VECTOR('',#5521,1.);
#865=VECTOR('',#5526,1.);
#866=VECTOR('',#5531,1.);
#867=VECTOR('',#5532,1.);
#868=VECTOR('',#5533,1.);
#869=VECTOR('',#5538,1.);
#870=VECTOR('',#5543,1.);
#871=VECTOR('',#5544,1.);
#872=VECTOR('',#5545,1.);
#873=VECTOR('',#5566,1.);
#874=VECTOR('',#5567,1.);
#875=VECTOR('',#5568,1.);
#876=VECTOR('',#5569,1.);
#877=VECTOR('',#5574,1.);
#878=VECTOR('',#5575,1.);
#879=VECTOR('',#5576,1.);
#880=VECTOR('',#5579,1.);
#881=VECTOR('',#5580,1.);
#882=VECTOR('',#5583,1.);
#883=VECTOR('',#5584,1.);
#884=VECTOR('',#5587,1.);
#885=VECTOR('',#5594,1.);
#886=VECTOR('',#5595,1.);
#887=VECTOR('',#5596,1.);
#888=VECTOR('',#5597,1.);
#889=VECTOR('',#5604,1.);
#890=VECTOR('',#5607,1.);
#891=VECTOR('',#5608,1.);
#892=VECTOR('',#5609,1.);
#893=VECTOR('',#5616,1.);
#894=VECTOR('',#5619,1.);
#895=VECTOR('',#5620,1.);
#896=VECTOR('',#5621,1.);
#897=VECTOR('',#5628,1.);
#898=VECTOR('',#5631,1.);
#899=VECTOR('',#5632,1.);
#900=VECTOR('',#5633,1.);
#901=VECTOR('',#5640,1.);
#902=VECTOR('',#5643,1.);
#903=VECTOR('',#5644,1.);
#904=VECTOR('',#5645,1.);
#905=VECTOR('',#5652,1.);
#906=VECTOR('',#5659,1.);
#907=VECTOR('',#5662,1.);
#908=VECTOR('',#5663,1.);
#909=VECTOR('',#5664,1.);
#910=VECTOR('',#5693,1.);
#911=VECTOR('',#5696,1.);
#912=VECTOR('',#5701,1.);
#913=VECTOR('',#5706,1.);
#914=VECTOR('',#5707,1.);
#915=VECTOR('',#5708,1.);
#916=VECTOR('',#5713,1.);
#917=VECTOR('',#5718,1.);
#918=VECTOR('',#5719,1.);
#919=VECTOR('',#5720,1.);
#920=VECTOR('',#5737,1.);
#921=VECTOR('',#5740,1.);
#922=VECTOR('',#5745,1.);
#923=VECTOR('',#5750,1.);
#924=VECTOR('',#5751,1.);
#925=ORIENTED_EDGE('',*,*,#1945,.F.);
#926=ORIENTED_EDGE('',*,*,#1946,.F.);
#927=ORIENTED_EDGE('',*,*,#1947,.T.);
#928=ORIENTED_EDGE('',*,*,#1948,.T.);
#929=ORIENTED_EDGE('',*,*,#1949,.F.);
#930=ORIENTED_EDGE('',*,*,#1950,.F.);
#931=ORIENTED_EDGE('',*,*,#1951,.T.);
#932=ORIENTED_EDGE('',*,*,#1946,.T.);
#933=ORIENTED_EDGE('',*,*,#1952,.F.);
#934=ORIENTED_EDGE('',*,*,#1953,.F.);
#935=ORIENTED_EDGE('',*,*,#1954,.T.);
#936=ORIENTED_EDGE('',*,*,#1950,.T.);
#937=ORIENTED_EDGE('',*,*,#1955,.T.);
#938=ORIENTED_EDGE('',*,*,#1956,.F.);
#939=ORIENTED_EDGE('',*,*,#1957,.F.);
#940=ORIENTED_EDGE('',*,*,#1953,.T.);
#941=ORIENTED_EDGE('',*,*,#1958,.T.);
#942=ORIENTED_EDGE('',*,*,#1959,.F.);
#943=ORIENTED_EDGE('',*,*,#1960,.F.);
#944=ORIENTED_EDGE('',*,*,#1956,.T.);
#945=ORIENTED_EDGE('',*,*,#1961,.F.);
#946=ORIENTED_EDGE('',*,*,#1948,.F.);
#947=ORIENTED_EDGE('',*,*,#1962,.T.);
#948=ORIENTED_EDGE('',*,*,#1959,.T.);
#949=ORIENTED_EDGE('',*,*,#1947,.F.);
#950=ORIENTED_EDGE('',*,*,#1951,.F.);
#951=ORIENTED_EDGE('',*,*,#1954,.F.);
#952=ORIENTED_EDGE('',*,*,#1957,.T.);
#953=ORIENTED_EDGE('',*,*,#1960,.T.);
#954=ORIENTED_EDGE('',*,*,#1962,.F.);
#955=ORIENTED_EDGE('',*,*,#1945,.T.);
#956=ORIENTED_EDGE('',*,*,#1961,.T.);
#957=ORIENTED_EDGE('',*,*,#1958,.F.);
#958=ORIENTED_EDGE('',*,*,#1955,.F.);
#959=ORIENTED_EDGE('',*,*,#1952,.T.);
#960=ORIENTED_EDGE('',*,*,#1949,.T.);
#961=ORIENTED_EDGE('',*,*,#1963,.F.);
#962=ORIENTED_EDGE('',*,*,#1964,.F.);
#963=ORIENTED_EDGE('',*,*,#1965,.T.);
#964=ORIENTED_EDGE('',*,*,#1966,.T.);
#965=ORIENTED_EDGE('',*,*,#1967,.T.);
#966=ORIENTED_EDGE('',*,*,#1968,.T.);
#967=ORIENTED_EDGE('',*,*,#1969,.T.);
#968=ORIENTED_EDGE('',*,*,#1970,.T.);
#969=ORIENTED_EDGE('',*,*,#1971,.T.);
#970=ORIENTED_EDGE('',*,*,#1972,.T.);
#971=ORIENTED_EDGE('',*,*,#1973,.T.);
#972=ORIENTED_EDGE('',*,*,#1974,.T.);
#973=ORIENTED_EDGE('',*,*,#1975,.T.);
#974=ORIENTED_EDGE('',*,*,#1976,.T.);
#975=ORIENTED_EDGE('',*,*,#1977,.T.);
#976=ORIENTED_EDGE('',*,*,#1978,.T.);
#977=ORIENTED_EDGE('',*,*,#1979,.T.);
#978=ORIENTED_EDGE('',*,*,#1980,.T.);
#979=ORIENTED_EDGE('',*,*,#1981,.T.);
#980=ORIENTED_EDGE('',*,*,#1982,.T.);
#981=ORIENTED_EDGE('',*,*,#1983,.T.);
#982=ORIENTED_EDGE('',*,*,#1984,.T.);
#983=ORIENTED_EDGE('',*,*,#1985,.T.);
#984=ORIENTED_EDGE('',*,*,#1986,.T.);
#985=ORIENTED_EDGE('',*,*,#1987,.T.);
#986=ORIENTED_EDGE('',*,*,#1988,.T.);
#987=ORIENTED_EDGE('',*,*,#1989,.T.);
#988=ORIENTED_EDGE('',*,*,#1990,.T.);
#989=ORIENTED_EDGE('',*,*,#1991,.T.);
#990=ORIENTED_EDGE('',*,*,#1992,.T.);
#991=ORIENTED_EDGE('',*,*,#1993,.T.);
#992=ORIENTED_EDGE('',*,*,#1994,.T.);
#993=ORIENTED_EDGE('',*,*,#1995,.T.);
#994=ORIENTED_EDGE('',*,*,#1996,.T.);
#995=ORIENTED_EDGE('',*,*,#1997,.F.);
#996=ORIENTED_EDGE('',*,*,#1964,.T.);
#997=ORIENTED_EDGE('',*,*,#1997,.T.);
#998=ORIENTED_EDGE('',*,*,#1998,.F.);
#999=ORIENTED_EDGE('',*,*,#1963,.T.);
#1000=ORIENTED_EDGE('',*,*,#1998,.T.);
#1001=ORIENTED_EDGE('',*,*,#1971,.F.);
#1002=ORIENTED_EDGE('',*,*,#1999,.T.);
#1003=ORIENTED_EDGE('',*,*,#1973,.F.);
#1004=ORIENTED_EDGE('',*,*,#2000,.T.);
#1005=ORIENTED_EDGE('',*,*,#1975,.F.);
#1006=ORIENTED_EDGE('',*,*,#2001,.T.);
#1007=ORIENTED_EDGE('',*,*,#1977,.F.);
#1008=ORIENTED_EDGE('',*,*,#2002,.T.);
#1009=ORIENTED_EDGE('',*,*,#1979,.F.);
#1010=ORIENTED_EDGE('',*,*,#2003,.T.);
#1011=ORIENTED_EDGE('',*,*,#1965,.F.);
#1012=ORIENTED_EDGE('',*,*,#2004,.T.);
#1013=ORIENTED_EDGE('',*,*,#1967,.F.);
#1014=ORIENTED_EDGE('',*,*,#2005,.T.);
#1015=ORIENTED_EDGE('',*,*,#1969,.F.);
#1016=ORIENTED_EDGE('',*,*,#2006,.T.);
#1017=ORIENTED_EDGE('',*,*,#2007,.F.);
#1018=ORIENTED_EDGE('',*,*,#2001,.F.);
#1019=ORIENTED_EDGE('',*,*,#2008,.F.);
#1020=ORIENTED_EDGE('',*,*,#1994,.F.);
#1021=ORIENTED_EDGE('',*,*,#2008,.T.);
#1022=ORIENTED_EDGE('',*,*,#1974,.F.);
#1023=ORIENTED_EDGE('',*,*,#2009,.F.);
#1024=ORIENTED_EDGE('',*,*,#1995,.F.);
#1025=ORIENTED_EDGE('',*,*,#2007,.T.);
#1026=ORIENTED_EDGE('',*,*,#1993,.F.);
#1027=ORIENTED_EDGE('',*,*,#2010,.F.);
#1028=ORIENTED_EDGE('',*,*,#1978,.F.);
#1029=ORIENTED_EDGE('',*,*,#2009,.T.);
#1030=ORIENTED_EDGE('',*,*,#1999,.F.);
#1031=ORIENTED_EDGE('',*,*,#2011,.F.);
#1032=ORIENTED_EDGE('',*,*,#1996,.F.);
#1033=ORIENTED_EDGE('',*,*,#2010,.T.);
#1034=ORIENTED_EDGE('',*,*,#1992,.F.);
#1035=ORIENTED_EDGE('',*,*,#2012,.F.);
#1036=ORIENTED_EDGE('',*,*,#2003,.F.);
#1037=ORIENTED_EDGE('',*,*,#2011,.T.);
#1038=ORIENTED_EDGE('',*,*,#1970,.F.);
#1039=ORIENTED_EDGE('',*,*,#2013,.F.);
#1040=ORIENTED_EDGE('',*,*,#1989,.F.);
#1041=ORIENTED_EDGE('',*,*,#2012,.T.);
#1042=ORIENTED_EDGE('',*,*,#1991,.F.);
#1043=ORIENTED_EDGE('',*,*,#2014,.F.);
#1044=ORIENTED_EDGE('',*,*,#1966,.F.);
#1045=ORIENTED_EDGE('',*,*,#2013,.T.);
#1046=ORIENTED_EDGE('',*,*,#2005,.F.);
#1047=ORIENTED_EDGE('',*,*,#2014,.T.);
#1048=ORIENTED_EDGE('',*,*,#1990,.F.);
#1049=ORIENTED_EDGE('',*,*,#2015,.F.);
#1050=ORIENTED_EDGE('',*,*,#2002,.F.);
#1051=ORIENTED_EDGE('',*,*,#2016,.F.);
#1052=ORIENTED_EDGE('',*,*,#1986,.F.);
#1053=ORIENTED_EDGE('',*,*,#2016,.T.);
#1054=ORIENTED_EDGE('',*,*,#1980,.F.);
#1055=ORIENTED_EDGE('',*,*,#2017,.F.);
#1056=ORIENTED_EDGE('',*,*,#1987,.F.);
#1057=ORIENTED_EDGE('',*,*,#2015,.T.);
#1058=ORIENTED_EDGE('',*,*,#1985,.F.);
#1059=ORIENTED_EDGE('',*,*,#2018,.F.);
#1060=ORIENTED_EDGE('',*,*,#1976,.F.);
#1061=ORIENTED_EDGE('',*,*,#2017,.T.);
#1062=ORIENTED_EDGE('',*,*,#2004,.F.);
#1063=ORIENTED_EDGE('',*,*,#2019,.F.);
#1064=ORIENTED_EDGE('',*,*,#1988,.F.);
#1065=ORIENTED_EDGE('',*,*,#2018,.T.);
#1066=ORIENTED_EDGE('',*,*,#1984,.F.);
#1067=ORIENTED_EDGE('',*,*,#2020,.F.);
#1068=ORIENTED_EDGE('',*,*,#2000,.F.);
#1069=ORIENTED_EDGE('',*,*,#2019,.T.);
#1070=ORIENTED_EDGE('',*,*,#1968,.F.);
#1071=ORIENTED_EDGE('',*,*,#2021,.F.);
#1072=ORIENTED_EDGE('',*,*,#1981,.F.);
#1073=ORIENTED_EDGE('',*,*,#2020,.T.);
#1074=ORIENTED_EDGE('',*,*,#1983,.F.);
#1075=ORIENTED_EDGE('',*,*,#2022,.F.);
#1076=ORIENTED_EDGE('',*,*,#1972,.F.);
#1077=ORIENTED_EDGE('',*,*,#2021,.T.);
#1078=ORIENTED_EDGE('',*,*,#2006,.F.);
#1079=ORIENTED_EDGE('',*,*,#2022,.T.);
#1080=ORIENTED_EDGE('',*,*,#1982,.F.);
#1081=ORIENTED_EDGE('',*,*,#2023,.T.);
#1082=ORIENTED_EDGE('',*,*,#2024,.F.);
#1083=ORIENTED_EDGE('',*,*,#2025,.F.);
#1084=ORIENTED_EDGE('',*,*,#2026,.T.);
#1085=ORIENTED_EDGE('',*,*,#2027,.F.);
#1086=ORIENTED_EDGE('',*,*,#2026,.F.);
#1087=ORIENTED_EDGE('',*,*,#2028,.T.);
#1088=ORIENTED_EDGE('',*,*,#2029,.T.);
#1089=ORIENTED_EDGE('',*,*,#2030,.T.);
#1090=ORIENTED_EDGE('',*,*,#2029,.F.);
#1091=ORIENTED_EDGE('',*,*,#2031,.F.);
#1092=ORIENTED_EDGE('',*,*,#2032,.T.);
#1093=ORIENTED_EDGE('',*,*,#2033,.T.);
#1094=ORIENTED_EDGE('',*,*,#2032,.F.);
#1095=ORIENTED_EDGE('',*,*,#2034,.F.);
#1096=ORIENTED_EDGE('',*,*,#2035,.T.);
#1097=ORIENTED_EDGE('',*,*,#2036,.T.);
#1098=ORIENTED_EDGE('',*,*,#2035,.F.);
#1099=ORIENTED_EDGE('',*,*,#2037,.F.);
#1100=ORIENTED_EDGE('',*,*,#2038,.T.);
#1101=ORIENTED_EDGE('',*,*,#2039,.T.);
#1102=ORIENTED_EDGE('',*,*,#2038,.F.);
#1103=ORIENTED_EDGE('',*,*,#2040,.F.);
#1104=ORIENTED_EDGE('',*,*,#2041,.T.);
#1105=ORIENTED_EDGE('',*,*,#2042,.F.);
#1106=ORIENTED_EDGE('',*,*,#2041,.F.);
#1107=ORIENTED_EDGE('',*,*,#2043,.T.);
#1108=ORIENTED_EDGE('',*,*,#2044,.T.);
#1109=ORIENTED_EDGE('',*,*,#2045,.F.);
#1110=ORIENTED_EDGE('',*,*,#2044,.F.);
#1111=ORIENTED_EDGE('',*,*,#2046,.T.);
#1112=ORIENTED_EDGE('',*,*,#2047,.T.);
#1113=ORIENTED_EDGE('',*,*,#2048,.F.);
#1114=ORIENTED_EDGE('',*,*,#2047,.F.);
#1115=ORIENTED_EDGE('',*,*,#2049,.T.);
#1116=ORIENTED_EDGE('',*,*,#2050,.T.);
#1117=ORIENTED_EDGE('',*,*,#2051,.F.);
#1118=ORIENTED_EDGE('',*,*,#2050,.F.);
#1119=ORIENTED_EDGE('',*,*,#2052,.T.);
#1120=ORIENTED_EDGE('',*,*,#2053,.T.);
#1121=ORIENTED_EDGE('',*,*,#2054,.F.);
#1122=ORIENTED_EDGE('',*,*,#2053,.F.);
#1123=ORIENTED_EDGE('',*,*,#2055,.T.);
#1124=ORIENTED_EDGE('',*,*,#2056,.T.);
#1125=ORIENTED_EDGE('',*,*,#2057,.T.);
#1126=ORIENTED_EDGE('',*,*,#2056,.F.);
#1127=ORIENTED_EDGE('',*,*,#2058,.F.);
#1128=ORIENTED_EDGE('',*,*,#2059,.T.);
#1129=ORIENTED_EDGE('',*,*,#2060,.F.);
#1130=ORIENTED_EDGE('',*,*,#2059,.F.);
#1131=ORIENTED_EDGE('',*,*,#2061,.T.);
#1132=ORIENTED_EDGE('',*,*,#2024,.T.);
#1133=ORIENTED_EDGE('',*,*,#2025,.T.);
#1134=ORIENTED_EDGE('',*,*,#2061,.F.);
#1135=ORIENTED_EDGE('',*,*,#2058,.T.);
#1136=ORIENTED_EDGE('',*,*,#2055,.F.);
#1137=ORIENTED_EDGE('',*,*,#2052,.F.);
#1138=ORIENTED_EDGE('',*,*,#2049,.F.);
#1139=ORIENTED_EDGE('',*,*,#2046,.F.);
#1140=ORIENTED_EDGE('',*,*,#2043,.F.);
#1141=ORIENTED_EDGE('',*,*,#2040,.T.);
#1142=ORIENTED_EDGE('',*,*,#2037,.T.);
#1143=ORIENTED_EDGE('',*,*,#2034,.T.);
#1144=ORIENTED_EDGE('',*,*,#2031,.T.);
#1145=ORIENTED_EDGE('',*,*,#2028,.F.);
#1146=ORIENTED_EDGE('',*,*,#2023,.F.);
#1147=ORIENTED_EDGE('',*,*,#2027,.T.);
#1148=ORIENTED_EDGE('',*,*,#2030,.F.);
#1149=ORIENTED_EDGE('',*,*,#2033,.F.);
#1150=ORIENTED_EDGE('',*,*,#2036,.F.);
#1151=ORIENTED_EDGE('',*,*,#2039,.F.);
#1152=ORIENTED_EDGE('',*,*,#2042,.T.);
#1153=ORIENTED_EDGE('',*,*,#2045,.T.);
#1154=ORIENTED_EDGE('',*,*,#2048,.T.);
#1155=ORIENTED_EDGE('',*,*,#2051,.T.);
#1156=ORIENTED_EDGE('',*,*,#2054,.T.);
#1157=ORIENTED_EDGE('',*,*,#2057,.F.);
#1158=ORIENTED_EDGE('',*,*,#2060,.T.);
#1159=ORIENTED_EDGE('',*,*,#2062,.F.);
#1160=ORIENTED_EDGE('',*,*,#2063,.F.);
#1161=ORIENTED_EDGE('',*,*,#2064,.T.);
#1162=ORIENTED_EDGE('',*,*,#2065,.T.);
#1163=ORIENTED_EDGE('',*,*,#2066,.T.);
#1164=ORIENTED_EDGE('',*,*,#2067,.F.);
#1165=ORIENTED_EDGE('',*,*,#2068,.F.);
#1166=ORIENTED_EDGE('',*,*,#2063,.T.);
#1167=ORIENTED_EDGE('',*,*,#2069,.F.);
#1168=ORIENTED_EDGE('',*,*,#2070,.F.);
#1169=ORIENTED_EDGE('',*,*,#2071,.T.);
#1170=ORIENTED_EDGE('',*,*,#2067,.T.);
#1171=ORIENTED_EDGE('',*,*,#2072,.T.);
#1172=ORIENTED_EDGE('',*,*,#2073,.F.);
#1173=ORIENTED_EDGE('',*,*,#2074,.F.);
#1174=ORIENTED_EDGE('',*,*,#2070,.T.);
#1175=ORIENTED_EDGE('',*,*,#2075,.F.);
#1176=ORIENTED_EDGE('',*,*,#2076,.F.);
#1177=ORIENTED_EDGE('',*,*,#2077,.T.);
#1178=ORIENTED_EDGE('',*,*,#2073,.T.);
#1179=ORIENTED_EDGE('',*,*,#2078,.T.);
#1180=ORIENTED_EDGE('',*,*,#2079,.F.);
#1181=ORIENTED_EDGE('',*,*,#2080,.F.);
#1182=ORIENTED_EDGE('',*,*,#2076,.T.);
#1183=ORIENTED_EDGE('',*,*,#2081,.T.);
#1184=ORIENTED_EDGE('',*,*,#2065,.F.);
#1185=ORIENTED_EDGE('',*,*,#2082,.F.);
#1186=ORIENTED_EDGE('',*,*,#2079,.T.);
#1187=ORIENTED_EDGE('',*,*,#2064,.F.);
#1188=ORIENTED_EDGE('',*,*,#2068,.T.);
#1189=ORIENTED_EDGE('',*,*,#2071,.F.);
#1190=ORIENTED_EDGE('',*,*,#2074,.T.);
#1191=ORIENTED_EDGE('',*,*,#2077,.F.);
#1192=ORIENTED_EDGE('',*,*,#2080,.T.);
#1193=ORIENTED_EDGE('',*,*,#2082,.T.);
#1194=ORIENTED_EDGE('',*,*,#2062,.T.);
#1195=ORIENTED_EDGE('',*,*,#2081,.F.);
#1196=ORIENTED_EDGE('',*,*,#2078,.F.);
#1197=ORIENTED_EDGE('',*,*,#2075,.T.);
#1198=ORIENTED_EDGE('',*,*,#2072,.F.);
#1199=ORIENTED_EDGE('',*,*,#2069,.T.);
#1200=ORIENTED_EDGE('',*,*,#2066,.F.);
#1201=ORIENTED_EDGE('',*,*,#2083,.F.);
#1202=ORIENTED_EDGE('',*,*,#2084,.F.);
#1203=ORIENTED_EDGE('',*,*,#2085,.T.);
#1204=ORIENTED_EDGE('',*,*,#2086,.T.);
#1205=ORIENTED_EDGE('',*,*,#2087,.T.);
#1206=ORIENTED_EDGE('',*,*,#2088,.F.);
#1207=ORIENTED_EDGE('',*,*,#2089,.F.);
#1208=ORIENTED_EDGE('',*,*,#2084,.T.);
#1209=ORIENTED_EDGE('',*,*,#2090,.F.);
#1210=ORIENTED_EDGE('',*,*,#2091,.F.);
#1211=ORIENTED_EDGE('',*,*,#2092,.T.);
#1212=ORIENTED_EDGE('',*,*,#2088,.T.);
#1213=ORIENTED_EDGE('',*,*,#2093,.T.);
#1214=ORIENTED_EDGE('',*,*,#2094,.F.);
#1215=ORIENTED_EDGE('',*,*,#2095,.F.);
#1216=ORIENTED_EDGE('',*,*,#2091,.T.);
#1217=ORIENTED_EDGE('',*,*,#2096,.F.);
#1218=ORIENTED_EDGE('',*,*,#2097,.F.);
#1219=ORIENTED_EDGE('',*,*,#2098,.T.);
#1220=ORIENTED_EDGE('',*,*,#2094,.T.);
#1221=ORIENTED_EDGE('',*,*,#2099,.T.);
#1222=ORIENTED_EDGE('',*,*,#2100,.F.);
#1223=ORIENTED_EDGE('',*,*,#2101,.F.);
#1224=ORIENTED_EDGE('',*,*,#2097,.T.);
#1225=ORIENTED_EDGE('',*,*,#2102,.T.);
#1226=ORIENTED_EDGE('',*,*,#2086,.F.);
#1227=ORIENTED_EDGE('',*,*,#2103,.F.);
#1228=ORIENTED_EDGE('',*,*,#2100,.T.);
#1229=ORIENTED_EDGE('',*,*,#2085,.F.);
#1230=ORIENTED_EDGE('',*,*,#2089,.T.);
#1231=ORIENTED_EDGE('',*,*,#2092,.F.);
#1232=ORIENTED_EDGE('',*,*,#2095,.T.);
#1233=ORIENTED_EDGE('',*,*,#2098,.F.);
#1234=ORIENTED_EDGE('',*,*,#2101,.T.);
#1235=ORIENTED_EDGE('',*,*,#2103,.T.);
#1236=ORIENTED_EDGE('',*,*,#2083,.T.);
#1237=ORIENTED_EDGE('',*,*,#2102,.F.);
#1238=ORIENTED_EDGE('',*,*,#2099,.F.);
#1239=ORIENTED_EDGE('',*,*,#2096,.T.);
#1240=ORIENTED_EDGE('',*,*,#2093,.F.);
#1241=ORIENTED_EDGE('',*,*,#2090,.T.);
#1242=ORIENTED_EDGE('',*,*,#2087,.F.);
#1243=ORIENTED_EDGE('',*,*,#2104,.T.);
#1244=ORIENTED_EDGE('',*,*,#2105,.F.);
#1245=ORIENTED_EDGE('',*,*,#2106,.F.);
#1246=ORIENTED_EDGE('',*,*,#2107,.T.);
#1247=ORIENTED_EDGE('',*,*,#2108,.F.);
#1248=ORIENTED_EDGE('',*,*,#2107,.F.);
#1249=ORIENTED_EDGE('',*,*,#2109,.T.);
#1250=ORIENTED_EDGE('',*,*,#2110,.T.);
#1251=ORIENTED_EDGE('',*,*,#2111,.T.);
#1252=ORIENTED_EDGE('',*,*,#2110,.F.);
#1253=ORIENTED_EDGE('',*,*,#2112,.F.);
#1254=ORIENTED_EDGE('',*,*,#2113,.T.);
#1255=ORIENTED_EDGE('',*,*,#2114,.F.);
#1256=ORIENTED_EDGE('',*,*,#2113,.F.);
#1257=ORIENTED_EDGE('',*,*,#2115,.T.);
#1258=ORIENTED_EDGE('',*,*,#2116,.T.);
#1259=ORIENTED_EDGE('',*,*,#2117,.T.);
#1260=ORIENTED_EDGE('',*,*,#2116,.F.);
#1261=ORIENTED_EDGE('',*,*,#2118,.F.);
#1262=ORIENTED_EDGE('',*,*,#2119,.T.);
#1263=ORIENTED_EDGE('',*,*,#2120,.T.);
#1264=ORIENTED_EDGE('',*,*,#2119,.F.);
#1265=ORIENTED_EDGE('',*,*,#2121,.F.);
#1266=ORIENTED_EDGE('',*,*,#2122,.T.);
#1267=ORIENTED_EDGE('',*,*,#2123,.F.);
#1268=ORIENTED_EDGE('',*,*,#2122,.F.);
#1269=ORIENTED_EDGE('',*,*,#2124,.T.);
#1270=ORIENTED_EDGE('',*,*,#2125,.T.);
#1271=ORIENTED_EDGE('',*,*,#2126,.T.);
#1272=ORIENTED_EDGE('',*,*,#2125,.F.);
#1273=ORIENTED_EDGE('',*,*,#2127,.F.);
#1274=ORIENTED_EDGE('',*,*,#2105,.T.);
#1275=ORIENTED_EDGE('',*,*,#2106,.T.);
#1276=ORIENTED_EDGE('',*,*,#2127,.T.);
#1277=ORIENTED_EDGE('',*,*,#2124,.F.);
#1278=ORIENTED_EDGE('',*,*,#2121,.T.);
#1279=ORIENTED_EDGE('',*,*,#2118,.T.);
#1280=ORIENTED_EDGE('',*,*,#2115,.F.);
#1281=ORIENTED_EDGE('',*,*,#2112,.T.);
#1282=ORIENTED_EDGE('',*,*,#2109,.F.);
#1283=ORIENTED_EDGE('',*,*,#2104,.F.);
#1284=ORIENTED_EDGE('',*,*,#2108,.T.);
#1285=ORIENTED_EDGE('',*,*,#2111,.F.);
#1286=ORIENTED_EDGE('',*,*,#2114,.T.);
#1287=ORIENTED_EDGE('',*,*,#2117,.F.);
#1288=ORIENTED_EDGE('',*,*,#2120,.F.);
#1289=ORIENTED_EDGE('',*,*,#2123,.T.);
#1290=ORIENTED_EDGE('',*,*,#2126,.F.);
#1291=ORIENTED_EDGE('',*,*,#2128,.T.);
#1292=ORIENTED_EDGE('',*,*,#2129,.F.);
#1293=ORIENTED_EDGE('',*,*,#2128,.F.);
#1294=ORIENTED_EDGE('',*,*,#2129,.T.);
#1295=ORIENTED_EDGE('',*,*,#2130,.F.);
#1296=ORIENTED_EDGE('',*,*,#2131,.F.);
#1297=ORIENTED_EDGE('',*,*,#2132,.T.);
#1298=ORIENTED_EDGE('',*,*,#2133,.T.);
#1299=ORIENTED_EDGE('',*,*,#2134,.F.);
#1300=ORIENTED_EDGE('',*,*,#2133,.F.);
#1301=ORIENTED_EDGE('',*,*,#2135,.T.);
#1302=ORIENTED_EDGE('',*,*,#2136,.T.);
#1303=ORIENTED_EDGE('',*,*,#2137,.F.);
#1304=ORIENTED_EDGE('',*,*,#2136,.F.);
#1305=ORIENTED_EDGE('',*,*,#2138,.T.);
#1306=ORIENTED_EDGE('',*,*,#2139,.T.);
#1307=ORIENTED_EDGE('',*,*,#2140,.F.);
#1308=ORIENTED_EDGE('',*,*,#2139,.F.);
#1309=ORIENTED_EDGE('',*,*,#2141,.T.);
#1310=ORIENTED_EDGE('',*,*,#2142,.T.);
#1311=ORIENTED_EDGE('',*,*,#2143,.T.);
#1312=ORIENTED_EDGE('',*,*,#2142,.F.);
#1313=ORIENTED_EDGE('',*,*,#2144,.F.);
#1314=ORIENTED_EDGE('',*,*,#2145,.T.);
#1315=ORIENTED_EDGE('',*,*,#2146,.F.);
#1316=ORIENTED_EDGE('',*,*,#2145,.F.);
#1317=ORIENTED_EDGE('',*,*,#2147,.T.);
#1318=ORIENTED_EDGE('',*,*,#2131,.T.);
#1319=ORIENTED_EDGE('',*,*,#2132,.F.);
#1320=ORIENTED_EDGE('',*,*,#2147,.F.);
#1321=ORIENTED_EDGE('',*,*,#2144,.T.);
#1322=ORIENTED_EDGE('',*,*,#2141,.F.);
#1323=ORIENTED_EDGE('',*,*,#2138,.F.);
#1324=ORIENTED_EDGE('',*,*,#2135,.F.);
#1325=ORIENTED_EDGE('',*,*,#2130,.T.);
#1326=ORIENTED_EDGE('',*,*,#2134,.T.);
#1327=ORIENTED_EDGE('',*,*,#2137,.T.);
#1328=ORIENTED_EDGE('',*,*,#2140,.T.);
#1329=ORIENTED_EDGE('',*,*,#2143,.F.);
#1330=ORIENTED_EDGE('',*,*,#2146,.T.);
#1331=ORIENTED_EDGE('',*,*,#2148,.F.);
#1332=ORIENTED_EDGE('',*,*,#2149,.T.);
#1333=ORIENTED_EDGE('',*,*,#2148,.T.);
#1334=ORIENTED_EDGE('',*,*,#2149,.F.);
#1335=ORIENTED_EDGE('',*,*,#2150,.F.);
#1336=ORIENTED_EDGE('',*,*,#2151,.F.);
#1337=ORIENTED_EDGE('',*,*,#2152,.T.);
#1338=ORIENTED_EDGE('',*,*,#2153,.T.);
#1339=ORIENTED_EDGE('',*,*,#2154,.T.);
#1340=ORIENTED_EDGE('',*,*,#2155,.F.);
#1341=ORIENTED_EDGE('',*,*,#2156,.F.);
#1342=ORIENTED_EDGE('',*,*,#2151,.T.);
#1343=ORIENTED_EDGE('',*,*,#2157,.F.);
#1344=ORIENTED_EDGE('',*,*,#2158,.F.);
#1345=ORIENTED_EDGE('',*,*,#2159,.T.);
#1346=ORIENTED_EDGE('',*,*,#2155,.T.);
#1347=ORIENTED_EDGE('',*,*,#2160,.F.);
#1348=ORIENTED_EDGE('',*,*,#2161,.F.);
#1349=ORIENTED_EDGE('',*,*,#2162,.T.);
#1350=ORIENTED_EDGE('',*,*,#2158,.T.);
#1351=ORIENTED_EDGE('',*,*,#2163,.F.);
#1352=ORIENTED_EDGE('',*,*,#2164,.F.);
#1353=ORIENTED_EDGE('',*,*,#2165,.T.);
#1354=ORIENTED_EDGE('',*,*,#2161,.T.);
#1355=ORIENTED_EDGE('',*,*,#2166,.F.);
#1356=ORIENTED_EDGE('',*,*,#2167,.F.);
#1357=ORIENTED_EDGE('',*,*,#2168,.T.);
#1358=ORIENTED_EDGE('',*,*,#2164,.T.);
#1359=ORIENTED_EDGE('',*,*,#2169,.T.);
#1360=ORIENTED_EDGE('',*,*,#2170,.F.);
#1361=ORIENTED_EDGE('',*,*,#2171,.F.);
#1362=ORIENTED_EDGE('',*,*,#2167,.T.);
#1363=ORIENTED_EDGE('',*,*,#2172,.T.);
#1364=ORIENTED_EDGE('',*,*,#2173,.F.);
#1365=ORIENTED_EDGE('',*,*,#2174,.F.);
#1366=ORIENTED_EDGE('',*,*,#2170,.T.);
#1367=ORIENTED_EDGE('',*,*,#2175,.T.);
#1368=ORIENTED_EDGE('',*,*,#2176,.F.);
#1369=ORIENTED_EDGE('',*,*,#2177,.F.);
#1370=ORIENTED_EDGE('',*,*,#2173,.T.);
#1371=ORIENTED_EDGE('',*,*,#2178,.T.);
#1372=ORIENTED_EDGE('',*,*,#2179,.F.);
#1373=ORIENTED_EDGE('',*,*,#2180,.F.);
#1374=ORIENTED_EDGE('',*,*,#2176,.T.);
#1375=ORIENTED_EDGE('',*,*,#2181,.T.);
#1376=ORIENTED_EDGE('',*,*,#2182,.F.);
#1377=ORIENTED_EDGE('',*,*,#2183,.F.);
#1378=ORIENTED_EDGE('',*,*,#2179,.T.);
#1379=ORIENTED_EDGE('',*,*,#2184,.F.);
#1380=ORIENTED_EDGE('',*,*,#2185,.F.);
#1381=ORIENTED_EDGE('',*,*,#2186,.T.);
#1382=ORIENTED_EDGE('',*,*,#2182,.T.);
#1383=ORIENTED_EDGE('',*,*,#2187,.T.);
#1384=ORIENTED_EDGE('',*,*,#2153,.F.);
#1385=ORIENTED_EDGE('',*,*,#2188,.F.);
#1386=ORIENTED_EDGE('',*,*,#2185,.T.);
#1387=ORIENTED_EDGE('',*,*,#2152,.F.);
#1388=ORIENTED_EDGE('',*,*,#2156,.T.);
#1389=ORIENTED_EDGE('',*,*,#2159,.F.);
#1390=ORIENTED_EDGE('',*,*,#2162,.F.);
#1391=ORIENTED_EDGE('',*,*,#2165,.F.);
#1392=ORIENTED_EDGE('',*,*,#2168,.F.);
#1393=ORIENTED_EDGE('',*,*,#2171,.T.);
#1394=ORIENTED_EDGE('',*,*,#2174,.T.);
#1395=ORIENTED_EDGE('',*,*,#2177,.T.);
#1396=ORIENTED_EDGE('',*,*,#2180,.T.);
#1397=ORIENTED_EDGE('',*,*,#2183,.T.);
#1398=ORIENTED_EDGE('',*,*,#2186,.F.);
#1399=ORIENTED_EDGE('',*,*,#2188,.T.);
#1400=ORIENTED_EDGE('',*,*,#2150,.T.);
#1401=ORIENTED_EDGE('',*,*,#2187,.F.);
#1402=ORIENTED_EDGE('',*,*,#2184,.T.);
#1403=ORIENTED_EDGE('',*,*,#2181,.F.);
#1404=ORIENTED_EDGE('',*,*,#2178,.F.);
#1405=ORIENTED_EDGE('',*,*,#2175,.F.);
#1406=ORIENTED_EDGE('',*,*,#2172,.F.);
#1407=ORIENTED_EDGE('',*,*,#2169,.F.);
#1408=ORIENTED_EDGE('',*,*,#2166,.T.);
#1409=ORIENTED_EDGE('',*,*,#2163,.T.);
#1410=ORIENTED_EDGE('',*,*,#2160,.T.);
#1411=ORIENTED_EDGE('',*,*,#2157,.T.);
#1412=ORIENTED_EDGE('',*,*,#2154,.F.);
#1413=ORIENTED_EDGE('',*,*,#2189,.T.);
#1414=ORIENTED_EDGE('',*,*,#2190,.F.);
#1415=ORIENTED_EDGE('',*,*,#2191,.F.);
#1416=ORIENTED_EDGE('',*,*,#2192,.T.);
#1417=ORIENTED_EDGE('',*,*,#2193,.T.);
#1418=ORIENTED_EDGE('',*,*,#2192,.F.);
#1419=ORIENTED_EDGE('',*,*,#2194,.F.);
#1420=ORIENTED_EDGE('',*,*,#2195,.T.);
#1421=ORIENTED_EDGE('',*,*,#2196,.F.);
#1422=ORIENTED_EDGE('',*,*,#2195,.F.);
#1423=ORIENTED_EDGE('',*,*,#2197,.T.);
#1424=ORIENTED_EDGE('',*,*,#2198,.T.);
#1425=ORIENTED_EDGE('',*,*,#2199,.T.);
#1426=ORIENTED_EDGE('',*,*,#2198,.F.);
#1427=ORIENTED_EDGE('',*,*,#2200,.F.);
#1428=ORIENTED_EDGE('',*,*,#2201,.T.);
#1429=ORIENTED_EDGE('',*,*,#2202,.F.);
#1430=ORIENTED_EDGE('',*,*,#2201,.F.);
#1431=ORIENTED_EDGE('',*,*,#2203,.T.);
#1432=ORIENTED_EDGE('',*,*,#2204,.T.);
#1433=ORIENTED_EDGE('',*,*,#2205,.F.);
#1434=ORIENTED_EDGE('',*,*,#2204,.F.);
#1435=ORIENTED_EDGE('',*,*,#2206,.T.);
#1436=ORIENTED_EDGE('',*,*,#2207,.T.);
#1437=ORIENTED_EDGE('',*,*,#2208,.T.);
#1438=ORIENTED_EDGE('',*,*,#2207,.F.);
#1439=ORIENTED_EDGE('',*,*,#2209,.F.);
#1440=ORIENTED_EDGE('',*,*,#2210,.T.);
#1441=ORIENTED_EDGE('',*,*,#2211,.F.);
#1442=ORIENTED_EDGE('',*,*,#2210,.F.);
#1443=ORIENTED_EDGE('',*,*,#2212,.T.);
#1444=ORIENTED_EDGE('',*,*,#2190,.T.);
#1445=ORIENTED_EDGE('',*,*,#2191,.T.);
#1446=ORIENTED_EDGE('',*,*,#2212,.F.);
#1447=ORIENTED_EDGE('',*,*,#2209,.T.);
#1448=ORIENTED_EDGE('',*,*,#2206,.F.);
#1449=ORIENTED_EDGE('',*,*,#2203,.F.);
#1450=ORIENTED_EDGE('',*,*,#2200,.T.);
#1451=ORIENTED_EDGE('',*,*,#2197,.F.);
#1452=ORIENTED_EDGE('',*,*,#2194,.T.);
#1453=ORIENTED_EDGE('',*,*,#2189,.F.);
#1454=ORIENTED_EDGE('',*,*,#2193,.F.);
#1455=ORIENTED_EDGE('',*,*,#2196,.T.);
#1456=ORIENTED_EDGE('',*,*,#2199,.F.);
#1457=ORIENTED_EDGE('',*,*,#2202,.T.);
#1458=ORIENTED_EDGE('',*,*,#2205,.T.);
#1459=ORIENTED_EDGE('',*,*,#2208,.F.);
#1460=ORIENTED_EDGE('',*,*,#2211,.T.);
#1461=ORIENTED_EDGE('',*,*,#2213,.F.);
#1462=ORIENTED_EDGE('',*,*,#2214,.F.);
#1463=ORIENTED_EDGE('',*,*,#2215,.T.);
#1464=ORIENTED_EDGE('',*,*,#2216,.T.);
#1465=ORIENTED_EDGE('',*,*,#2217,.T.);
#1466=ORIENTED_EDGE('',*,*,#2216,.F.);
#1467=ORIENTED_EDGE('',*,*,#2218,.F.);
#1468=ORIENTED_EDGE('',*,*,#2219,.T.);
#1469=ORIENTED_EDGE('',*,*,#2220,.T.);
#1470=ORIENTED_EDGE('',*,*,#2219,.F.);
#1471=ORIENTED_EDGE('',*,*,#2221,.F.);
#1472=ORIENTED_EDGE('',*,*,#2222,.T.);
#1473=ORIENTED_EDGE('',*,*,#2223,.F.);
#1474=ORIENTED_EDGE('',*,*,#2222,.F.);
#1475=ORIENTED_EDGE('',*,*,#2224,.T.);
#1476=ORIENTED_EDGE('',*,*,#2225,.T.);
#1477=ORIENTED_EDGE('',*,*,#2226,.F.);
#1478=ORIENTED_EDGE('',*,*,#2225,.F.);
#1479=ORIENTED_EDGE('',*,*,#2227,.T.);
#1480=ORIENTED_EDGE('',*,*,#2228,.T.);
#1481=ORIENTED_EDGE('',*,*,#2229,.T.);
#1482=ORIENTED_EDGE('',*,*,#2228,.F.);
#1483=ORIENTED_EDGE('',*,*,#2230,.F.);
#1484=ORIENTED_EDGE('',*,*,#2214,.T.);
#1485=ORIENTED_EDGE('',*,*,#2215,.F.);
#1486=ORIENTED_EDGE('',*,*,#2230,.T.);
#1487=ORIENTED_EDGE('',*,*,#2227,.F.);
#1488=ORIENTED_EDGE('',*,*,#2224,.F.);
#1489=ORIENTED_EDGE('',*,*,#2221,.T.);
#1490=ORIENTED_EDGE('',*,*,#2218,.T.);
#1491=ORIENTED_EDGE('',*,*,#2213,.T.);
#1492=ORIENTED_EDGE('',*,*,#2217,.F.);
#1493=ORIENTED_EDGE('',*,*,#2220,.F.);
#1494=ORIENTED_EDGE('',*,*,#2223,.T.);
#1495=ORIENTED_EDGE('',*,*,#2226,.T.);
#1496=ORIENTED_EDGE('',*,*,#2229,.F.);
#1497=ORIENTED_EDGE('',*,*,#2231,.T.);
#1498=ORIENTED_EDGE('',*,*,#2232,.F.);
#1499=ORIENTED_EDGE('',*,*,#2231,.F.);
#1500=ORIENTED_EDGE('',*,*,#2232,.T.);
#1501=ORIENTED_EDGE('',*,*,#2233,.F.);
#1502=ORIENTED_EDGE('',*,*,#2234,.F.);
#1503=ORIENTED_EDGE('',*,*,#2235,.T.);
#1504=ORIENTED_EDGE('',*,*,#2236,.T.);
#1505=ORIENTED_EDGE('',*,*,#2237,.T.);
#1506=ORIENTED_EDGE('',*,*,#2238,.F.);
#1507=ORIENTED_EDGE('',*,*,#2239,.F.);
#1508=ORIENTED_EDGE('',*,*,#2234,.T.);
#1509=ORIENTED_EDGE('',*,*,#2240,.F.);
#1510=ORIENTED_EDGE('',*,*,#2241,.F.);
#1511=ORIENTED_EDGE('',*,*,#2242,.T.);
#1512=ORIENTED_EDGE('',*,*,#2238,.T.);
#1513=ORIENTED_EDGE('',*,*,#2243,.F.);
#1514=ORIENTED_EDGE('',*,*,#2244,.F.);
#1515=ORIENTED_EDGE('',*,*,#2245,.T.);
#1516=ORIENTED_EDGE('',*,*,#2241,.T.);
#1517=ORIENTED_EDGE('',*,*,#2246,.F.);
#1518=ORIENTED_EDGE('',*,*,#2247,.F.);
#1519=ORIENTED_EDGE('',*,*,#2248,.T.);
#1520=ORIENTED_EDGE('',*,*,#2244,.T.);
#1521=ORIENTED_EDGE('',*,*,#2249,.F.);
#1522=ORIENTED_EDGE('',*,*,#2250,.F.);
#1523=ORIENTED_EDGE('',*,*,#2251,.T.);
#1524=ORIENTED_EDGE('',*,*,#2247,.T.);
#1525=ORIENTED_EDGE('',*,*,#2252,.T.);
#1526=ORIENTED_EDGE('',*,*,#2253,.F.);
#1527=ORIENTED_EDGE('',*,*,#2254,.F.);
#1528=ORIENTED_EDGE('',*,*,#2250,.T.);
#1529=ORIENTED_EDGE('',*,*,#2255,.T.);
#1530=ORIENTED_EDGE('',*,*,#2256,.F.);
#1531=ORIENTED_EDGE('',*,*,#2257,.F.);
#1532=ORIENTED_EDGE('',*,*,#2253,.T.);
#1533=ORIENTED_EDGE('',*,*,#2258,.T.);
#1534=ORIENTED_EDGE('',*,*,#2259,.F.);
#1535=ORIENTED_EDGE('',*,*,#2260,.F.);
#1536=ORIENTED_EDGE('',*,*,#2256,.T.);
#1537=ORIENTED_EDGE('',*,*,#2261,.T.);
#1538=ORIENTED_EDGE('',*,*,#2262,.F.);
#1539=ORIENTED_EDGE('',*,*,#2263,.F.);
#1540=ORIENTED_EDGE('',*,*,#2259,.T.);
#1541=ORIENTED_EDGE('',*,*,#2264,.T.);
#1542=ORIENTED_EDGE('',*,*,#2265,.F.);
#1543=ORIENTED_EDGE('',*,*,#2266,.F.);
#1544=ORIENTED_EDGE('',*,*,#2262,.T.);
#1545=ORIENTED_EDGE('',*,*,#2267,.F.);
#1546=ORIENTED_EDGE('',*,*,#2268,.F.);
#1547=ORIENTED_EDGE('',*,*,#2269,.T.);
#1548=ORIENTED_EDGE('',*,*,#2265,.T.);
#1549=ORIENTED_EDGE('',*,*,#2270,.T.);
#1550=ORIENTED_EDGE('',*,*,#2236,.F.);
#1551=ORIENTED_EDGE('',*,*,#2271,.F.);
#1552=ORIENTED_EDGE('',*,*,#2268,.T.);
#1553=ORIENTED_EDGE('',*,*,#2235,.F.);
#1554=ORIENTED_EDGE('',*,*,#2239,.T.);
#1555=ORIENTED_EDGE('',*,*,#2242,.F.);
#1556=ORIENTED_EDGE('',*,*,#2245,.F.);
#1557=ORIENTED_EDGE('',*,*,#2248,.F.);
#1558=ORIENTED_EDGE('',*,*,#2251,.F.);
#1559=ORIENTED_EDGE('',*,*,#2254,.T.);
#1560=ORIENTED_EDGE('',*,*,#2257,.T.);
#1561=ORIENTED_EDGE('',*,*,#2260,.T.);
#1562=ORIENTED_EDGE('',*,*,#2263,.T.);
#1563=ORIENTED_EDGE('',*,*,#2266,.T.);
#1564=ORIENTED_EDGE('',*,*,#2269,.F.);
#1565=ORIENTED_EDGE('',*,*,#2271,.T.);
#1566=ORIENTED_EDGE('',*,*,#2233,.T.);
#1567=ORIENTED_EDGE('',*,*,#2270,.F.);
#1568=ORIENTED_EDGE('',*,*,#2267,.T.);
#1569=ORIENTED_EDGE('',*,*,#2264,.F.);
#1570=ORIENTED_EDGE('',*,*,#2261,.F.);
#1571=ORIENTED_EDGE('',*,*,#2258,.F.);
#1572=ORIENTED_EDGE('',*,*,#2255,.F.);
#1573=ORIENTED_EDGE('',*,*,#2252,.F.);
#1574=ORIENTED_EDGE('',*,*,#2249,.T.);
#1575=ORIENTED_EDGE('',*,*,#2246,.T.);
#1576=ORIENTED_EDGE('',*,*,#2243,.T.);
#1577=ORIENTED_EDGE('',*,*,#2240,.T.);
#1578=ORIENTED_EDGE('',*,*,#2237,.F.);
#1579=ORIENTED_EDGE('',*,*,#2272,.T.);
#1580=ORIENTED_EDGE('',*,*,#2273,.F.);
#1581=ORIENTED_EDGE('',*,*,#2274,.F.);
#1582=ORIENTED_EDGE('',*,*,#2275,.T.);
#1583=ORIENTED_EDGE('',*,*,#2276,.T.);
#1584=ORIENTED_EDGE('',*,*,#2277,.F.);
#1585=ORIENTED_EDGE('',*,*,#2278,.F.);
#1586=ORIENTED_EDGE('',*,*,#2273,.T.);
#1587=ORIENTED_EDGE('',*,*,#2279,.T.);
#1588=ORIENTED_EDGE('',*,*,#2280,.F.);
#1589=ORIENTED_EDGE('',*,*,#2281,.F.);
#1590=ORIENTED_EDGE('',*,*,#2277,.T.);
#1591=ORIENTED_EDGE('',*,*,#2282,.T.);
#1592=ORIENTED_EDGE('',*,*,#2283,.F.);
#1593=ORIENTED_EDGE('',*,*,#2284,.F.);
#1594=ORIENTED_EDGE('',*,*,#2280,.T.);
#1595=ORIENTED_EDGE('',*,*,#2285,.F.);
#1596=ORIENTED_EDGE('',*,*,#2286,.F.);
#1597=ORIENTED_EDGE('',*,*,#2287,.T.);
#1598=ORIENTED_EDGE('',*,*,#2283,.T.);
#1599=ORIENTED_EDGE('',*,*,#2288,.T.);
#1600=ORIENTED_EDGE('',*,*,#2275,.F.);
#1601=ORIENTED_EDGE('',*,*,#2289,.F.);
#1602=ORIENTED_EDGE('',*,*,#2286,.T.);
#1603=ORIENTED_EDGE('',*,*,#2274,.T.);
#1604=ORIENTED_EDGE('',*,*,#2278,.T.);
#1605=ORIENTED_EDGE('',*,*,#2281,.T.);
#1606=ORIENTED_EDGE('',*,*,#2284,.T.);
#1607=ORIENTED_EDGE('',*,*,#2287,.F.);
#1608=ORIENTED_EDGE('',*,*,#2289,.T.);
#1609=ORIENTED_EDGE('',*,*,#2272,.F.);
#1610=ORIENTED_EDGE('',*,*,#2288,.F.);
#1611=ORIENTED_EDGE('',*,*,#2285,.T.);
#1612=ORIENTED_EDGE('',*,*,#2282,.F.);
#1613=ORIENTED_EDGE('',*,*,#2279,.F.);
#1614=ORIENTED_EDGE('',*,*,#2276,.F.);
#1615=ORIENTED_EDGE('',*,*,#2290,.T.);
#1616=ORIENTED_EDGE('',*,*,#2291,.F.);
#1617=ORIENTED_EDGE('',*,*,#2292,.F.);
#1618=ORIENTED_EDGE('',*,*,#2293,.T.);
#1619=ORIENTED_EDGE('',*,*,#2294,.F.);
#1620=ORIENTED_EDGE('',*,*,#2293,.F.);
#1621=ORIENTED_EDGE('',*,*,#2295,.T.);
#1622=ORIENTED_EDGE('',*,*,#2296,.T.);
#1623=ORIENTED_EDGE('',*,*,#2297,.T.);
#1624=ORIENTED_EDGE('',*,*,#2296,.F.);
#1625=ORIENTED_EDGE('',*,*,#2298,.F.);
#1626=ORIENTED_EDGE('',*,*,#2299,.T.);
#1627=ORIENTED_EDGE('',*,*,#2300,.F.);
#1628=ORIENTED_EDGE('',*,*,#2299,.F.);
#1629=ORIENTED_EDGE('',*,*,#2301,.T.);
#1630=ORIENTED_EDGE('',*,*,#2302,.T.);
#1631=ORIENTED_EDGE('',*,*,#2303,.T.);
#1632=ORIENTED_EDGE('',*,*,#2302,.F.);
#1633=ORIENTED_EDGE('',*,*,#2304,.F.);
#1634=ORIENTED_EDGE('',*,*,#2305,.T.);
#1635=ORIENTED_EDGE('',*,*,#2306,.F.);
#1636=ORIENTED_EDGE('',*,*,#2305,.F.);
#1637=ORIENTED_EDGE('',*,*,#2307,.T.);
#1638=ORIENTED_EDGE('',*,*,#2308,.T.);
#1639=ORIENTED_EDGE('',*,*,#2309,.F.);
#1640=ORIENTED_EDGE('',*,*,#2308,.F.);
#1641=ORIENTED_EDGE('',*,*,#2310,.T.);
#1642=ORIENTED_EDGE('',*,*,#2291,.T.);
#1643=ORIENTED_EDGE('',*,*,#2292,.T.);
#1644=ORIENTED_EDGE('',*,*,#2310,.F.);
#1645=ORIENTED_EDGE('',*,*,#2307,.F.);
#1646=ORIENTED_EDGE('',*,*,#2304,.T.);
#1647=ORIENTED_EDGE('',*,*,#2301,.F.);
#1648=ORIENTED_EDGE('',*,*,#2298,.T.);
#1649=ORIENTED_EDGE('',*,*,#2295,.F.);
#1650=ORIENTED_EDGE('',*,*,#2290,.F.);
#1651=ORIENTED_EDGE('',*,*,#2294,.T.);
#1652=ORIENTED_EDGE('',*,*,#2297,.F.);
#1653=ORIENTED_EDGE('',*,*,#2300,.T.);
#1654=ORIENTED_EDGE('',*,*,#2303,.F.);
#1655=ORIENTED_EDGE('',*,*,#2306,.T.);
#1656=ORIENTED_EDGE('',*,*,#2309,.T.);
#1657=ORIENTED_EDGE('',*,*,#2311,.T.);
#1658=ORIENTED_EDGE('',*,*,#2312,.F.);
#1659=ORIENTED_EDGE('',*,*,#2313,.F.);
#1660=ORIENTED_EDGE('',*,*,#2314,.T.);
#1661=ORIENTED_EDGE('',*,*,#2315,.F.);
#1662=ORIENTED_EDGE('',*,*,#2314,.F.);
#1663=ORIENTED_EDGE('',*,*,#2316,.T.);
#1664=ORIENTED_EDGE('',*,*,#2317,.T.);
#1665=ORIENTED_EDGE('',*,*,#2318,.T.);
#1666=ORIENTED_EDGE('',*,*,#2317,.F.);
#1667=ORIENTED_EDGE('',*,*,#2319,.F.);
#1668=ORIENTED_EDGE('',*,*,#2320,.T.);
#1669=ORIENTED_EDGE('',*,*,#2321,.F.);
#1670=ORIENTED_EDGE('',*,*,#2320,.F.);
#1671=ORIENTED_EDGE('',*,*,#2322,.T.);
#1672=ORIENTED_EDGE('',*,*,#2323,.T.);
#1673=ORIENTED_EDGE('',*,*,#2324,.T.);
#1674=ORIENTED_EDGE('',*,*,#2323,.F.);
#1675=ORIENTED_EDGE('',*,*,#2325,.F.);
#1676=ORIENTED_EDGE('',*,*,#2326,.T.);
#1677=ORIENTED_EDGE('',*,*,#2327,.F.);
#1678=ORIENTED_EDGE('',*,*,#2326,.F.);
#1679=ORIENTED_EDGE('',*,*,#2328,.T.);
#1680=ORIENTED_EDGE('',*,*,#2329,.T.);
#1681=ORIENTED_EDGE('',*,*,#2330,.F.);
#1682=ORIENTED_EDGE('',*,*,#2329,.F.);
#1683=ORIENTED_EDGE('',*,*,#2331,.T.);
#1684=ORIENTED_EDGE('',*,*,#2312,.T.);
#1685=ORIENTED_EDGE('',*,*,#2313,.T.);
#1686=ORIENTED_EDGE('',*,*,#2331,.F.);
#1687=ORIENTED_EDGE('',*,*,#2328,.F.);
#1688=ORIENTED_EDGE('',*,*,#2325,.T.);
#1689=ORIENTED_EDGE('',*,*,#2322,.F.);
#1690=ORIENTED_EDGE('',*,*,#2319,.T.);
#1691=ORIENTED_EDGE('',*,*,#2316,.F.);
#1692=ORIENTED_EDGE('',*,*,#2311,.F.);
#1693=ORIENTED_EDGE('',*,*,#2315,.T.);
#1694=ORIENTED_EDGE('',*,*,#2318,.F.);
#1695=ORIENTED_EDGE('',*,*,#2321,.T.);
#1696=ORIENTED_EDGE('',*,*,#2324,.F.);
#1697=ORIENTED_EDGE('',*,*,#2327,.T.);
#1698=ORIENTED_EDGE('',*,*,#2330,.T.);
#1699=ORIENTED_EDGE('',*,*,#2332,.F.);
#1700=ORIENTED_EDGE('',*,*,#2333,.F.);
#1701=ORIENTED_EDGE('',*,*,#2334,.T.);
#1702=ORIENTED_EDGE('',*,*,#2335,.T.);
#1703=ORIENTED_EDGE('',*,*,#2336,.F.);
#1704=ORIENTED_EDGE('',*,*,#2337,.F.);
#1705=ORIENTED_EDGE('',*,*,#2338,.T.);
#1706=ORIENTED_EDGE('',*,*,#2333,.T.);
#1707=ORIENTED_EDGE('',*,*,#2339,.F.);
#1708=ORIENTED_EDGE('',*,*,#2340,.F.);
#1709=ORIENTED_EDGE('',*,*,#2341,.T.);
#1710=ORIENTED_EDGE('',*,*,#2337,.T.);
#1711=ORIENTED_EDGE('',*,*,#2342,.T.);
#1712=ORIENTED_EDGE('',*,*,#2343,.F.);
#1713=ORIENTED_EDGE('',*,*,#2344,.F.);
#1714=ORIENTED_EDGE('',*,*,#2340,.T.);
#1715=ORIENTED_EDGE('',*,*,#2345,.T.);
#1716=ORIENTED_EDGE('',*,*,#2346,.F.);
#1717=ORIENTED_EDGE('',*,*,#2347,.F.);
#1718=ORIENTED_EDGE('',*,*,#2343,.T.);
#1719=ORIENTED_EDGE('',*,*,#2348,.F.);
#1720=ORIENTED_EDGE('',*,*,#2335,.F.);
#1721=ORIENTED_EDGE('',*,*,#2349,.T.);
#1722=ORIENTED_EDGE('',*,*,#2346,.T.);
#1723=ORIENTED_EDGE('',*,*,#2334,.F.);
#1724=ORIENTED_EDGE('',*,*,#2338,.F.);
#1725=ORIENTED_EDGE('',*,*,#2341,.F.);
#1726=ORIENTED_EDGE('',*,*,#2344,.T.);
#1727=ORIENTED_EDGE('',*,*,#2347,.T.);
#1728=ORIENTED_EDGE('',*,*,#2349,.F.);
#1729=ORIENTED_EDGE('',*,*,#2332,.T.);
#1730=ORIENTED_EDGE('',*,*,#2348,.T.);
#1731=ORIENTED_EDGE('',*,*,#2345,.F.);
#1732=ORIENTED_EDGE('',*,*,#2342,.F.);
#1733=ORIENTED_EDGE('',*,*,#2339,.T.);
#1734=ORIENTED_EDGE('',*,*,#2336,.T.);
#1735=ORIENTED_EDGE('',*,*,#2350,.T.);
#1736=ORIENTED_EDGE('',*,*,#2351,.F.);
#1737=ORIENTED_EDGE('',*,*,#2350,.F.);
#1738=ORIENTED_EDGE('',*,*,#2351,.T.);
#1739=ORIENTED_EDGE('',*,*,#2352,.F.);
#1740=ORIENTED_EDGE('',*,*,#2353,.F.);
#1741=ORIENTED_EDGE('',*,*,#2354,.T.);
#1742=ORIENTED_EDGE('',*,*,#2355,.T.);
#1743=ORIENTED_EDGE('',*,*,#2356,.F.);
#1744=ORIENTED_EDGE('',*,*,#2357,.F.);
#1745=ORIENTED_EDGE('',*,*,#2358,.T.);
#1746=ORIENTED_EDGE('',*,*,#2353,.T.);
#1747=ORIENTED_EDGE('',*,*,#2359,.T.);
#1748=ORIENTED_EDGE('',*,*,#2360,.F.);
#1749=ORIENTED_EDGE('',*,*,#2361,.F.);
#1750=ORIENTED_EDGE('',*,*,#2357,.T.);
#1751=ORIENTED_EDGE('',*,*,#2362,.T.);
#1752=ORIENTED_EDGE('',*,*,#2363,.F.);
#1753=ORIENTED_EDGE('',*,*,#2364,.F.);
#1754=ORIENTED_EDGE('',*,*,#2360,.T.);
#1755=ORIENTED_EDGE('',*,*,#2365,.F.);
#1756=ORIENTED_EDGE('',*,*,#2366,.F.);
#1757=ORIENTED_EDGE('',*,*,#2367,.T.);
#1758=ORIENTED_EDGE('',*,*,#2363,.T.);
#1759=ORIENTED_EDGE('',*,*,#2368,.F.);
#1760=ORIENTED_EDGE('',*,*,#2369,.F.);
#1761=ORIENTED_EDGE('',*,*,#2370,.T.);
#1762=ORIENTED_EDGE('',*,*,#2366,.T.);
#1763=ORIENTED_EDGE('',*,*,#2371,.T.);
#1764=ORIENTED_EDGE('',*,*,#2355,.F.);
#1765=ORIENTED_EDGE('',*,*,#2372,.F.);
#1766=ORIENTED_EDGE('',*,*,#2369,.T.);
#1767=ORIENTED_EDGE('',*,*,#2354,.F.);
#1768=ORIENTED_EDGE('',*,*,#2358,.F.);
#1769=ORIENTED_EDGE('',*,*,#2361,.T.);
#1770=ORIENTED_EDGE('',*,*,#2364,.T.);
#1771=ORIENTED_EDGE('',*,*,#2367,.F.);
#1772=ORIENTED_EDGE('',*,*,#2370,.F.);
#1773=ORIENTED_EDGE('',*,*,#2372,.T.);
#1774=ORIENTED_EDGE('',*,*,#2352,.T.);
#1775=ORIENTED_EDGE('',*,*,#2371,.F.);
#1776=ORIENTED_EDGE('',*,*,#2368,.T.);
#1777=ORIENTED_EDGE('',*,*,#2365,.T.);
#1778=ORIENTED_EDGE('',*,*,#2362,.F.);
#1779=ORIENTED_EDGE('',*,*,#2359,.F.);
#1780=ORIENTED_EDGE('',*,*,#2356,.T.);
#1781=ORIENTED_EDGE('',*,*,#2373,.F.);
#1782=ORIENTED_EDGE('',*,*,#2374,.T.);
#1783=ORIENTED_EDGE('',*,*,#2375,.F.);
#1784=ORIENTED_EDGE('',*,*,#2376,.F.);
#1785=ORIENTED_EDGE('',*,*,#2377,.T.);
#1786=ORIENTED_EDGE('',*,*,#2378,.T.);
#1787=ORIENTED_EDGE('',*,*,#2373,.T.);
#1788=ORIENTED_EDGE('',*,*,#2374,.F.);
#1789=ORIENTED_EDGE('',*,*,#2379,.T.);
#1790=ORIENTED_EDGE('',*,*,#2375,.T.);
#1791=ORIENTED_EDGE('',*,*,#2380,.F.);
#1792=ORIENTED_EDGE('',*,*,#2381,.T.);
#1793=ORIENTED_EDGE('',*,*,#2378,.F.);
#1794=ORIENTED_EDGE('',*,*,#2382,.F.);
#1795=ORIENTED_EDGE('',*,*,#2383,.F.);
#1796=ORIENTED_EDGE('',*,*,#2380,.T.);
#1797=ORIENTED_EDGE('',*,*,#2377,.F.);
#1798=ORIENTED_EDGE('',*,*,#2384,.F.);
#1799=ORIENTED_EDGE('',*,*,#2385,.F.);
#1800=ORIENTED_EDGE('',*,*,#2382,.T.);
#1801=ORIENTED_EDGE('',*,*,#2384,.T.);
#1802=ORIENTED_EDGE('',*,*,#2376,.T.);
#1803=ORIENTED_EDGE('',*,*,#2379,.F.);
#1804=ORIENTED_EDGE('',*,*,#2386,.T.);
#1805=ORIENTED_EDGE('',*,*,#2381,.F.);
#1806=ORIENTED_EDGE('',*,*,#2383,.T.);
#1807=ORIENTED_EDGE('',*,*,#2385,.T.);
#1808=ORIENTED_EDGE('',*,*,#2386,.F.);
#1809=ORIENTED_EDGE('',*,*,#2387,.T.);
#1810=ORIENTED_EDGE('',*,*,#2388,.F.);
#1811=ORIENTED_EDGE('',*,*,#2389,.F.);
#1812=ORIENTED_EDGE('',*,*,#2390,.T.);
#1813=ORIENTED_EDGE('',*,*,#2391,.F.);
#1814=ORIENTED_EDGE('',*,*,#2390,.F.);
#1815=ORIENTED_EDGE('',*,*,#2392,.T.);
#1816=ORIENTED_EDGE('',*,*,#2393,.T.);
#1817=ORIENTED_EDGE('',*,*,#2394,.T.);
#1818=ORIENTED_EDGE('',*,*,#2393,.F.);
#1819=ORIENTED_EDGE('',*,*,#2395,.F.);
#1820=ORIENTED_EDGE('',*,*,#2396,.T.);
#1821=ORIENTED_EDGE('',*,*,#2397,.T.);
#1822=ORIENTED_EDGE('',*,*,#2396,.F.);
#1823=ORIENTED_EDGE('',*,*,#2398,.F.);
#1824=ORIENTED_EDGE('',*,*,#2399,.T.);
#1825=ORIENTED_EDGE('',*,*,#2400,.T.);
#1826=ORIENTED_EDGE('',*,*,#2399,.F.);
#1827=ORIENTED_EDGE('',*,*,#2401,.F.);
#1828=ORIENTED_EDGE('',*,*,#2402,.T.);
#1829=ORIENTED_EDGE('',*,*,#2403,.T.);
#1830=ORIENTED_EDGE('',*,*,#2402,.F.);
#1831=ORIENTED_EDGE('',*,*,#2404,.F.);
#1832=ORIENTED_EDGE('',*,*,#2405,.T.);
#1833=ORIENTED_EDGE('',*,*,#2406,.F.);
#1834=ORIENTED_EDGE('',*,*,#2405,.F.);
#1835=ORIENTED_EDGE('',*,*,#2407,.T.);
#1836=ORIENTED_EDGE('',*,*,#2408,.T.);
#1837=ORIENTED_EDGE('',*,*,#2409,.F.);
#1838=ORIENTED_EDGE('',*,*,#2408,.F.);
#1839=ORIENTED_EDGE('',*,*,#2410,.T.);
#1840=ORIENTED_EDGE('',*,*,#2411,.T.);
#1841=ORIENTED_EDGE('',*,*,#2412,.F.);
#1842=ORIENTED_EDGE('',*,*,#2411,.F.);
#1843=ORIENTED_EDGE('',*,*,#2413,.T.);
#1844=ORIENTED_EDGE('',*,*,#2414,.T.);
#1845=ORIENTED_EDGE('',*,*,#2415,.F.);
#1846=ORIENTED_EDGE('',*,*,#2414,.F.);
#1847=ORIENTED_EDGE('',*,*,#2416,.T.);
#1848=ORIENTED_EDGE('',*,*,#2417,.T.);
#1849=ORIENTED_EDGE('',*,*,#2418,.F.);
#1850=ORIENTED_EDGE('',*,*,#2417,.F.);
#1851=ORIENTED_EDGE('',*,*,#2419,.T.);
#1852=ORIENTED_EDGE('',*,*,#2420,.T.);
#1853=ORIENTED_EDGE('',*,*,#2421,.T.);
#1854=ORIENTED_EDGE('',*,*,#2420,.F.);
#1855=ORIENTED_EDGE('',*,*,#2422,.F.);
#1856=ORIENTED_EDGE('',*,*,#2423,.T.);
#1857=ORIENTED_EDGE('',*,*,#2424,.F.);
#1858=ORIENTED_EDGE('',*,*,#2423,.F.);
#1859=ORIENTED_EDGE('',*,*,#2425,.T.);
#1860=ORIENTED_EDGE('',*,*,#2388,.T.);
#1861=ORIENTED_EDGE('',*,*,#2389,.T.);
#1862=ORIENTED_EDGE('',*,*,#2425,.F.);
#1863=ORIENTED_EDGE('',*,*,#2422,.T.);
#1864=ORIENTED_EDGE('',*,*,#2419,.F.);
#1865=ORIENTED_EDGE('',*,*,#2416,.F.);
#1866=ORIENTED_EDGE('',*,*,#2413,.F.);
#1867=ORIENTED_EDGE('',*,*,#2410,.F.);
#1868=ORIENTED_EDGE('',*,*,#2407,.F.);
#1869=ORIENTED_EDGE('',*,*,#2404,.T.);
#1870=ORIENTED_EDGE('',*,*,#2401,.T.);
#1871=ORIENTED_EDGE('',*,*,#2398,.T.);
#1872=ORIENTED_EDGE('',*,*,#2395,.T.);
#1873=ORIENTED_EDGE('',*,*,#2392,.F.);
#1874=ORIENTED_EDGE('',*,*,#2387,.F.);
#1875=ORIENTED_EDGE('',*,*,#2391,.T.);
#1876=ORIENTED_EDGE('',*,*,#2394,.F.);
#1877=ORIENTED_EDGE('',*,*,#2397,.F.);
#1878=ORIENTED_EDGE('',*,*,#2400,.F.);
#1879=ORIENTED_EDGE('',*,*,#2403,.F.);
#1880=ORIENTED_EDGE('',*,*,#2406,.T.);
#1881=ORIENTED_EDGE('',*,*,#2409,.T.);
#1882=ORIENTED_EDGE('',*,*,#2412,.T.);
#1883=ORIENTED_EDGE('',*,*,#2415,.T.);
#1884=ORIENTED_EDGE('',*,*,#2418,.T.);
#1885=ORIENTED_EDGE('',*,*,#2421,.F.);
#1886=ORIENTED_EDGE('',*,*,#2424,.T.);
#1887=ORIENTED_EDGE('',*,*,#2426,.F.);
#1888=ORIENTED_EDGE('',*,*,#2427,.T.);
#1889=ORIENTED_EDGE('',*,*,#2426,.T.);
#1890=ORIENTED_EDGE('',*,*,#2427,.F.);
#1891=ORIENTED_EDGE('',*,*,#2428,.T.);
#1892=ORIENTED_EDGE('',*,*,#2429,.F.);
#1893=ORIENTED_EDGE('',*,*,#2430,.F.);
#1894=ORIENTED_EDGE('',*,*,#2431,.T.);
#1895=ORIENTED_EDGE('',*,*,#2432,.F.);
#1896=ORIENTED_EDGE('',*,*,#2433,.F.);
#1897=ORIENTED_EDGE('',*,*,#2434,.T.);
#1898=ORIENTED_EDGE('',*,*,#2429,.T.);
#1899=ORIENTED_EDGE('',*,*,#2435,.F.);
#1900=ORIENTED_EDGE('',*,*,#2436,.F.);
#1901=ORIENTED_EDGE('',*,*,#2437,.T.);
#1902=ORIENTED_EDGE('',*,*,#2433,.T.);
#1903=ORIENTED_EDGE('',*,*,#2438,.T.);
#1904=ORIENTED_EDGE('',*,*,#2439,.F.);
#1905=ORIENTED_EDGE('',*,*,#2440,.F.);
#1906=ORIENTED_EDGE('',*,*,#2436,.T.);
#1907=ORIENTED_EDGE('',*,*,#2441,.T.);
#1908=ORIENTED_EDGE('',*,*,#2442,.F.);
#1909=ORIENTED_EDGE('',*,*,#2443,.F.);
#1910=ORIENTED_EDGE('',*,*,#2439,.T.);
#1911=ORIENTED_EDGE('',*,*,#2444,.F.);
#1912=ORIENTED_EDGE('',*,*,#2431,.F.);
#1913=ORIENTED_EDGE('',*,*,#2445,.T.);
#1914=ORIENTED_EDGE('',*,*,#2442,.T.);
#1915=ORIENTED_EDGE('',*,*,#2430,.T.);
#1916=ORIENTED_EDGE('',*,*,#2434,.F.);
#1917=ORIENTED_EDGE('',*,*,#2437,.F.);
#1918=ORIENTED_EDGE('',*,*,#2440,.T.);
#1919=ORIENTED_EDGE('',*,*,#2443,.T.);
#1920=ORIENTED_EDGE('',*,*,#2445,.F.);
#1921=ORIENTED_EDGE('',*,*,#2428,.F.);
#1922=ORIENTED_EDGE('',*,*,#2444,.T.);
#1923=ORIENTED_EDGE('',*,*,#2441,.F.);
#1924=ORIENTED_EDGE('',*,*,#2438,.F.);
#1925=ORIENTED_EDGE('',*,*,#2435,.T.);
#1926=ORIENTED_EDGE('',*,*,#2432,.T.);
#1927=ORIENTED_EDGE('',*,*,#2446,.F.);
#1928=ORIENTED_EDGE('',*,*,#2447,.F.);
#1929=ORIENTED_EDGE('',*,*,#2448,.T.);
#1930=ORIENTED_EDGE('',*,*,#2449,.T.);
#1931=ORIENTED_EDGE('',*,*,#2450,.T.);
#1932=ORIENTED_EDGE('',*,*,#2451,.F.);
#1933=ORIENTED_EDGE('',*,*,#2452,.F.);
#1934=ORIENTED_EDGE('',*,*,#2447,.T.);
#1935=ORIENTED_EDGE('',*,*,#2453,.T.);
#1936=ORIENTED_EDGE('',*,*,#2449,.F.);
#1937=ORIENTED_EDGE('',*,*,#2454,.F.);
#1938=ORIENTED_EDGE('',*,*,#2451,.T.);
#1939=ORIENTED_EDGE('',*,*,#2448,.F.);
#1940=ORIENTED_EDGE('',*,*,#2452,.T.);
#1941=ORIENTED_EDGE('',*,*,#2454,.T.);
#1942=ORIENTED_EDGE('',*,*,#2446,.T.);
#1943=ORIENTED_EDGE('',*,*,#2453,.F.);
#1944=ORIENTED_EDGE('',*,*,#2450,.F.);
#1945=EDGE_CURVE('',#2455,#2456,#2795,.T.);
#1946=EDGE_CURVE('',#2457,#2455,#297,.T.);
#1947=EDGE_CURVE('',#2457,#2458,#2796,.T.);
#1948=EDGE_CURVE('',#2458,#2456,#298,.T.);
#1949=EDGE_CURVE('',#2459,#2455,#2797,.T.);
#1950=EDGE_CURVE('',#2460,#2459,#299,.T.);
#1951=EDGE_CURVE('',#2460,#2457,#2798,.T.);
#1952=EDGE_CURVE('',#2461,#2459,#300,.T.);
#1953=EDGE_CURVE('',#2462,#2461,#301,.T.);
#1954=EDGE_CURVE('',#2462,#2460,#302,.T.);
#1955=EDGE_CURVE('',#2461,#2463,#303,.T.);
#1956=EDGE_CURVE('',#2464,#2463,#304,.T.);
#1957=EDGE_CURVE('',#2462,#2464,#305,.T.);
#1958=EDGE_CURVE('',#2463,#2465,#306,.T.);
#1959=EDGE_CURVE('',#2466,#2465,#307,.T.);
#1960=EDGE_CURVE('',#2464,#2466,#308,.T.);
#1961=EDGE_CURVE('',#2456,#2465,#2799,.T.);
#1962=EDGE_CURVE('',#2458,#2466,#2800,.T.);
#1963=EDGE_CURVE('',#2467,#2467,#2801,.T.);
#1964=EDGE_CURVE('',#2468,#2468,#2802,.T.);
#1965=EDGE_CURVE('',#2469,#2470,#309,.T.);
#1966=EDGE_CURVE('',#2470,#2471,#310,.F.);
#1967=EDGE_CURVE('',#2471,#2472,#311,.F.);
#1968=EDGE_CURVE('',#2472,#2469,#312,.T.);
#1969=EDGE_CURVE('',#2473,#2474,#313,.T.);
#1970=EDGE_CURVE('',#2474,#2475,#314,.T.);
#1971=EDGE_CURVE('',#2475,#2476,#315,.F.);
#1972=EDGE_CURVE('',#2476,#2473,#316,.F.);
#1973=EDGE_CURVE('',#2477,#2478,#317,.T.);
#1974=EDGE_CURVE('',#2478,#2479,#318,.T.);
#1975=EDGE_CURVE('',#2479,#2480,#319,.F.);
#1976=EDGE_CURVE('',#2480,#2477,#320,.F.);
#1977=EDGE_CURVE('',#2481,#2482,#321,.T.);
#1978=EDGE_CURVE('',#2482,#2483,#322,.F.);
#1979=EDGE_CURVE('',#2483,#2484,#323,.F.);
#1980=EDGE_CURVE('',#2484,#2481,#324,.T.);
#1981=EDGE_CURVE('',#2485,#2486,#325,.F.);
#1982=EDGE_CURVE('',#2486,#2487,#2803,.T.);
#1983=EDGE_CURVE('',#2487,#2488,#326,.T.);
#1984=EDGE_CURVE('',#2488,#2489,#2804,.T.);
#1985=EDGE_CURVE('',#2489,#2490,#327,.T.);
#1986=EDGE_CURVE('',#2490,#2491,#2805,.T.);
#1987=EDGE_CURVE('',#2491,#2492,#328,.F.);
#1988=EDGE_CURVE('',#2492,#2485,#2806,.T.);
#1989=EDGE_CURVE('',#2493,#2494,#329,.F.);
#1990=EDGE_CURVE('',#2494,#2495,#2807,.F.);
#1991=EDGE_CURVE('',#2495,#2496,#330,.T.);
#1992=EDGE_CURVE('',#2496,#2497,#2808,.F.);
#1993=EDGE_CURVE('',#2497,#2498,#331,.T.);
#1994=EDGE_CURVE('',#2498,#2499,#2809,.F.);
#1995=EDGE_CURVE('',#2499,#2500,#332,.F.);
#1996=EDGE_CURVE('',#2500,#2493,#2810,.F.);
#1997=EDGE_CURVE('',#2501,#2501,#2811,.T.);
#1998=EDGE_CURVE('',#2502,#2502,#2812,.T.);
#1999=EDGE_CURVE('',#2475,#2478,#2813,.T.);
#2000=EDGE_CURVE('',#2477,#2476,#2814,.F.);
#2001=EDGE_CURVE('',#2479,#2482,#2815,.T.);
#2002=EDGE_CURVE('',#2481,#2480,#2816,.F.);
#2003=EDGE_CURVE('',#2483,#2470,#2817,.T.);
#2004=EDGE_CURVE('',#2469,#2484,#2818,.F.);
#2005=EDGE_CURVE('',#2471,#2474,#2819,.T.);
#2006=EDGE_CURVE('',#2473,#2472,#2820,.F.);
#2007=EDGE_CURVE('',#2482,#2498,#2821,.T.);
#2008=EDGE_CURVE('',#2499,#2479,#2822,.T.);
#2009=EDGE_CURVE('',#2500,#2478,#2823,.T.);
#2010=EDGE_CURVE('',#2483,#2497,#2824,.T.);
#2011=EDGE_CURVE('',#2493,#2475,#2825,.T.);
#2012=EDGE_CURVE('',#2470,#2496,#2826,.T.);
#2013=EDGE_CURVE('',#2494,#2474,#2827,.T.);
#2014=EDGE_CURVE('',#2471,#2495,#2828,.T.);
#2015=EDGE_CURVE('',#2480,#2490,#2829,.T.);
#2016=EDGE_CURVE('',#2491,#2481,#2830,.T.);
#2017=EDGE_CURVE('',#2492,#2484,#2831,.T.);
#2018=EDGE_CURVE('',#2477,#2489,#2832,.T.);
#2019=EDGE_CURVE('',#2485,#2469,#2833,.T.);
#2020=EDGE_CURVE('',#2476,#2488,#2834,.T.);
#2021=EDGE_CURVE('',#2486,#2472,#2835,.T.);
#2022=EDGE_CURVE('',#2473,#2487,#2836,.T.);
#2023=EDGE_CURVE('',#2503,#2504,#333,.T.);
#2024=EDGE_CURVE('',#2505,#2504,#334,.T.);
#2025=EDGE_CURVE('',#2506,#2505,#335,.T.);
#2026=EDGE_CURVE('',#2506,#2503,#336,.T.);
#2027=EDGE_CURVE('',#2503,#2507,#2837,.T.);
#2028=EDGE_CURVE('',#2506,#2508,#2838,.T.);
#2029=EDGE_CURVE('',#2508,#2507,#337,.T.);
#2030=EDGE_CURVE('',#2509,#2507,#338,.T.);
#2031=EDGE_CURVE('',#2510,#2508,#339,.T.);
#2032=EDGE_CURVE('',#2510,#2509,#340,.T.);
#2033=EDGE_CURVE('',#2511,#2509,#2839,.T.);
#2034=EDGE_CURVE('',#2512,#2510,#2840,.T.);
#2035=EDGE_CURVE('',#2512,#2511,#341,.T.);
#2036=EDGE_CURVE('',#2513,#2511,#342,.T.);
#2037=EDGE_CURVE('',#2514,#2512,#343,.T.);
#2038=EDGE_CURVE('',#2514,#2513,#344,.T.);
#2039=EDGE_CURVE('',#2515,#2513,#2841,.T.);
#2040=EDGE_CURVE('',#2516,#2514,#2842,.T.);
#2041=EDGE_CURVE('',#2516,#2515,#345,.T.);
#2042=EDGE_CURVE('',#2515,#2517,#346,.T.);
#2043=EDGE_CURVE('',#2516,#2518,#347,.T.);
#2044=EDGE_CURVE('',#2518,#2517,#348,.T.);
#2045=EDGE_CURVE('',#2517,#2519,#2843,.T.);
#2046=EDGE_CURVE('',#2518,#2520,#2844,.T.);
#2047=EDGE_CURVE('',#2520,#2519,#349,.T.);
#2048=EDGE_CURVE('',#2519,#2521,#350,.T.);
#2049=EDGE_CURVE('',#2520,#2522,#351,.T.);
#2050=EDGE_CURVE('',#2522,#2521,#352,.T.);
#2051=EDGE_CURVE('',#2521,#2523,#2845,.T.);
#2052=EDGE_CURVE('',#2522,#2524,#2846,.T.);
#2053=EDGE_CURVE('',#2524,#2523,#353,.T.);
#2054=EDGE_CURVE('',#2523,#2525,#2847,.T.);
#2055=EDGE_CURVE('',#2524,#2526,#2848,.T.);
#2056=EDGE_CURVE('',#2526,#2525,#354,.T.);
#2057=EDGE_CURVE('',#2527,#2525,#355,.T.);
#2058=EDGE_CURVE('',#2528,#2526,#356,.T.);
#2059=EDGE_CURVE('',#2528,#2527,#357,.T.);
#2060=EDGE_CURVE('',#2527,#2504,#2849,.T.);
#2061=EDGE_CURVE('',#2528,#2505,#2850,.T.);
#2062=EDGE_CURVE('',#2529,#2530,#358,.T.);
#2063=EDGE_CURVE('',#2531,#2529,#359,.T.);
#2064=EDGE_CURVE('',#2531,#2532,#360,.T.);
#2065=EDGE_CURVE('',#2532,#2530,#361,.T.);
#2066=EDGE_CURVE('',#2529,#2533,#2851,.T.);
#2067=EDGE_CURVE('',#2534,#2533,#362,.T.);
#2068=EDGE_CURVE('',#2531,#2534,#2852,.T.);
#2069=EDGE_CURVE('',#2535,#2533,#363,.T.);
#2070=EDGE_CURVE('',#2536,#2535,#364,.T.);
#2071=EDGE_CURVE('',#2536,#2534,#365,.T.);
#2072=EDGE_CURVE('',#2535,#2537,#2853,.T.);
#2073=EDGE_CURVE('',#2538,#2537,#366,.T.);
#2074=EDGE_CURVE('',#2536,#2538,#2854,.T.);
#2075=EDGE_CURVE('',#2539,#2537,#367,.T.);
#2076=EDGE_CURVE('',#2540,#2539,#368,.T.);
#2077=EDGE_CURVE('',#2540,#2538,#369,.T.);
#2078=EDGE_CURVE('',#2539,#2541,#2855,.T.);
#2079=EDGE_CURVE('',#2542,#2541,#370,.T.);
#2080=EDGE_CURVE('',#2540,#2542,#2856,.T.);
#2081=EDGE_CURVE('',#2541,#2530,#2857,.T.);
#2082=EDGE_CURVE('',#2542,#2532,#2858,.T.);
#2083=EDGE_CURVE('',#2543,#2544,#371,.T.);
#2084=EDGE_CURVE('',#2545,#2543,#372,.T.);
#2085=EDGE_CURVE('',#2545,#2546,#373,.T.);
#2086=EDGE_CURVE('',#2546,#2544,#374,.T.);
#2087=EDGE_CURVE('',#2543,#2547,#2859,.T.);
#2088=EDGE_CURVE('',#2548,#2547,#375,.T.);
#2089=EDGE_CURVE('',#2545,#2548,#2860,.T.);
#2090=EDGE_CURVE('',#2549,#2547,#376,.T.);
#2091=EDGE_CURVE('',#2550,#2549,#377,.T.);
#2092=EDGE_CURVE('',#2550,#2548,#378,.T.);
#2093=EDGE_CURVE('',#2549,#2551,#2861,.T.);
#2094=EDGE_CURVE('',#2552,#2551,#379,.T.);
#2095=EDGE_CURVE('',#2550,#2552,#2862,.T.);
#2096=EDGE_CURVE('',#2553,#2551,#380,.T.);
#2097=EDGE_CURVE('',#2554,#2553,#381,.T.);
#2098=EDGE_CURVE('',#2554,#2552,#382,.T.);
#2099=EDGE_CURVE('',#2553,#2555,#2863,.T.);
#2100=EDGE_CURVE('',#2556,#2555,#383,.T.);
#2101=EDGE_CURVE('',#2554,#2556,#2864,.T.);
#2102=EDGE_CURVE('',#2555,#2544,#2865,.T.);
#2103=EDGE_CURVE('',#2556,#2546,#2866,.T.);
#2104=EDGE_CURVE('',#2557,#2558,#384,.T.);
#2105=EDGE_CURVE('',#2559,#2558,#385,.T.);
#2106=EDGE_CURVE('',#2560,#2559,#386,.T.);
#2107=EDGE_CURVE('',#2560,#2557,#387,.T.);
#2108=EDGE_CURVE('',#2557,#2561,#388,.T.);
#2109=EDGE_CURVE('',#2560,#2562,#389,.T.);
#2110=EDGE_CURVE('',#2562,#2561,#390,.T.);
#2111=EDGE_CURVE('',#2563,#2561,#2867,.T.);
#2112=EDGE_CURVE('',#2564,#2562,#2868,.T.);
#2113=EDGE_CURVE('',#2564,#2563,#391,.T.);
#2114=EDGE_CURVE('',#2563,#2565,#392,.T.);
#2115=EDGE_CURVE('',#2564,#2566,#393,.T.);
#2116=EDGE_CURVE('',#2566,#2565,#394,.T.);
#2117=EDGE_CURVE('',#2567,#2565,#395,.T.);
#2118=EDGE_CURVE('',#2568,#2566,#396,.T.);
#2119=EDGE_CURVE('',#2568,#2567,#397,.T.);
#2120=EDGE_CURVE('',#2569,#2567,#398,.T.);
#2121=EDGE_CURVE('',#2570,#2568,#399,.T.);
#2122=EDGE_CURVE('',#2570,#2569,#400,.T.);
#2123=EDGE_CURVE('',#2569,#2571,#2869,.T.);
#2124=EDGE_CURVE('',#2570,#2572,#2870,.T.);
#2125=EDGE_CURVE('',#2572,#2571,#401,.T.);
#2126=EDGE_CURVE('',#2558,#2571,#402,.T.);
#2127=EDGE_CURVE('',#2559,#2572,#403,.T.);
#2128=EDGE_CURVE('',#2573,#2573,#2871,.T.);
#2129=EDGE_CURVE('',#2574,#2574,#2872,.T.);
#2130=EDGE_CURVE('',#2575,#2576,#404,.T.);
#2131=EDGE_CURVE('',#2577,#2575,#405,.T.);
#2132=EDGE_CURVE('',#2577,#2578,#406,.T.);
#2133=EDGE_CURVE('',#2578,#2576,#407,.T.);
#2134=EDGE_CURVE('',#2576,#2579,#2873,.T.);
#2135=EDGE_CURVE('',#2578,#2580,#2874,.T.);
#2136=EDGE_CURVE('',#2580,#2579,#408,.T.);
#2137=EDGE_CURVE('',#2579,#2581,#409,.T.);
#2138=EDGE_CURVE('',#2580,#2582,#410,.T.);
#2139=EDGE_CURVE('',#2582,#2581,#411,.T.);
#2140=EDGE_CURVE('',#2581,#2583,#2875,.T.);
#2141=EDGE_CURVE('',#2582,#2584,#2876,.T.);
#2142=EDGE_CURVE('',#2584,#2583,#412,.T.);
#2143=EDGE_CURVE('',#2585,#2583,#413,.T.);
#2144=EDGE_CURVE('',#2586,#2584,#414,.T.);
#2145=EDGE_CURVE('',#2586,#2585,#415,.T.);
#2146=EDGE_CURVE('',#2585,#2575,#2877,.T.);
#2147=EDGE_CURVE('',#2586,#2577,#2878,.T.);
#2148=EDGE_CURVE('',#2587,#2587,#2879,.T.);
#2149=EDGE_CURVE('',#2588,#2588,#2880,.T.);
#2150=EDGE_CURVE('',#2589,#2590,#416,.T.);
#2151=EDGE_CURVE('',#2591,#2589,#417,.T.);
#2152=EDGE_CURVE('',#2591,#2592,#418,.T.);
#2153=EDGE_CURVE('',#2592,#2590,#419,.T.);
#2154=EDGE_CURVE('',#2589,#2593,#2881,.T.);
#2155=EDGE_CURVE('',#2594,#2593,#420,.T.);
#2156=EDGE_CURVE('',#2591,#2594,#2882,.T.);
#2157=EDGE_CURVE('',#2595,#2593,#421,.T.);
#2158=EDGE_CURVE('',#2596,#2595,#422,.T.);
#2159=EDGE_CURVE('',#2596,#2594,#423,.T.);
#2160=EDGE_CURVE('',#2597,#2595,#2883,.T.);
#2161=EDGE_CURVE('',#2598,#2597,#424,.T.);
#2162=EDGE_CURVE('',#2598,#2596,#2884,.T.);
#2163=EDGE_CURVE('',#2599,#2597,#425,.T.);
#2164=EDGE_CURVE('',#2600,#2599,#426,.T.);
#2165=EDGE_CURVE('',#2600,#2598,#427,.T.);
#2166=EDGE_CURVE('',#2601,#2599,#2885,.T.);
#2167=EDGE_CURVE('',#2602,#2601,#428,.T.);
#2168=EDGE_CURVE('',#2602,#2600,#2886,.T.);
#2169=EDGE_CURVE('',#2601,#2603,#429,.T.);
#2170=EDGE_CURVE('',#2604,#2603,#430,.T.);
#2171=EDGE_CURVE('',#2602,#2604,#431,.T.);
#2172=EDGE_CURVE('',#2603,#2605,#2887,.T.);
#2173=EDGE_CURVE('',#2606,#2605,#432,.T.);
#2174=EDGE_CURVE('',#2604,#2606,#2888,.T.);
#2175=EDGE_CURVE('',#2605,#2607,#433,.T.);
#2176=EDGE_CURVE('',#2608,#2607,#434,.T.);
#2177=EDGE_CURVE('',#2606,#2608,#435,.T.);
#2178=EDGE_CURVE('',#2607,#2609,#2889,.T.);
#2179=EDGE_CURVE('',#2610,#2609,#436,.T.);
#2180=EDGE_CURVE('',#2608,#2610,#2890,.T.);
#2181=EDGE_CURVE('',#2609,#2611,#2891,.T.);
#2182=EDGE_CURVE('',#2612,#2611,#437,.T.);
#2183=EDGE_CURVE('',#2610,#2612,#2892,.T.);
#2184=EDGE_CURVE('',#2613,#2611,#438,.T.);
#2185=EDGE_CURVE('',#2614,#2613,#439,.T.);
#2186=EDGE_CURVE('',#2614,#2612,#440,.T.);
#2187=EDGE_CURVE('',#2613,#2590,#2893,.T.);
#2188=EDGE_CURVE('',#2614,#2592,#2894,.T.);
#2189=EDGE_CURVE('',#2615,#2616,#441,.T.);
#2190=EDGE_CURVE('',#2617,#2616,#442,.T.);
#2191=EDGE_CURVE('',#2618,#2617,#443,.T.);
#2192=EDGE_CURVE('',#2618,#2615,#444,.T.);
#2193=EDGE_CURVE('',#2619,#2615,#445,.T.);
#2194=EDGE_CURVE('',#2620,#2618,#446,.T.);
#2195=EDGE_CURVE('',#2620,#2619,#447,.T.);
#2196=EDGE_CURVE('',#2619,#2621,#448,.T.);
#2197=EDGE_CURVE('',#2620,#2622,#449,.T.);
#2198=EDGE_CURVE('',#2622,#2621,#450,.T.);
#2199=EDGE_CURVE('',#2623,#2621,#2895,.T.);
#2200=EDGE_CURVE('',#2624,#2622,#2896,.T.);
#2201=EDGE_CURVE('',#2624,#2623,#451,.T.);
#2202=EDGE_CURVE('',#2623,#2625,#452,.T.);
#2203=EDGE_CURVE('',#2624,#2626,#453,.T.);
#2204=EDGE_CURVE('',#2626,#2625,#454,.T.);
#2205=EDGE_CURVE('',#2625,#2627,#455,.T.);
#2206=EDGE_CURVE('',#2626,#2628,#456,.T.);
#2207=EDGE_CURVE('',#2628,#2627,#457,.T.);
#2208=EDGE_CURVE('',#2629,#2627,#458,.T.);
#2209=EDGE_CURVE('',#2630,#2628,#459,.T.);
#2210=EDGE_CURVE('',#2630,#2629,#460,.T.);
#2211=EDGE_CURVE('',#2629,#2616,#2897,.T.);
#2212=EDGE_CURVE('',#2630,#2617,#2898,.T.);
#2213=EDGE_CURVE('',#2631,#2632,#2899,.T.);
#2214=EDGE_CURVE('',#2633,#2631,#461,.T.);
#2215=EDGE_CURVE('',#2633,#2634,#2900,.T.);
#2216=EDGE_CURVE('',#2634,#2632,#462,.T.);
#2217=EDGE_CURVE('',#2635,#2632,#2901,.T.);
#2218=EDGE_CURVE('',#2636,#2634,#2902,.T.);
#2219=EDGE_CURVE('',#2636,#2635,#463,.T.);
#2220=EDGE_CURVE('',#2637,#2635,#464,.T.);
#2221=EDGE_CURVE('',#2638,#2636,#465,.T.);
#2222=EDGE_CURVE('',#2638,#2637,#466,.T.);
#2223=EDGE_CURVE('',#2637,#2639,#2903,.T.);
#2224=EDGE_CURVE('',#2638,#2640,#2904,.T.);
#2225=EDGE_CURVE('',#2640,#2639,#467,.T.);
#2226=EDGE_CURVE('',#2639,#2641,#468,.T.);
#2227=EDGE_CURVE('',#2640,#2642,#469,.T.);
#2228=EDGE_CURVE('',#2642,#2641,#470,.T.);
#2229=EDGE_CURVE('',#2631,#2641,#2905,.T.);
#2230=EDGE_CURVE('',#2633,#2642,#2906,.T.);
#2231=EDGE_CURVE('',#2643,#2643,#2907,.T.);
#2232=EDGE_CURVE('',#2644,#2644,#2908,.T.);
#2233=EDGE_CURVE('',#2645,#2646,#471,.T.);
#2234=EDGE_CURVE('',#2647,#2645,#472,.T.);
#2235=EDGE_CURVE('',#2647,#2648,#473,.T.);
#2236=EDGE_CURVE('',#2648,#2646,#474,.T.);
#2237=EDGE_CURVE('',#2645,#2649,#2909,.T.);
#2238=EDGE_CURVE('',#2650,#2649,#475,.T.);
#2239=EDGE_CURVE('',#2647,#2650,#2910,.T.);
#2240=EDGE_CURVE('',#2651,#2649,#476,.T.);
#2241=EDGE_CURVE('',#2652,#2651,#477,.T.);
#2242=EDGE_CURVE('',#2652,#2650,#478,.T.);
#2243=EDGE_CURVE('',#2653,#2651,#2911,.T.);
#2244=EDGE_CURVE('',#2654,#2653,#479,.T.);
#2245=EDGE_CURVE('',#2654,#2652,#2912,.T.);
#2246=EDGE_CURVE('',#2655,#2653,#480,.T.);
#2247=EDGE_CURVE('',#2656,#2655,#481,.T.);
#2248=EDGE_CURVE('',#2656,#2654,#482,.T.);
#2249=EDGE_CURVE('',#2657,#2655,#2913,.T.);
#2250=EDGE_CURVE('',#2658,#2657,#483,.T.);
#2251=EDGE_CURVE('',#2658,#2656,#2914,.T.);
#2252=EDGE_CURVE('',#2657,#2659,#484,.T.);
#2253=EDGE_CURVE('',#2660,#2659,#485,.T.);
#2254=EDGE_CURVE('',#2658,#2660,#486,.T.);
#2255=EDGE_CURVE('',#2659,#2661,#2915,.T.);
#2256=EDGE_CURVE('',#2662,#2661,#487,.T.);
#2257=EDGE_CURVE('',#2660,#2662,#2916,.T.);
#2258=EDGE_CURVE('',#2661,#2663,#488,.T.);
#2259=EDGE_CURVE('',#2664,#2663,#489,.T.);
#2260=EDGE_CURVE('',#2662,#2664,#490,.T.);
#2261=EDGE_CURVE('',#2663,#2665,#2917,.T.);
#2262=EDGE_CURVE('',#2666,#2665,#491,.T.);
#2263=EDGE_CURVE('',#2664,#2666,#2918,.T.);
#2264=EDGE_CURVE('',#2665,#2667,#2919,.T.);
#2265=EDGE_CURVE('',#2668,#2667,#492,.T.);
#2266=EDGE_CURVE('',#2666,#2668,#2920,.T.);
#2267=EDGE_CURVE('',#2669,#2667,#493,.T.);
#2268=EDGE_CURVE('',#2670,#2669,#494,.T.);
#2269=EDGE_CURVE('',#2670,#2668,#495,.T.);
#2270=EDGE_CURVE('',#2669,#2646,#2921,.T.);
#2271=EDGE_CURVE('',#2670,#2648,#2922,.T.);
#2272=EDGE_CURVE('',#2671,#2672,#496,.T.);
#2273=EDGE_CURVE('',#2673,#2672,#497,.T.);
#2274=EDGE_CURVE('',#2674,#2673,#498,.T.);
#2275=EDGE_CURVE('',#2674,#2671,#499,.T.);
#2276=EDGE_CURVE('',#2672,#2675,#2923,.T.);
#2277=EDGE_CURVE('',#2676,#2675,#500,.T.);
#2278=EDGE_CURVE('',#2673,#2676,#2924,.T.);
#2279=EDGE_CURVE('',#2675,#2677,#501,.T.);
#2280=EDGE_CURVE('',#2678,#2677,#502,.T.);
#2281=EDGE_CURVE('',#2676,#2678,#503,.T.);
#2282=EDGE_CURVE('',#2677,#2679,#2925,.T.);
#2283=EDGE_CURVE('',#2680,#2679,#504,.T.);
#2284=EDGE_CURVE('',#2678,#2680,#2926,.T.);
#2285=EDGE_CURVE('',#2681,#2679,#505,.T.);
#2286=EDGE_CURVE('',#2682,#2681,#506,.T.);
#2287=EDGE_CURVE('',#2682,#2680,#507,.T.);
#2288=EDGE_CURVE('',#2681,#2671,#2927,.T.);
#2289=EDGE_CURVE('',#2682,#2674,#2928,.T.);
#2290=EDGE_CURVE('',#2683,#2684,#508,.T.);
#2291=EDGE_CURVE('',#2685,#2684,#509,.T.);
#2292=EDGE_CURVE('',#2686,#2685,#510,.T.);
#2293=EDGE_CURVE('',#2686,#2683,#511,.T.);
#2294=EDGE_CURVE('',#2683,#2687,#2929,.T.);
#2295=EDGE_CURVE('',#2686,#2688,#2930,.T.);
#2296=EDGE_CURVE('',#2688,#2687,#512,.T.);
#2297=EDGE_CURVE('',#2689,#2687,#513,.T.);
#2298=EDGE_CURVE('',#2690,#2688,#514,.T.);
#2299=EDGE_CURVE('',#2690,#2689,#515,.T.);
#2300=EDGE_CURVE('',#2689,#2691,#2931,.T.);
#2301=EDGE_CURVE('',#2690,#2692,#2932,.T.);
#2302=EDGE_CURVE('',#2692,#2691,#516,.T.);
#2303=EDGE_CURVE('',#2693,#2691,#517,.T.);
#2304=EDGE_CURVE('',#2694,#2692,#518,.T.);
#2305=EDGE_CURVE('',#2694,#2693,#519,.T.);
#2306=EDGE_CURVE('',#2693,#2695,#2933,.T.);
#2307=EDGE_CURVE('',#2694,#2696,#2934,.T.);
#2308=EDGE_CURVE('',#2696,#2695,#520,.T.);
#2309=EDGE_CURVE('',#2695,#2684,#2935,.T.);
#2310=EDGE_CURVE('',#2696,#2685,#2936,.T.);
#2311=EDGE_CURVE('',#2697,#2698,#521,.T.);
#2312=EDGE_CURVE('',#2699,#2698,#522,.T.);
#2313=EDGE_CURVE('',#2700,#2699,#523,.T.);
#2314=EDGE_CURVE('',#2700,#2697,#524,.T.);
#2315=EDGE_CURVE('',#2697,#2701,#2937,.T.);
#2316=EDGE_CURVE('',#2700,#2702,#2938,.T.);
#2317=EDGE_CURVE('',#2702,#2701,#525,.T.);
#2318=EDGE_CURVE('',#2703,#2701,#526,.T.);
#2319=EDGE_CURVE('',#2704,#2702,#527,.T.);
#2320=EDGE_CURVE('',#2704,#2703,#528,.T.);
#2321=EDGE_CURVE('',#2703,#2705,#2939,.T.);
#2322=EDGE_CURVE('',#2704,#2706,#2940,.T.);
#2323=EDGE_CURVE('',#2706,#2705,#529,.T.);
#2324=EDGE_CURVE('',#2707,#2705,#530,.T.);
#2325=EDGE_CURVE('',#2708,#2706,#531,.T.);
#2326=EDGE_CURVE('',#2708,#2707,#532,.T.);
#2327=EDGE_CURVE('',#2707,#2709,#2941,.T.);
#2328=EDGE_CURVE('',#2708,#2710,#2942,.T.);
#2329=EDGE_CURVE('',#2710,#2709,#533,.T.);
#2330=EDGE_CURVE('',#2709,#2698,#2943,.T.);
#2331=EDGE_CURVE('',#2710,#2699,#2944,.T.);
#2332=EDGE_CURVE('',#2711,#2712,#2945,.T.);
#2333=EDGE_CURVE('',#2713,#2711,#534,.T.);
#2334=EDGE_CURVE('',#2713,#2714,#2946,.T.);
#2335=EDGE_CURVE('',#2714,#2712,#535,.T.);
#2336=EDGE_CURVE('',#2715,#2711,#2947,.T.);
#2337=EDGE_CURVE('',#2716,#2715,#536,.T.);
#2338=EDGE_CURVE('',#2716,#2713,#2948,.T.);
#2339=EDGE_CURVE('',#2717,#2715,#537,.T.);
#2340=EDGE_CURVE('',#2718,#2717,#538,.T.);
#2341=EDGE_CURVE('',#2718,#2716,#539,.T.);
#2342=EDGE_CURVE('',#2717,#2719,#540,.T.);
#2343=EDGE_CURVE('',#2720,#2719,#541,.T.);
#2344=EDGE_CURVE('',#2718,#2720,#542,.T.);
#2345=EDGE_CURVE('',#2719,#2721,#543,.T.);
#2346=EDGE_CURVE('',#2722,#2721,#544,.T.);
#2347=EDGE_CURVE('',#2720,#2722,#545,.T.);
#2348=EDGE_CURVE('',#2712,#2721,#2949,.T.);
#2349=EDGE_CURVE('',#2714,#2722,#2950,.T.);
#2350=EDGE_CURVE('',#2723,#2723,#2951,.T.);
#2351=EDGE_CURVE('',#2724,#2724,#2952,.T.);
#2352=EDGE_CURVE('',#2725,#2726,#2953,.T.);
#2353=EDGE_CURVE('',#2727,#2725,#546,.T.);
#2354=EDGE_CURVE('',#2727,#2728,#2954,.T.);
#2355=EDGE_CURVE('',#2728,#2726,#547,.T.);
#2356=EDGE_CURVE('',#2729,#2725,#548,.T.);
#2357=EDGE_CURVE('',#2730,#2729,#549,.T.);
#2358=EDGE_CURVE('',#2730,#2727,#550,.T.);
#2359=EDGE_CURVE('',#2729,#2731,#2955,.T.);
#2360=EDGE_CURVE('',#2732,#2731,#551,.T.);
#2361=EDGE_CURVE('',#2730,#2732,#2956,.T.);
#2362=EDGE_CURVE('',#2731,#2733,#552,.T.);
#2363=EDGE_CURVE('',#2734,#2733,#553,.T.);
#2364=EDGE_CURVE('',#2732,#2734,#554,.T.);
#2365=EDGE_CURVE('',#2735,#2733,#2957,.T.);
#2366=EDGE_CURVE('',#2736,#2735,#555,.T.);
#2367=EDGE_CURVE('',#2736,#2734,#2958,.T.);
#2368=EDGE_CURVE('',#2737,#2735,#556,.T.);
#2369=EDGE_CURVE('',#2738,#2737,#557,.T.);
#2370=EDGE_CURVE('',#2738,#2736,#558,.T.);
#2371=EDGE_CURVE('',#2737,#2726,#2959,.T.);
#2372=EDGE_CURVE('',#2738,#2728,#2960,.T.);
#2373=EDGE_CURVE('',#2739,#2739,#2961,.T.);
#2374=EDGE_CURVE('',#2740,#2740,#2962,.T.);
#2375=EDGE_CURVE('',#2741,#2742,#559,.T.);
#2376=EDGE_CURVE('',#2743,#2741,#560,.T.);
#2377=EDGE_CURVE('',#2743,#2744,#561,.T.);
#2378=EDGE_CURVE('',#2744,#2742,#562,.T.);
#2379=EDGE_CURVE('',#2745,#2741,#563,.T.);
#2380=EDGE_CURVE('',#2746,#2742,#564,.T.);
#2381=EDGE_CURVE('',#2746,#2745,#565,.T.);
#2382=EDGE_CURVE('',#2747,#2744,#566,.T.);
#2383=EDGE_CURVE('',#2746,#2747,#567,.T.);
#2384=EDGE_CURVE('',#2748,#2743,#568,.T.);
#2385=EDGE_CURVE('',#2747,#2748,#569,.T.);
#2386=EDGE_CURVE('',#2745,#2748,#570,.T.);
#2387=EDGE_CURVE('',#2749,#2750,#571,.T.);
#2388=EDGE_CURVE('',#2751,#2750,#572,.T.);
#2389=EDGE_CURVE('',#2752,#2751,#573,.T.);
#2390=EDGE_CURVE('',#2752,#2749,#574,.T.);
#2391=EDGE_CURVE('',#2749,#2753,#2963,.T.);
#2392=EDGE_CURVE('',#2752,#2754,#2964,.T.);
#2393=EDGE_CURVE('',#2754,#2753,#575,.T.);
#2394=EDGE_CURVE('',#2755,#2753,#576,.T.);
#2395=EDGE_CURVE('',#2756,#2754,#577,.T.);
#2396=EDGE_CURVE('',#2756,#2755,#578,.T.);
#2397=EDGE_CURVE('',#2757,#2755,#2965,.T.);
#2398=EDGE_CURVE('',#2758,#2756,#2966,.T.);
#2399=EDGE_CURVE('',#2758,#2757,#579,.T.);
#2400=EDGE_CURVE('',#2759,#2757,#580,.T.);
#2401=EDGE_CURVE('',#2760,#2758,#581,.T.);
#2402=EDGE_CURVE('',#2760,#2759,#582,.T.);
#2403=EDGE_CURVE('',#2761,#2759,#2967,.T.);
#2404=EDGE_CURVE('',#2762,#2760,#2968,.T.);
#2405=EDGE_CURVE('',#2762,#2761,#583,.T.);
#2406=EDGE_CURVE('',#2761,#2763,#584,.T.);
#2407=EDGE_CURVE('',#2762,#2764,#585,.T.);
#2408=EDGE_CURVE('',#2764,#2763,#586,.T.);
#2409=EDGE_CURVE('',#2763,#2765,#2969,.T.);
#2410=EDGE_CURVE('',#2764,#2766,#2970,.T.);
#2411=EDGE_CURVE('',#2766,#2765,#587,.T.);
#2412=EDGE_CURVE('',#2765,#2767,#588,.T.);
#2413=EDGE_CURVE('',#2766,#2768,#589,.T.);
#2414=EDGE_CURVE('',#2768,#2767,#590,.T.);
#2415=EDGE_CURVE('',#2767,#2769,#2971,.T.);
#2416=EDGE_CURVE('',#2768,#2770,#2972,.T.);
#2417=EDGE_CURVE('',#2770,#2769,#591,.T.);
#2418=EDGE_CURVE('',#2769,#2771,#2973,.T.);
#2419=EDGE_CURVE('',#2770,#2772,#2974,.T.);
#2420=EDGE_CURVE('',#2772,#2771,#592,.T.);
#2421=EDGE_CURVE('',#2773,#2771,#593,.T.);
#2422=EDGE_CURVE('',#2774,#2772,#594,.T.);
#2423=EDGE_CURVE('',#2774,#2773,#595,.T.);
#2424=EDGE_CURVE('',#2773,#2750,#2975,.T.);
#2425=EDGE_CURVE('',#2774,#2751,#2976,.T.);
#2426=EDGE_CURVE('',#2775,#2775,#2977,.T.);
#2427=EDGE_CURVE('',#2776,#2776,#2978,.T.);
#2428=EDGE_CURVE('',#2777,#2778,#2979,.T.);
#2429=EDGE_CURVE('',#2779,#2778,#596,.T.);
#2430=EDGE_CURVE('',#2780,#2779,#2980,.T.);
#2431=EDGE_CURVE('',#2780,#2777,#597,.T.);
#2432=EDGE_CURVE('',#2781,#2778,#2981,.T.);
#2433=EDGE_CURVE('',#2782,#2781,#598,.T.);
#2434=EDGE_CURVE('',#2782,#2779,#2982,.T.);
#2435=EDGE_CURVE('',#2783,#2781,#599,.T.);
#2436=EDGE_CURVE('',#2784,#2783,#600,.T.);
#2437=EDGE_CURVE('',#2784,#2782,#601,.T.);
#2438=EDGE_CURVE('',#2783,#2785,#2983,.T.);
#2439=EDGE_CURVE('',#2786,#2785,#602,.T.);
#2440=EDGE_CURVE('',#2784,#2786,#2984,.T.);
#2441=EDGE_CURVE('',#2785,#2787,#603,.T.);
#2442=EDGE_CURVE('',#2788,#2787,#604,.T.);
#2443=EDGE_CURVE('',#2786,#2788,#605,.T.);
#2444=EDGE_CURVE('',#2777,#2787,#2985,.T.);
#2445=EDGE_CURVE('',#2780,#2788,#2986,.T.);
#2446=EDGE_CURVE('',#2789,#2790,#2987,.T.);
#2447=EDGE_CURVE('',#2791,#2789,#606,.T.);
#2448=EDGE_CURVE('',#2791,#2792,#2988,.T.);
#2449=EDGE_CURVE('',#2792,#2790,#607,.T.);
#2450=EDGE_CURVE('',#2789,#2793,#2989,.T.);
#2451=EDGE_CURVE('',#2794,#2793,#608,.T.);
#2452=EDGE_CURVE('',#2791,#2794,#2990,.T.);
#2453=EDGE_CURVE('',#2793,#2790,#609,.T.);
#2454=EDGE_CURVE('',#2794,#2792,#610,.T.);
#2455=VERTEX_POINT('',#5761);
#2456=VERTEX_POINT('',#5762);
#2457=VERTEX_POINT('',#5764);
#2458=VERTEX_POINT('',#5766);
#2459=VERTEX_POINT('',#5770);
#2460=VERTEX_POINT('',#5772);
#2461=VERTEX_POINT('',#5776);
#2462=VERTEX_POINT('',#5778);
#2463=VERTEX_POINT('',#5782);
#2464=VERTEX_POINT('',#5784);
#2465=VERTEX_POINT('',#5788);
#2466=VERTEX_POINT('',#5790);
#2467=VERTEX_POINT('',#5800);
#2468=VERTEX_POINT('',#5802);
#2469=VERTEX_POINT('',#5804);
#2470=VERTEX_POINT('',#5805);
#2471=VERTEX_POINT('',#5807);
#2472=VERTEX_POINT('',#5809);
#2473=VERTEX_POINT('',#5813);
#2474=VERTEX_POINT('',#5814);
#2475=VERTEX_POINT('',#5816);
#2476=VERTEX_POINT('',#5818);
#2477=VERTEX_POINT('',#5822);
#2478=VERTEX_POINT('',#5823);
#2479=VERTEX_POINT('',#5825);
#2480=VERTEX_POINT('',#5827);
#2481=VERTEX_POINT('',#5831);
#2482=VERTEX_POINT('',#5832);
#2483=VERTEX_POINT('',#5834);
#2484=VERTEX_POINT('',#5836);
#2485=VERTEX_POINT('',#5840);
#2486=VERTEX_POINT('',#5841);
#2487=VERTEX_POINT('',#5843);
#2488=VERTEX_POINT('',#5845);
#2489=VERTEX_POINT('',#5847);
#2490=VERTEX_POINT('',#5849);
#2491=VERTEX_POINT('',#5851);
#2492=VERTEX_POINT('',#5853);
#2493=VERTEX_POINT('',#5857);
#2494=VERTEX_POINT('',#5858);
#2495=VERTEX_POINT('',#5860);
#2496=VERTEX_POINT('',#5862);
#2497=VERTEX_POINT('',#5864);
#2498=VERTEX_POINT('',#5866);
#2499=VERTEX_POINT('',#5868);
#2500=VERTEX_POINT('',#5870);
#2501=VERTEX_POINT('',#5874);
#2502=VERTEX_POINT('',#5878);
#2503=VERTEX_POINT('',#5927);
#2504=VERTEX_POINT('',#5928);
#2505=VERTEX_POINT('',#5930);
#2506=VERTEX_POINT('',#5932);
#2507=VERTEX_POINT('',#5936);
#2508=VERTEX_POINT('',#5938);
#2509=VERTEX_POINT('',#5942);
#2510=VERTEX_POINT('',#5944);
#2511=VERTEX_POINT('',#5948);
#2512=VERTEX_POINT('',#5950);
#2513=VERTEX_POINT('',#5954);
#2514=VERTEX_POINT('',#5956);
#2515=VERTEX_POINT('',#5960);
#2516=VERTEX_POINT('',#5962);
#2517=VERTEX_POINT('',#5966);
#2518=VERTEX_POINT('',#5968);
#2519=VERTEX_POINT('',#5972);
#2520=VERTEX_POINT('',#5974);
#2521=VERTEX_POINT('',#5978);
#2522=VERTEX_POINT('',#5980);
#2523=VERTEX_POINT('',#5984);
#2524=VERTEX_POINT('',#5986);
#2525=VERTEX_POINT('',#5990);
#2526=VERTEX_POINT('',#5992);
#2527=VERTEX_POINT('',#5996);
#2528=VERTEX_POINT('',#5998);
#2529=VERTEX_POINT('',#6008);
#2530=VERTEX_POINT('',#6009);
#2531=VERTEX_POINT('',#6011);
#2532=VERTEX_POINT('',#6013);
#2533=VERTEX_POINT('',#6017);
#2534=VERTEX_POINT('',#6019);
#2535=VERTEX_POINT('',#6023);
#2536=VERTEX_POINT('',#6025);
#2537=VERTEX_POINT('',#6029);
#2538=VERTEX_POINT('',#6031);
#2539=VERTEX_POINT('',#6035);
#2540=VERTEX_POINT('',#6037);
#2541=VERTEX_POINT('',#6041);
#2542=VERTEX_POINT('',#6043);
#2543=VERTEX_POINT('',#6053);
#2544=VERTEX_POINT('',#6054);
#2545=VERTEX_POINT('',#6056);
#2546=VERTEX_POINT('',#6058);
#2547=VERTEX_POINT('',#6062);
#2548=VERTEX_POINT('',#6064);
#2549=VERTEX_POINT('',#6068);
#2550=VERTEX_POINT('',#6070);
#2551=VERTEX_POINT('',#6074);
#2552=VERTEX_POINT('',#6076);
#2553=VERTEX_POINT('',#6080);
#2554=VERTEX_POINT('',#6082);
#2555=VERTEX_POINT('',#6086);
#2556=VERTEX_POINT('',#6088);
#2557=VERTEX_POINT('',#6098);
#2558=VERTEX_POINT('',#6099);
#2559=VERTEX_POINT('',#6101);
#2560=VERTEX_POINT('',#6103);
#2561=VERTEX_POINT('',#6107);
#2562=VERTEX_POINT('',#6109);
#2563=VERTEX_POINT('',#6113);
#2564=VERTEX_POINT('',#6115);
#2565=VERTEX_POINT('',#6119);
#2566=VERTEX_POINT('',#6121);
#2567=VERTEX_POINT('',#6125);
#2568=VERTEX_POINT('',#6127);
#2569=VERTEX_POINT('',#6131);
#2570=VERTEX_POINT('',#6133);
#2571=VERTEX_POINT('',#6137);
#2572=VERTEX_POINT('',#6139);
#2573=VERTEX_POINT('',#6149);
#2574=VERTEX_POINT('',#6151);
#2575=VERTEX_POINT('',#6157);
#2576=VERTEX_POINT('',#6158);
#2577=VERTEX_POINT('',#6160);
#2578=VERTEX_POINT('',#6162);
#2579=VERTEX_POINT('',#6166);
#2580=VERTEX_POINT('',#6168);
#2581=VERTEX_POINT('',#6172);
#2582=VERTEX_POINT('',#6174);
#2583=VERTEX_POINT('',#6178);
#2584=VERTEX_POINT('',#6180);
#2585=VERTEX_POINT('',#6184);
#2586=VERTEX_POINT('',#6186);
#2587=VERTEX_POINT('',#6196);
#2588=VERTEX_POINT('',#6198);
#2589=VERTEX_POINT('',#6204);
#2590=VERTEX_POINT('',#6205);
#2591=VERTEX_POINT('',#6207);
#2592=VERTEX_POINT('',#6209);
#2593=VERTEX_POINT('',#6213);
#2594=VERTEX_POINT('',#6215);
#2595=VERTEX_POINT('',#6219);
#2596=VERTEX_POINT('',#6221);
#2597=VERTEX_POINT('',#6225);
#2598=VERTEX_POINT('',#6227);
#2599=VERTEX_POINT('',#6231);
#2600=VERTEX_POINT('',#6233);
#2601=VERTEX_POINT('',#6237);
#2602=VERTEX_POINT('',#6239);
#2603=VERTEX_POINT('',#6243);
#2604=VERTEX_POINT('',#6245);
#2605=VERTEX_POINT('',#6249);
#2606=VERTEX_POINT('',#6251);
#2607=VERTEX_POINT('',#6255);
#2608=VERTEX_POINT('',#6257);
#2609=VERTEX_POINT('',#6261);
#2610=VERTEX_POINT('',#6263);
#2611=VERTEX_POINT('',#6267);
#2612=VERTEX_POINT('',#6269);
#2613=VERTEX_POINT('',#6273);
#2614=VERTEX_POINT('',#6275);
#2615=VERTEX_POINT('',#6285);
#2616=VERTEX_POINT('',#6286);
#2617=VERTEX_POINT('',#6288);
#2618=VERTEX_POINT('',#6290);
#2619=VERTEX_POINT('',#6294);
#2620=VERTEX_POINT('',#6296);
#2621=VERTEX_POINT('',#6300);
#2622=VERTEX_POINT('',#6302);
#2623=VERTEX_POINT('',#6306);
#2624=VERTEX_POINT('',#6308);
#2625=VERTEX_POINT('',#6312);
#2626=VERTEX_POINT('',#6314);
#2627=VERTEX_POINT('',#6318);
#2628=VERTEX_POINT('',#6320);
#2629=VERTEX_POINT('',#6324);
#2630=VERTEX_POINT('',#6326);
#2631=VERTEX_POINT('',#6336);
#2632=VERTEX_POINT('',#6337);
#2633=VERTEX_POINT('',#6339);
#2634=VERTEX_POINT('',#6341);
#2635=VERTEX_POINT('',#6345);
#2636=VERTEX_POINT('',#6347);
#2637=VERTEX_POINT('',#6351);
#2638=VERTEX_POINT('',#6353);
#2639=VERTEX_POINT('',#6357);
#2640=VERTEX_POINT('',#6359);
#2641=VERTEX_POINT('',#6363);
#2642=VERTEX_POINT('',#6365);
#2643=VERTEX_POINT('',#6375);
#2644=VERTEX_POINT('',#6377);
#2645=VERTEX_POINT('',#6383);
#2646=VERTEX_POINT('',#6384);
#2647=VERTEX_POINT('',#6386);
#2648=VERTEX_POINT('',#6388);
#2649=VERTEX_POINT('',#6392);
#2650=VERTEX_POINT('',#6394);
#2651=VERTEX_POINT('',#6398);
#2652=VERTEX_POINT('',#6400);
#2653=VERTEX_POINT('',#6404);
#2654=VERTEX_POINT('',#6406);
#2655=VERTEX_POINT('',#6410);
#2656=VERTEX_POINT('',#6412);
#2657=VERTEX_POINT('',#6416);
#2658=VERTEX_POINT('',#6418);
#2659=VERTEX_POINT('',#6422);
#2660=VERTEX_POINT('',#6424);
#2661=VERTEX_POINT('',#6428);
#2662=VERTEX_POINT('',#6430);
#2663=VERTEX_POINT('',#6434);
#2664=VERTEX_POINT('',#6436);
#2665=VERTEX_POINT('',#6440);
#2666=VERTEX_POINT('',#6442);
#2667=VERTEX_POINT('',#6446);
#2668=VERTEX_POINT('',#6448);
#2669=VERTEX_POINT('',#6452);
#2670=VERTEX_POINT('',#6454);
#2671=VERTEX_POINT('',#6464);
#2672=VERTEX_POINT('',#6465);
#2673=VERTEX_POINT('',#6467);
#2674=VERTEX_POINT('',#6469);
#2675=VERTEX_POINT('',#6473);
#2676=VERTEX_POINT('',#6475);
#2677=VERTEX_POINT('',#6479);
#2678=VERTEX_POINT('',#6481);
#2679=VERTEX_POINT('',#6485);
#2680=VERTEX_POINT('',#6487);
#2681=VERTEX_POINT('',#6491);
#2682=VERTEX_POINT('',#6493);
#2683=VERTEX_POINT('',#6503);
#2684=VERTEX_POINT('',#6504);
#2685=VERTEX_POINT('',#6506);
#2686=VERTEX_POINT('',#6508);
#2687=VERTEX_POINT('',#6512);
#2688=VERTEX_POINT('',#6514);
#2689=VERTEX_POINT('',#6518);
#2690=VERTEX_POINT('',#6520);
#2691=VERTEX_POINT('',#6524);
#2692=VERTEX_POINT('',#6526);
#2693=VERTEX_POINT('',#6530);
#2694=VERTEX_POINT('',#6532);
#2695=VERTEX_POINT('',#6536);
#2696=VERTEX_POINT('',#6538);
#2697=VERTEX_POINT('',#6548);
#2698=VERTEX_POINT('',#6549);
#2699=VERTEX_POINT('',#6551);
#2700=VERTEX_POINT('',#6553);
#2701=VERTEX_POINT('',#6557);
#2702=VERTEX_POINT('',#6559);
#2703=VERTEX_POINT('',#6563);
#2704=VERTEX_POINT('',#6565);
#2705=VERTEX_POINT('',#6569);
#2706=VERTEX_POINT('',#6571);
#2707=VERTEX_POINT('',#6575);
#2708=VERTEX_POINT('',#6577);
#2709=VERTEX_POINT('',#6581);
#2710=VERTEX_POINT('',#6583);
#2711=VERTEX_POINT('',#6593);
#2712=VERTEX_POINT('',#6594);
#2713=VERTEX_POINT('',#6596);
#2714=VERTEX_POINT('',#6598);
#2715=VERTEX_POINT('',#6602);
#2716=VERTEX_POINT('',#6604);
#2717=VERTEX_POINT('',#6608);
#2718=VERTEX_POINT('',#6610);
#2719=VERTEX_POINT('',#6614);
#2720=VERTEX_POINT('',#6616);
#2721=VERTEX_POINT('',#6620);
#2722=VERTEX_POINT('',#6622);
#2723=VERTEX_POINT('',#6632);
#2724=VERTEX_POINT('',#6634);
#2725=VERTEX_POINT('',#6640);
#2726=VERTEX_POINT('',#6641);
#2727=VERTEX_POINT('',#6643);
#2728=VERTEX_POINT('',#6645);
#2729=VERTEX_POINT('',#6649);
#2730=VERTEX_POINT('',#6651);
#2731=VERTEX_POINT('',#6655);
#2732=VERTEX_POINT('',#6657);
#2733=VERTEX_POINT('',#6661);
#2734=VERTEX_POINT('',#6663);
#2735=VERTEX_POINT('',#6667);
#2736=VERTEX_POINT('',#6669);
#2737=VERTEX_POINT('',#6673);
#2738=VERTEX_POINT('',#6675);
#2739=VERTEX_POINT('',#6685);
#2740=VERTEX_POINT('',#6687);
#2741=VERTEX_POINT('',#6690);
#2742=VERTEX_POINT('',#6691);
#2743=VERTEX_POINT('',#6693);
#2744=VERTEX_POINT('',#6695);
#2745=VERTEX_POINT('',#6700);
#2746=VERTEX_POINT('',#6702);
#2747=VERTEX_POINT('',#6706);
#2748=VERTEX_POINT('',#6710);
#2749=VERTEX_POINT('',#6718);
#2750=VERTEX_POINT('',#6719);
#2751=VERTEX_POINT('',#6721);
#2752=VERTEX_POINT('',#6723);
#2753=VERTEX_POINT('',#6727);
#2754=VERTEX_POINT('',#6729);
#2755=VERTEX_POINT('',#6733);
#2756=VERTEX_POINT('',#6735);
#2757=VERTEX_POINT('',#6739);
#2758=VERTEX_POINT('',#6741);
#2759=VERTEX_POINT('',#6745);
#2760=VERTEX_POINT('',#6747);
#2761=VERTEX_POINT('',#6751);
#2762=VERTEX_POINT('',#6753);
#2763=VERTEX_POINT('',#6757);
#2764=VERTEX_POINT('',#6759);
#2765=VERTEX_POINT('',#6763);
#2766=VERTEX_POINT('',#6765);
#2767=VERTEX_POINT('',#6769);
#2768=VERTEX_POINT('',#6771);
#2769=VERTEX_POINT('',#6775);
#2770=VERTEX_POINT('',#6777);
#2771=VERTEX_POINT('',#6781);
#2772=VERTEX_POINT('',#6783);
#2773=VERTEX_POINT('',#6787);
#2774=VERTEX_POINT('',#6789);
#2775=VERTEX_POINT('',#6799);
#2776=VERTEX_POINT('',#6801);
#2777=VERTEX_POINT('',#6807);
#2778=VERTEX_POINT('',#6808);
#2779=VERTEX_POINT('',#6810);
#2780=VERTEX_POINT('',#6812);
#2781=VERTEX_POINT('',#6816);
#2782=VERTEX_POINT('',#6818);
#2783=VERTEX_POINT('',#6822);
#2784=VERTEX_POINT('',#6824);
#2785=VERTEX_POINT('',#6828);
#2786=VERTEX_POINT('',#6830);
#2787=VERTEX_POINT('',#6834);
#2788=VERTEX_POINT('',#6836);
#2789=VERTEX_POINT('',#6846);
#2790=VERTEX_POINT('',#6847);
#2791=VERTEX_POINT('',#6849);
#2792=VERTEX_POINT('',#6851);
#2793=VERTEX_POINT('',#6855);
#2794=VERTEX_POINT('',#6857);
#2795=CIRCLE('',#4087,0.002);
#2796=CIRCLE('',#4088,0.002);
#2797=CIRCLE('',#4090,0.00149999999999998);
#2798=CIRCLE('',#4091,0.00149999999999998);
#2799=CIRCLE('',#4096,0.00150000000000005);
#2800=CIRCLE('',#4097,0.00150000000000005);
#2801=CIRCLE('',#4102,0.0015);
#2802=CIRCLE('',#4103,0.0015);
#2803=CIRCLE('',#4108,0.002);
#2804=CIRCLE('',#4109,0.002);
#2805=CIRCLE('',#4110,0.002);
#2806=CIRCLE('',#4111,0.002);
#2807=CIRCLE('',#4113,0.002);
#2808=CIRCLE('',#4114,0.002);
#2809=CIRCLE('',#4115,0.002);
#2810=CIRCLE('',#4116,0.002);
#2811=CIRCLE('',#4118,0.0015);
#2812=CIRCLE('',#4121,0.0015);
#2813=CIRCLE('',#4124,0.003);
#2814=CIRCLE('',#4125,0.003);
#2815=CIRCLE('',#4127,0.003);
#2816=CIRCLE('',#4128,0.003);
#2817=CIRCLE('',#4130,0.003);
#2818=CIRCLE('',#4131,0.003);
#2819=CIRCLE('',#4133,0.003);
#2820=CIRCLE('',#4134,0.003);
#2821=CIRCLE('',#4136,0.001);
#2822=CIRCLE('',#4137,0.001);
#2823=CIRCLE('',#4139,0.001);
#2824=CIRCLE('',#4141,0.001);
#2825=CIRCLE('',#4143,0.001);
#2826=CIRCLE('',#4145,0.001);
#2827=CIRCLE('',#4147,0.001);
#2828=CIRCLE('',#4149,0.001);
#2829=CIRCLE('',#4152,0.001);
#2830=CIRCLE('',#4153,0.001);
#2831=CIRCLE('',#4155,0.001);
#2832=CIRCLE('',#4157,0.001);
#2833=CIRCLE('',#4159,0.001);
#2834=CIRCLE('',#4161,0.001);
#2835=CIRCLE('',#4163,0.001);
#2836=CIRCLE('',#4165,0.001);
#2837=CIRCLE('',#4170,0.002);
#2838=CIRCLE('',#4171,0.002);
#2839=CIRCLE('',#4174,0.00500000000000019);
#2840=CIRCLE('',#4175,0.00500000000000019);
#2841=CIRCLE('',#4178,0.000999999999999955);
#2842=CIRCLE('',#4179,0.000999999999999955);
#2843=CIRCLE('',#4182,0.002);
#2844=CIRCLE('',#4183,0.002);
#2845=CIRCLE('',#4186,0.0025);
#2846=CIRCLE('',#4187,0.0025);
#2847=CIRCLE('',#4189,0.0025);
#2848=CIRCLE('',#4190,0.0025);
#2849=CIRCLE('',#4193,0.00500000000000011);
#2850=CIRCLE('',#4194,0.00500000000000011);
#2851=CIRCLE('',#4200,0.00300000000000004);
#2852=CIRCLE('',#4201,0.00300000000000004);
#2853=CIRCLE('',#4204,0.003);
#2854=CIRCLE('',#4205,0.003);
#2855=CIRCLE('',#4208,0.003);
#2856=CIRCLE('',#4209,0.003);
#2857=CIRCLE('',#4211,0.003);
#2858=CIRCLE('',#4212,0.003);
#2859=CIRCLE('',#4218,0.00300000000000004);
#2860=CIRCLE('',#4219,0.00300000000000004);
#2861=CIRCLE('',#4222,0.003);
#2862=CIRCLE('',#4223,0.003);
#2863=CIRCLE('',#4226,0.003);
#2864=CIRCLE('',#4227,0.003);
#2865=CIRCLE('',#4229,0.003);
#2866=CIRCLE('',#4230,0.003);
#2867=CIRCLE('',#4237,0.00150000000000003);
#2868=CIRCLE('',#4238,0.00150000000000003);
#2869=CIRCLE('',#4243,0.0015);
#2870=CIRCLE('',#4244,0.0015);
#2871=CIRCLE('',#4250,0.006);
#2872=CIRCLE('',#4251,0.006);
#2873=CIRCLE('',#4257,0.002);
#2874=CIRCLE('',#4258,0.002);
#2875=CIRCLE('',#4261,0.00208118912968279);
#2876=CIRCLE('',#4262,0.00208118912968279);
#2877=CIRCLE('',#4265,0.002);
#2878=CIRCLE('',#4266,0.002);
#2879=CIRCLE('',#4271,0.006);
#2880=CIRCLE('',#4272,0.006);
#2881=CIRCLE('',#4278,0.002);
#2882=CIRCLE('',#4279,0.002);
#2883=CIRCLE('',#4282,0.00500000000000019);
#2884=CIRCLE('',#4283,0.00500000000000019);
#2885=CIRCLE('',#4286,0.000999999999999955);
#2886=CIRCLE('',#4287,0.000999999999999955);
#2887=CIRCLE('',#4290,0.002);
#2888=CIRCLE('',#4291,0.002);
#2889=CIRCLE('',#4294,0.0025);
#2890=CIRCLE('',#4295,0.0025);
#2891=CIRCLE('',#4297,0.0025);
#2892=CIRCLE('',#4298,0.0025);
#2893=CIRCLE('',#4301,0.00500000000000011);
#2894=CIRCLE('',#4302,0.00500000000000011);
#2895=CIRCLE('',#4310,0.0015);
#2896=CIRCLE('',#4311,0.0015);
#2897=CIRCLE('',#4316,0.00150000000000003);
#2898=CIRCLE('',#4317,0.00150000000000003);
#2899=CIRCLE('',#4322,0.005);
#2900=CIRCLE('',#4323,0.005);
#2901=CIRCLE('',#4325,0.005);
#2902=CIRCLE('',#4326,0.005);
#2903=CIRCLE('',#4329,0.003);
#2904=CIRCLE('',#4330,0.003);
#2905=CIRCLE('',#4333,0.005);
#2906=CIRCLE('',#4334,0.005);
#2907=CIRCLE('',#4339,0.006);
#2908=CIRCLE('',#4340,0.006);
#2909=CIRCLE('',#4346,0.002);
#2910=CIRCLE('',#4347,0.002);
#2911=CIRCLE('',#4350,0.00500000000000019);
#2912=CIRCLE('',#4351,0.00500000000000019);
#2913=CIRCLE('',#4354,0.000999999999999955);
#2914=CIRCLE('',#4355,0.000999999999999955);
#2915=CIRCLE('',#4358,0.002);
#2916=CIRCLE('',#4359,0.002);
#2917=CIRCLE('',#4362,0.0025);
#2918=CIRCLE('',#4363,0.0025);
#2919=CIRCLE('',#4365,0.0025);
#2920=CIRCLE('',#4366,0.0025);
#2921=CIRCLE('',#4369,0.00500000000000011);
#2922=CIRCLE('',#4370,0.00500000000000011);
#2923=CIRCLE('',#4376,0.002);
#2924=CIRCLE('',#4377,0.002);
#2925=CIRCLE('',#4380,0.00208118912968279);
#2926=CIRCLE('',#4381,0.00208118912968279);
#2927=CIRCLE('',#4384,0.002);
#2928=CIRCLE('',#4385,0.002);
#2929=CIRCLE('',#4391,0.00300000000000004);
#2930=CIRCLE('',#4392,0.00300000000000004);
#2931=CIRCLE('',#4395,0.003);
#2932=CIRCLE('',#4396,0.003);
#2933=CIRCLE('',#4399,0.003);
#2934=CIRCLE('',#4400,0.003);
#2935=CIRCLE('',#4402,0.003);
#2936=CIRCLE('',#4403,0.003);
#2937=CIRCLE('',#4409,0.00300000000000004);
#2938=CIRCLE('',#4410,0.00300000000000004);
#2939=CIRCLE('',#4413,0.003);
#2940=CIRCLE('',#4414,0.003);
#2941=CIRCLE('',#4417,0.003);
#2942=CIRCLE('',#4418,0.003);
#2943=CIRCLE('',#4420,0.003);
#2944=CIRCLE('',#4421,0.003);
#2945=CIRCLE('',#4426,0.002);
#2946=CIRCLE('',#4427,0.002);
#2947=CIRCLE('',#4429,0.00149999999999998);
#2948=CIRCLE('',#4430,0.00149999999999998);
#2949=CIRCLE('',#4435,0.00150000000000005);
#2950=CIRCLE('',#4436,0.00150000000000005);
#2951=CIRCLE('',#4441,0.006);
#2952=CIRCLE('',#4442,0.006);
#2953=CIRCLE('',#4447,0.005);
#2954=CIRCLE('',#4448,0.005);
#2955=CIRCLE('',#4451,0.002);
#2956=CIRCLE('',#4452,0.002);
#2957=CIRCLE('',#4455,0.005);
#2958=CIRCLE('',#4456,0.005);
#2959=CIRCLE('',#4459,0.003);
#2960=CIRCLE('',#4460,0.003);
#2961=CIRCLE('',#4465,0.01);
#2962=CIRCLE('',#4466,0.01);
#2963=CIRCLE('',#4477,0.002);
#2964=CIRCLE('',#4478,0.002);
#2965=CIRCLE('',#4481,0.00500000000000019);
#2966=CIRCLE('',#4482,0.00500000000000019);
#2967=CIRCLE('',#4485,0.000999999999999955);
#2968=CIRCLE('',#4486,0.000999999999999955);
#2969=CIRCLE('',#4489,0.002);
#2970=CIRCLE('',#4490,0.002);
#2971=CIRCLE('',#4493,0.0025);
#2972=CIRCLE('',#4494,0.0025);
#2973=CIRCLE('',#4496,0.0025);
#2974=CIRCLE('',#4497,0.0025);
#2975=CIRCLE('',#4500,0.00500000000000011);
#2976=CIRCLE('',#4501,0.00500000000000011);
#2977=CIRCLE('',#4506,0.006);
#2978=CIRCLE('',#4507,0.006);
#2979=CIRCLE('',#4512,0.005);
#2980=CIRCLE('',#4513,0.005);
#2981=CIRCLE('',#4515,0.005);
#2982=CIRCLE('',#4516,0.005);
#2983=CIRCLE('',#4519,0.003);
#2984=CIRCLE('',#4520,0.003);
#2985=CIRCLE('',#4523,0.005);
#2986=CIRCLE('',#4524,0.005);
#2987=CIRCLE('',#4529,0.005);
#2988=CIRCLE('',#4530,0.005);
#2989=CIRCLE('',#4532,0.003);
#2990=CIRCLE('',#4533,0.003);
#2991=EDGE_LOOP('',(#925,#926,#927,#928));
#2992=EDGE_LOOP('',(#929,#930,#931,#932));
#2993=EDGE_LOOP('',(#933,#934,#935,#936));
#2994=EDGE_LOOP('',(#937,#938,#939,#940));
#2995=EDGE_LOOP('',(#941,#942,#943,#944));
#2996=EDGE_LOOP('',(#945,#946,#947,#948));
#2997=EDGE_LOOP('',(#949,#950,#951,#952,#953,#954));
#2998=EDGE_LOOP('',(#955,#956,#957,#958,#959,#960));
#2999=EDGE_LOOP('',(#961));
#3000=EDGE_LOOP('',(#962));
#3001=EDGE_LOOP('',(#963,#964,#965,#966));
#3002=EDGE_LOOP('',(#967,#968,#969,#970));
#3003=EDGE_LOOP('',(#971,#972,#973,#974));
#3004=EDGE_LOOP('',(#975,#976,#977,#978));
#3005=EDGE_LOOP('',(#979,#980,#981,#982,#983,#984,#985,#986));
#3006=EDGE_LOOP('',(#987,#988,#989,#990,#991,#992,#993,#994));
#3007=EDGE_LOOP('',(#995));
#3008=EDGE_LOOP('',(#996));
#3009=EDGE_LOOP('',(#997));
#3010=EDGE_LOOP('',(#998));
#3011=EDGE_LOOP('',(#999));
#3012=EDGE_LOOP('',(#1000));
#3013=EDGE_LOOP('',(#1001,#1002,#1003,#1004));
#3014=EDGE_LOOP('',(#1005,#1006,#1007,#1008));
#3015=EDGE_LOOP('',(#1009,#1010,#1011,#1012));
#3016=EDGE_LOOP('',(#1013,#1014,#1015,#1016));
#3017=EDGE_LOOP('',(#1017,#1018,#1019,#1020));
#3018=EDGE_LOOP('',(#1021,#1022,#1023,#1024));
#3019=EDGE_LOOP('',(#1025,#1026,#1027,#1028));
#3020=EDGE_LOOP('',(#1029,#1030,#1031,#1032));
#3021=EDGE_LOOP('',(#1033,#1034,#1035,#1036));
#3022=EDGE_LOOP('',(#1037,#1038,#1039,#1040));
#3023=EDGE_LOOP('',(#1041,#1042,#1043,#1044));
#3024=EDGE_LOOP('',(#1045,#1046,#1047,#1048));
#3025=EDGE_LOOP('',(#1049,#1050,#1051,#1052));
#3026=EDGE_LOOP('',(#1053,#1054,#1055,#1056));
#3027=EDGE_LOOP('',(#1057,#1058,#1059,#1060));
#3028=EDGE_LOOP('',(#1061,#1062,#1063,#1064));
#3029=EDGE_LOOP('',(#1065,#1066,#1067,#1068));
#3030=EDGE_LOOP('',(#1069,#1070,#1071,#1072));
#3031=EDGE_LOOP('',(#1073,#1074,#1075,#1076));
#3032=EDGE_LOOP('',(#1077,#1078,#1079,#1080));
#3033=EDGE_LOOP('',(#1081,#1082,#1083,#1084));
#3034=EDGE_LOOP('',(#1085,#1086,#1087,#1088));
#3035=EDGE_LOOP('',(#1089,#1090,#1091,#1092));
#3036=EDGE_LOOP('',(#1093,#1094,#1095,#1096));
#3037=EDGE_LOOP('',(#1097,#1098,#1099,#1100));
#3038=EDGE_LOOP('',(#1101,#1102,#1103,#1104));
#3039=EDGE_LOOP('',(#1105,#1106,#1107,#1108));
#3040=EDGE_LOOP('',(#1109,#1110,#1111,#1112));
#3041=EDGE_LOOP('',(#1113,#1114,#1115,#1116));
#3042=EDGE_LOOP('',(#1117,#1118,#1119,#1120));
#3043=EDGE_LOOP('',(#1121,#1122,#1123,#1124));
#3044=EDGE_LOOP('',(#1125,#1126,#1127,#1128));
#3045=EDGE_LOOP('',(#1129,#1130,#1131,#1132));
#3046=EDGE_LOOP('',(#1133,#1134,#1135,#1136,#1137,#1138,#1139,#1140,#1141,
#1142,#1143,#1144,#1145));
#3047=EDGE_LOOP('',(#1146,#1147,#1148,#1149,#1150,#1151,#1152,#1153,#1154,
#1155,#1156,#1157,#1158));
#3048=EDGE_LOOP('',(#1159,#1160,#1161,#1162));
#3049=EDGE_LOOP('',(#1163,#1164,#1165,#1166));
#3050=EDGE_LOOP('',(#1167,#1168,#1169,#1170));
#3051=EDGE_LOOP('',(#1171,#1172,#1173,#1174));
#3052=EDGE_LOOP('',(#1175,#1176,#1177,#1178));
#3053=EDGE_LOOP('',(#1179,#1180,#1181,#1182));
#3054=EDGE_LOOP('',(#1183,#1184,#1185,#1186));
#3055=EDGE_LOOP('',(#1187,#1188,#1189,#1190,#1191,#1192,#1193));
#3056=EDGE_LOOP('',(#1194,#1195,#1196,#1197,#1198,#1199,#1200));
#3057=EDGE_LOOP('',(#1201,#1202,#1203,#1204));
#3058=EDGE_LOOP('',(#1205,#1206,#1207,#1208));
#3059=EDGE_LOOP('',(#1209,#1210,#1211,#1212));
#3060=EDGE_LOOP('',(#1213,#1214,#1215,#1216));
#3061=EDGE_LOOP('',(#1217,#1218,#1219,#1220));
#3062=EDGE_LOOP('',(#1221,#1222,#1223,#1224));
#3063=EDGE_LOOP('',(#1225,#1226,#1227,#1228));
#3064=EDGE_LOOP('',(#1229,#1230,#1231,#1232,#1233,#1234,#1235));
#3065=EDGE_LOOP('',(#1236,#1237,#1238,#1239,#1240,#1241,#1242));
#3066=EDGE_LOOP('',(#1243,#1244,#1245,#1246));
#3067=EDGE_LOOP('',(#1247,#1248,#1249,#1250));
#3068=EDGE_LOOP('',(#1251,#1252,#1253,#1254));
#3069=EDGE_LOOP('',(#1255,#1256,#1257,#1258));
#3070=EDGE_LOOP('',(#1259,#1260,#1261,#1262));
#3071=EDGE_LOOP('',(#1263,#1264,#1265,#1266));
#3072=EDGE_LOOP('',(#1267,#1268,#1269,#1270));
#3073=EDGE_LOOP('',(#1271,#1272,#1273,#1274));
#3074=EDGE_LOOP('',(#1275,#1276,#1277,#1278,#1279,#1280,#1281,#1282));
#3075=EDGE_LOOP('',(#1283,#1284,#1285,#1286,#1287,#1288,#1289,#1290));
#3076=EDGE_LOOP('',(#1291));
#3077=EDGE_LOOP('',(#1292));
#3078=EDGE_LOOP('',(#1293));
#3079=EDGE_LOOP('',(#1294));
#3080=EDGE_LOOP('',(#1295,#1296,#1297,#1298));
#3081=EDGE_LOOP('',(#1299,#1300,#1301,#1302));
#3082=EDGE_LOOP('',(#1303,#1304,#1305,#1306));
#3083=EDGE_LOOP('',(#1307,#1308,#1309,#1310));
#3084=EDGE_LOOP('',(#1311,#1312,#1313,#1314));
#3085=EDGE_LOOP('',(#1315,#1316,#1317,#1318));
#3086=EDGE_LOOP('',(#1319,#1320,#1321,#1322,#1323,#1324));
#3087=EDGE_LOOP('',(#1325,#1326,#1327,#1328,#1329,#1330));
#3088=EDGE_LOOP('',(#1331));
#3089=EDGE_LOOP('',(#1332));
#3090=EDGE_LOOP('',(#1333));
#3091=EDGE_LOOP('',(#1334));
#3092=EDGE_LOOP('',(#1335,#1336,#1337,#1338));
#3093=EDGE_LOOP('',(#1339,#1340,#1341,#1342));
#3094=EDGE_LOOP('',(#1343,#1344,#1345,#1346));
#3095=EDGE_LOOP('',(#1347,#1348,#1349,#1350));
#3096=EDGE_LOOP('',(#1351,#1352,#1353,#1354));
#3097=EDGE_LOOP('',(#1355,#1356,#1357,#1358));
#3098=EDGE_LOOP('',(#1359,#1360,#1361,#1362));
#3099=EDGE_LOOP('',(#1363,#1364,#1365,#1366));
#3100=EDGE_LOOP('',(#1367,#1368,#1369,#1370));
#3101=EDGE_LOOP('',(#1371,#1372,#1373,#1374));
#3102=EDGE_LOOP('',(#1375,#1376,#1377,#1378));
#3103=EDGE_LOOP('',(#1379,#1380,#1381,#1382));
#3104=EDGE_LOOP('',(#1383,#1384,#1385,#1386));
#3105=EDGE_LOOP('',(#1387,#1388,#1389,#1390,#1391,#1392,#1393,#1394,#1395,
#1396,#1397,#1398,#1399));
#3106=EDGE_LOOP('',(#1400,#1401,#1402,#1403,#1404,#1405,#1406,#1407,#1408,
#1409,#1410,#1411,#1412));
#3107=EDGE_LOOP('',(#1413,#1414,#1415,#1416));
#3108=EDGE_LOOP('',(#1417,#1418,#1419,#1420));
#3109=EDGE_LOOP('',(#1421,#1422,#1423,#1424));
#3110=EDGE_LOOP('',(#1425,#1426,#1427,#1428));
#3111=EDGE_LOOP('',(#1429,#1430,#1431,#1432));
#3112=EDGE_LOOP('',(#1433,#1434,#1435,#1436));
#3113=EDGE_LOOP('',(#1437,#1438,#1439,#1440));
#3114=EDGE_LOOP('',(#1441,#1442,#1443,#1444));
#3115=EDGE_LOOP('',(#1445,#1446,#1447,#1448,#1449,#1450,#1451,#1452));
#3116=EDGE_LOOP('',(#1453,#1454,#1455,#1456,#1457,#1458,#1459,#1460));
#3117=EDGE_LOOP('',(#1461,#1462,#1463,#1464));
#3118=EDGE_LOOP('',(#1465,#1466,#1467,#1468));
#3119=EDGE_LOOP('',(#1469,#1470,#1471,#1472));
#3120=EDGE_LOOP('',(#1473,#1474,#1475,#1476));
#3121=EDGE_LOOP('',(#1477,#1478,#1479,#1480));
#3122=EDGE_LOOP('',(#1481,#1482,#1483,#1484));
#3123=EDGE_LOOP('',(#1485,#1486,#1487,#1488,#1489,#1490));
#3124=EDGE_LOOP('',(#1491,#1492,#1493,#1494,#1495,#1496));
#3125=EDGE_LOOP('',(#1497));
#3126=EDGE_LOOP('',(#1498));
#3127=EDGE_LOOP('',(#1499));
#3128=EDGE_LOOP('',(#1500));
#3129=EDGE_LOOP('',(#1501,#1502,#1503,#1504));
#3130=EDGE_LOOP('',(#1505,#1506,#1507,#1508));
#3131=EDGE_LOOP('',(#1509,#1510,#1511,#1512));
#3132=EDGE_LOOP('',(#1513,#1514,#1515,#1516));
#3133=EDGE_LOOP('',(#1517,#1518,#1519,#1520));
#3134=EDGE_LOOP('',(#1521,#1522,#1523,#1524));
#3135=EDGE_LOOP('',(#1525,#1526,#1527,#1528));
#3136=EDGE_LOOP('',(#1529,#1530,#1531,#1532));
#3137=EDGE_LOOP('',(#1533,#1534,#1535,#1536));
#3138=EDGE_LOOP('',(#1537,#1538,#1539,#1540));
#3139=EDGE_LOOP('',(#1541,#1542,#1543,#1544));
#3140=EDGE_LOOP('',(#1545,#1546,#1547,#1548));
#3141=EDGE_LOOP('',(#1549,#1550,#1551,#1552));
#3142=EDGE_LOOP('',(#1553,#1554,#1555,#1556,#1557,#1558,#1559,#1560,#1561,
#1562,#1563,#1564,#1565));
#3143=EDGE_LOOP('',(#1566,#1567,#1568,#1569,#1570,#1571,#1572,#1573,#1574,
#1575,#1576,#1577,#1578));
#3144=EDGE_LOOP('',(#1579,#1580,#1581,#1582));
#3145=EDGE_LOOP('',(#1583,#1584,#1585,#1586));
#3146=EDGE_LOOP('',(#1587,#1588,#1589,#1590));
#3147=EDGE_LOOP('',(#1591,#1592,#1593,#1594));
#3148=EDGE_LOOP('',(#1595,#1596,#1597,#1598));
#3149=EDGE_LOOP('',(#1599,#1600,#1601,#1602));
#3150=EDGE_LOOP('',(#1603,#1604,#1605,#1606,#1607,#1608));
#3151=EDGE_LOOP('',(#1609,#1610,#1611,#1612,#1613,#1614));
#3152=EDGE_LOOP('',(#1615,#1616,#1617,#1618));
#3153=EDGE_LOOP('',(#1619,#1620,#1621,#1622));
#3154=EDGE_LOOP('',(#1623,#1624,#1625,#1626));
#3155=EDGE_LOOP('',(#1627,#1628,#1629,#1630));
#3156=EDGE_LOOP('',(#1631,#1632,#1633,#1634));
#3157=EDGE_LOOP('',(#1635,#1636,#1637,#1638));
#3158=EDGE_LOOP('',(#1639,#1640,#1641,#1642));
#3159=EDGE_LOOP('',(#1643,#1644,#1645,#1646,#1647,#1648,#1649));
#3160=EDGE_LOOP('',(#1650,#1651,#1652,#1653,#1654,#1655,#1656));
#3161=EDGE_LOOP('',(#1657,#1658,#1659,#1660));
#3162=EDGE_LOOP('',(#1661,#1662,#1663,#1664));
#3163=EDGE_LOOP('',(#1665,#1666,#1667,#1668));
#3164=EDGE_LOOP('',(#1669,#1670,#1671,#1672));
#3165=EDGE_LOOP('',(#1673,#1674,#1675,#1676));
#3166=EDGE_LOOP('',(#1677,#1678,#1679,#1680));
#3167=EDGE_LOOP('',(#1681,#1682,#1683,#1684));
#3168=EDGE_LOOP('',(#1685,#1686,#1687,#1688,#1689,#1690,#1691));
#3169=EDGE_LOOP('',(#1692,#1693,#1694,#1695,#1696,#1697,#1698));
#3170=EDGE_LOOP('',(#1699,#1700,#1701,#1702));
#3171=EDGE_LOOP('',(#1703,#1704,#1705,#1706));
#3172=EDGE_LOOP('',(#1707,#1708,#1709,#1710));
#3173=EDGE_LOOP('',(#1711,#1712,#1713,#1714));
#3174=EDGE_LOOP('',(#1715,#1716,#1717,#1718));
#3175=EDGE_LOOP('',(#1719,#1720,#1721,#1722));
#3176=EDGE_LOOP('',(#1723,#1724,#1725,#1726,#1727,#1728));
#3177=EDGE_LOOP('',(#1729,#1730,#1731,#1732,#1733,#1734));
#3178=EDGE_LOOP('',(#1735));
#3179=EDGE_LOOP('',(#1736));
#3180=EDGE_LOOP('',(#1737));
#3181=EDGE_LOOP('',(#1738));
#3182=EDGE_LOOP('',(#1739,#1740,#1741,#1742));
#3183=EDGE_LOOP('',(#1743,#1744,#1745,#1746));
#3184=EDGE_LOOP('',(#1747,#1748,#1749,#1750));
#3185=EDGE_LOOP('',(#1751,#1752,#1753,#1754));
#3186=EDGE_LOOP('',(#1755,#1756,#1757,#1758));
#3187=EDGE_LOOP('',(#1759,#1760,#1761,#1762));
#3188=EDGE_LOOP('',(#1763,#1764,#1765,#1766));
#3189=EDGE_LOOP('',(#1767,#1768,#1769,#1770,#1771,#1772,#1773));
#3190=EDGE_LOOP('',(#1774,#1775,#1776,#1777,#1778,#1779,#1780));
#3191=EDGE_LOOP('',(#1781));
#3192=EDGE_LOOP('',(#1782));
#3193=EDGE_LOOP('',(#1783,#1784,#1785,#1786));
#3194=EDGE_LOOP('',(#1787));
#3195=EDGE_LOOP('',(#1788));
#3196=EDGE_LOOP('',(#1789,#1790,#1791,#1792));
#3197=EDGE_LOOP('',(#1793,#1794,#1795,#1796));
#3198=EDGE_LOOP('',(#1797,#1798,#1799,#1800));
#3199=EDGE_LOOP('',(#1801,#1802,#1803,#1804));
#3200=EDGE_LOOP('',(#1805,#1806,#1807,#1808));
#3201=EDGE_LOOP('',(#1809,#1810,#1811,#1812));
#3202=EDGE_LOOP('',(#1813,#1814,#1815,#1816));
#3203=EDGE_LOOP('',(#1817,#1818,#1819,#1820));
#3204=EDGE_LOOP('',(#1821,#1822,#1823,#1824));
#3205=EDGE_LOOP('',(#1825,#1826,#1827,#1828));
#3206=EDGE_LOOP('',(#1829,#1830,#1831,#1832));
#3207=EDGE_LOOP('',(#1833,#1834,#1835,#1836));
#3208=EDGE_LOOP('',(#1837,#1838,#1839,#1840));
#3209=EDGE_LOOP('',(#1841,#1842,#1843,#1844));
#3210=EDGE_LOOP('',(#1845,#1846,#1847,#1848));
#3211=EDGE_LOOP('',(#1849,#1850,#1851,#1852));
#3212=EDGE_LOOP('',(#1853,#1854,#1855,#1856));
#3213=EDGE_LOOP('',(#1857,#1858,#1859,#1860));
#3214=EDGE_LOOP('',(#1861,#1862,#1863,#1864,#1865,#1866,#1867,#1868,#1869,
#1870,#1871,#1872,#1873));
#3215=EDGE_LOOP('',(#1874,#1875,#1876,#1877,#1878,#1879,#1880,#1881,#1882,
#1883,#1884,#1885,#1886));
#3216=EDGE_LOOP('',(#1887));
#3217=EDGE_LOOP('',(#1888));
#3218=EDGE_LOOP('',(#1889));
#3219=EDGE_LOOP('',(#1890));
#3220=EDGE_LOOP('',(#1891,#1892,#1893,#1894));
#3221=EDGE_LOOP('',(#1895,#1896,#1897,#1898));
#3222=EDGE_LOOP('',(#1899,#1900,#1901,#1902));
#3223=EDGE_LOOP('',(#1903,#1904,#1905,#1906));
#3224=EDGE_LOOP('',(#1907,#1908,#1909,#1910));
#3225=EDGE_LOOP('',(#1911,#1912,#1913,#1914));
#3226=EDGE_LOOP('',(#1915,#1916,#1917,#1918,#1919,#1920));
#3227=EDGE_LOOP('',(#1921,#1922,#1923,#1924,#1925,#1926));
#3228=EDGE_LOOP('',(#1927,#1928,#1929,#1930));
#3229=EDGE_LOOP('',(#1931,#1932,#1933,#1934));
#3230=EDGE_LOOP('',(#1935,#1936,#1937,#1938));
#3231=EDGE_LOOP('',(#1939,#1940,#1941));
#3232=EDGE_LOOP('',(#1942,#1943,#1944));
#3233=FACE_BOUND('',#2991,.T.);
#3234=FACE_BOUND('',#2992,.T.);
#3235=FACE_BOUND('',#2993,.T.);
#3236=FACE_BOUND('',#2994,.T.);
#3237=FACE_BOUND('',#2995,.T.);
#3238=FACE_BOUND('',#2996,.T.);
#3239=FACE_BOUND('',#2997,.T.);
#3240=FACE_BOUND('',#2998,.T.);
#3241=FACE_BOUND('',#2999,.T.);
#3242=FACE_BOUND('',#3000,.T.);
#3243=FACE_BOUND('',#3001,.T.);
#3244=FACE_BOUND('',#3002,.T.);
#3245=FACE_BOUND('',#3003,.T.);
#3246=FACE_BOUND('',#3004,.T.);
#3247=FACE_BOUND('',#3005,.T.);
#3248=FACE_BOUND('',#3006,.T.);
#3249=FACE_BOUND('',#3007,.T.);
#3250=FACE_BOUND('',#3008,.T.);
#3251=FACE_BOUND('',#3009,.T.);
#3252=FACE_BOUND('',#3010,.T.);
#3253=FACE_BOUND('',#3011,.T.);
#3254=FACE_BOUND('',#3012,.T.);
#3255=FACE_BOUND('',#3013,.T.);
#3256=FACE_BOUND('',#3014,.T.);
#3257=FACE_BOUND('',#3015,.T.);
#3258=FACE_BOUND('',#3016,.T.);
#3259=FACE_BOUND('',#3017,.T.);
#3260=FACE_BOUND('',#3018,.T.);
#3261=FACE_BOUND('',#3019,.T.);
#3262=FACE_BOUND('',#3020,.T.);
#3263=FACE_BOUND('',#3021,.T.);
#3264=FACE_BOUND('',#3022,.T.);
#3265=FACE_BOUND('',#3023,.T.);
#3266=FACE_BOUND('',#3024,.T.);
#3267=FACE_BOUND('',#3025,.T.);
#3268=FACE_BOUND('',#3026,.T.);
#3269=FACE_BOUND('',#3027,.T.);
#3270=FACE_BOUND('',#3028,.T.);
#3271=FACE_BOUND('',#3029,.T.);
#3272=FACE_BOUND('',#3030,.T.);
#3273=FACE_BOUND('',#3031,.T.);
#3274=FACE_BOUND('',#3032,.T.);
#3275=FACE_BOUND('',#3033,.T.);
#3276=FACE_BOUND('',#3034,.T.);
#3277=FACE_BOUND('',#3035,.T.);
#3278=FACE_BOUND('',#3036,.T.);
#3279=FACE_BOUND('',#3037,.T.);
#3280=FACE_BOUND('',#3038,.T.);
#3281=FACE_BOUND('',#3039,.T.);
#3282=FACE_BOUND('',#3040,.T.);
#3283=FACE_BOUND('',#3041,.T.);
#3284=FACE_BOUND('',#3042,.T.);
#3285=FACE_BOUND('',#3043,.T.);
#3286=FACE_BOUND('',#3044,.T.);
#3287=FACE_BOUND('',#3045,.T.);
#3288=FACE_BOUND('',#3046,.T.);
#3289=FACE_BOUND('',#3047,.T.);
#3290=FACE_BOUND('',#3048,.T.);
#3291=FACE_BOUND('',#3049,.T.);
#3292=FACE_BOUND('',#3050,.T.);
#3293=FACE_BOUND('',#3051,.T.);
#3294=FACE_BOUND('',#3052,.T.);
#3295=FACE_BOUND('',#3053,.T.);
#3296=FACE_BOUND('',#3054,.T.);
#3297=FACE_BOUND('',#3055,.T.);
#3298=FACE_BOUND('',#3056,.T.);
#3299=FACE_BOUND('',#3057,.T.);
#3300=FACE_BOUND('',#3058,.T.);
#3301=FACE_BOUND('',#3059,.T.);
#3302=FACE_BOUND('',#3060,.T.);
#3303=FACE_BOUND('',#3061,.T.);
#3304=FACE_BOUND('',#3062,.T.);
#3305=FACE_BOUND('',#3063,.T.);
#3306=FACE_BOUND('',#3064,.T.);
#3307=FACE_BOUND('',#3065,.T.);
#3308=FACE_BOUND('',#3066,.T.);
#3309=FACE_BOUND('',#3067,.T.);
#3310=FACE_BOUND('',#3068,.T.);
#3311=FACE_BOUND('',#3069,.T.);
#3312=FACE_BOUND('',#3070,.T.);
#3313=FACE_BOUND('',#3071,.T.);
#3314=FACE_BOUND('',#3072,.T.);
#3315=FACE_BOUND('',#3073,.T.);
#3316=FACE_BOUND('',#3074,.T.);
#3317=FACE_BOUND('',#3075,.T.);
#3318=FACE_BOUND('',#3076,.T.);
#3319=FACE_BOUND('',#3077,.T.);
#3320=FACE_BOUND('',#3078,.T.);
#3321=FACE_BOUND('',#3079,.T.);
#3322=FACE_BOUND('',#3080,.T.);
#3323=FACE_BOUND('',#3081,.T.);
#3324=FACE_BOUND('',#3082,.T.);
#3325=FACE_BOUND('',#3083,.T.);
#3326=FACE_BOUND('',#3084,.T.);
#3327=FACE_BOUND('',#3085,.T.);
#3328=FACE_BOUND('',#3086,.T.);
#3329=FACE_BOUND('',#3087,.T.);
#3330=FACE_BOUND('',#3088,.T.);
#3331=FACE_BOUND('',#3089,.T.);
#3332=FACE_BOUND('',#3090,.T.);
#3333=FACE_BOUND('',#3091,.T.);
#3334=FACE_BOUND('',#3092,.T.);
#3335=FACE_BOUND('',#3093,.T.);
#3336=FACE_BOUND('',#3094,.T.);
#3337=FACE_BOUND('',#3095,.T.);
#3338=FACE_BOUND('',#3096,.T.);
#3339=FACE_BOUND('',#3097,.T.);
#3340=FACE_BOUND('',#3098,.T.);
#3341=FACE_BOUND('',#3099,.T.);
#3342=FACE_BOUND('',#3100,.T.);
#3343=FACE_BOUND('',#3101,.T.);
#3344=FACE_BOUND('',#3102,.T.);
#3345=FACE_BOUND('',#3103,.T.);
#3346=FACE_BOUND('',#3104,.T.);
#3347=FACE_BOUND('',#3105,.T.);
#3348=FACE_BOUND('',#3106,.T.);
#3349=FACE_BOUND('',#3107,.T.);
#3350=FACE_BOUND('',#3108,.T.);
#3351=FACE_BOUND('',#3109,.T.);
#3352=FACE_BOUND('',#3110,.T.);
#3353=FACE_BOUND('',#3111,.T.);
#3354=FACE_BOUND('',#3112,.T.);
#3355=FACE_BOUND('',#3113,.T.);
#3356=FACE_BOUND('',#3114,.T.);
#3357=FACE_BOUND('',#3115,.T.);
#3358=FACE_BOUND('',#3116,.T.);
#3359=FACE_BOUND('',#3117,.T.);
#3360=FACE_BOUND('',#3118,.T.);
#3361=FACE_BOUND('',#3119,.T.);
#3362=FACE_BOUND('',#3120,.T.);
#3363=FACE_BOUND('',#3121,.T.);
#3364=FACE_BOUND('',#3122,.T.);
#3365=FACE_BOUND('',#3123,.T.);
#3366=FACE_BOUND('',#3124,.T.);
#3367=FACE_BOUND('',#3125,.T.);
#3368=FACE_BOUND('',#3126,.T.);
#3369=FACE_BOUND('',#3127,.T.);
#3370=FACE_BOUND('',#3128,.T.);
#3371=FACE_BOUND('',#3129,.T.);
#3372=FACE_BOUND('',#3130,.T.);
#3373=FACE_BOUND('',#3131,.T.);
#3374=FACE_BOUND('',#3132,.T.);
#3375=FACE_BOUND('',#3133,.T.);
#3376=FACE_BOUND('',#3134,.T.);
#3377=FACE_BOUND('',#3135,.T.);
#3378=FACE_BOUND('',#3136,.T.);
#3379=FACE_BOUND('',#3137,.T.);
#3380=FACE_BOUND('',#3138,.T.);
#3381=FACE_BOUND('',#3139,.T.);
#3382=FACE_BOUND('',#3140,.T.);
#3383=FACE_BOUND('',#3141,.T.);
#3384=FACE_BOUND('',#3142,.T.);
#3385=FACE_BOUND('',#3143,.T.);
#3386=FACE_BOUND('',#3144,.T.);
#3387=FACE_BOUND('',#3145,.T.);
#3388=FACE_BOUND('',#3146,.T.);
#3389=FACE_BOUND('',#3147,.T.);
#3390=FACE_BOUND('',#3148,.T.);
#3391=FACE_BOUND('',#3149,.T.);
#3392=FACE_BOUND('',#3150,.T.);
#3393=FACE_BOUND('',#3151,.T.);
#3394=FACE_BOUND('',#3152,.T.);
#3395=FACE_BOUND('',#3153,.T.);
#3396=FACE_BOUND('',#3154,.T.);
#3397=FACE_BOUND('',#3155,.T.);
#3398=FACE_BOUND('',#3156,.T.);
#3399=FACE_BOUND('',#3157,.T.);
#3400=FACE_BOUND('',#3158,.T.);
#3401=FACE_BOUND('',#3159,.T.);
#3402=FACE_BOUND('',#3160,.T.);
#3403=FACE_BOUND('',#3161,.T.);
#3404=FACE_BOUND('',#3162,.T.);
#3405=FACE_BOUND('',#3163,.T.);
#3406=FACE_BOUND('',#3164,.T.);
#3407=FACE_BOUND('',#3165,.T.);
#3408=FACE_BOUND('',#3166,.T.);
#3409=FACE_BOUND('',#3167,.T.);
#3410=FACE_BOUND('',#3168,.T.);
#3411=FACE_BOUND('',#3169,.T.);
#3412=FACE_BOUND('',#3170,.T.);
#3413=FACE_BOUND('',#3171,.T.);
#3414=FACE_BOUND('',#3172,.T.);
#3415=FACE_BOUND('',#3173,.T.);
#3416=FACE_BOUND('',#3174,.T.);
#3417=FACE_BOUND('',#3175,.T.);
#3418=FACE_BOUND('',#3176,.T.);
#3419=FACE_BOUND('',#3177,.T.);
#3420=FACE_BOUND('',#3178,.T.);
#3421=FACE_BOUND('',#3179,.T.);
#3422=FACE_BOUND('',#3180,.T.);
#3423=FACE_BOUND('',#3181,.T.);
#3424=FACE_BOUND('',#3182,.T.);
#3425=FACE_BOUND('',#3183,.T.);
#3426=FACE_BOUND('',#3184,.T.);
#3427=FACE_BOUND('',#3185,.T.);
#3428=FACE_BOUND('',#3186,.T.);
#3429=FACE_BOUND('',#3187,.T.);
#3430=FACE_BOUND('',#3188,.T.);
#3431=FACE_BOUND('',#3189,.T.);
#3432=FACE_BOUND('',#3190,.T.);
#3433=FACE_BOUND('',#3191,.T.);
#3434=FACE_BOUND('',#3192,.T.);
#3435=FACE_BOUND('',#3193,.T.);
#3436=FACE_BOUND('',#3194,.T.);
#3437=FACE_BOUND('',#3195,.T.);
#3438=FACE_BOUND('',#3196,.T.);
#3439=FACE_BOUND('',#3197,.T.);
#3440=FACE_BOUND('',#3198,.T.);
#3441=FACE_BOUND('',#3199,.T.);
#3442=FACE_BOUND('',#3200,.T.);
#3443=FACE_BOUND('',#3201,.T.);
#3444=FACE_BOUND('',#3202,.T.);
#3445=FACE_BOUND('',#3203,.T.);
#3446=FACE_BOUND('',#3204,.T.);
#3447=FACE_BOUND('',#3205,.T.);
#3448=FACE_BOUND('',#3206,.T.);
#3449=FACE_BOUND('',#3207,.T.);
#3450=FACE_BOUND('',#3208,.T.);
#3451=FACE_BOUND('',#3209,.T.);
#3452=FACE_BOUND('',#3210,.T.);
#3453=FACE_BOUND('',#3211,.T.);
#3454=FACE_BOUND('',#3212,.T.);
#3455=FACE_BOUND('',#3213,.T.);
#3456=FACE_BOUND('',#3214,.T.);
#3457=FACE_BOUND('',#3215,.T.);
#3458=FACE_BOUND('',#3216,.T.);
#3459=FACE_BOUND('',#3217,.T.);
#3460=FACE_BOUND('',#3218,.T.);
#3461=FACE_BOUND('',#3219,.T.);
#3462=FACE_BOUND('',#3220,.T.);
#3463=FACE_BOUND('',#3221,.T.);
#3464=FACE_BOUND('',#3222,.T.);
#3465=FACE_BOUND('',#3223,.T.);
#3466=FACE_BOUND('',#3224,.T.);
#3467=FACE_BOUND('',#3225,.T.);
#3468=FACE_BOUND('',#3226,.T.);
#3469=FACE_BOUND('',#3227,.T.);
#3470=FACE_BOUND('',#3228,.T.);
#3471=FACE_BOUND('',#3229,.T.);
#3472=FACE_BOUND('',#3230,.T.);
#3473=FACE_BOUND('',#3231,.T.);
#3474=FACE_BOUND('',#3232,.T.);
#3475=CYLINDRICAL_SURFACE('',#4086,0.002);
#3476=CYLINDRICAL_SURFACE('',#4089,0.00149999999999998);
#3477=CYLINDRICAL_SURFACE('',#4095,0.00150000000000005);
#3478=CYLINDRICAL_SURFACE('',#4117,0.0015);
#3479=CYLINDRICAL_SURFACE('',#4120,0.0015);
#3480=CYLINDRICAL_SURFACE('',#4123,0.003);
#3481=CYLINDRICAL_SURFACE('',#4126,0.003);
#3482=CYLINDRICAL_SURFACE('',#4129,0.003);
#3483=CYLINDRICAL_SURFACE('',#4132,0.003);
#3484=CYLINDRICAL_SURFACE('',#4138,0.001);
#3485=CYLINDRICAL_SURFACE('',#4140,0.001);
#3486=CYLINDRICAL_SURFACE('',#4146,0.001);
#3487=CYLINDRICAL_SURFACE('',#4148,0.001);
#3488=CYLINDRICAL_SURFACE('',#4154,0.001);
#3489=CYLINDRICAL_SURFACE('',#4156,0.001);
#3490=CYLINDRICAL_SURFACE('',#4162,0.001);
#3491=CYLINDRICAL_SURFACE('',#4164,0.001);
#3492=CYLINDRICAL_SURFACE('',#4169,0.002);
#3493=CYLINDRICAL_SURFACE('',#4173,0.00500000000000019);
#3494=CYLINDRICAL_SURFACE('',#4177,0.000999999999999955);
#3495=CYLINDRICAL_SURFACE('',#4181,0.002);
#3496=CYLINDRICAL_SURFACE('',#4185,0.0025);
#3497=CYLINDRICAL_SURFACE('',#4188,0.0025);
#3498=CYLINDRICAL_SURFACE('',#4192,0.00500000000000011);
#3499=CYLINDRICAL_SURFACE('',#4199,0.00300000000000004);
#3500=CYLINDRICAL_SURFACE('',#4203,0.003);
#3501=CYLINDRICAL_SURFACE('',#4207,0.003);
#3502=CYLINDRICAL_SURFACE('',#4210,0.003);
#3503=CYLINDRICAL_SURFACE('',#4217,0.00300000000000004);
#3504=CYLINDRICAL_SURFACE('',#4221,0.003);
#3505=CYLINDRICAL_SURFACE('',#4225,0.003);
#3506=CYLINDRICAL_SURFACE('',#4228,0.003);
#3507=CYLINDRICAL_SURFACE('',#4236,0.00150000000000003);
#3508=CYLINDRICAL_SURFACE('',#4242,0.0015);
#3509=CYLINDRICAL_SURFACE('',#4249,0.006);
#3510=CYLINDRICAL_SURFACE('',#4256,0.002);
#3511=CYLINDRICAL_SURFACE('',#4260,0.00208118912968279);
#3512=CYLINDRICAL_SURFACE('',#4264,0.002);
#3513=CYLINDRICAL_SURFACE('',#4270,0.006);
#3514=CYLINDRICAL_SURFACE('',#4277,0.002);
#3515=CYLINDRICAL_SURFACE('',#4281,0.00500000000000019);
#3516=CYLINDRICAL_SURFACE('',#4285,0.000999999999999955);
#3517=CYLINDRICAL_SURFACE('',#4289,0.002);
#3518=CYLINDRICAL_SURFACE('',#4293,0.0025);
#3519=CYLINDRICAL_SURFACE('',#4296,0.0025);
#3520=CYLINDRICAL_SURFACE('',#4300,0.00500000000000011);
#3521=CYLINDRICAL_SURFACE('',#4309,0.0015);
#3522=CYLINDRICAL_SURFACE('',#4315,0.00150000000000003);
#3523=CYLINDRICAL_SURFACE('',#4321,0.005);
#3524=CYLINDRICAL_SURFACE('',#4324,0.005);
#3525=CYLINDRICAL_SURFACE('',#4328,0.003);
#3526=CYLINDRICAL_SURFACE('',#4332,0.005);
#3527=CYLINDRICAL_SURFACE('',#4338,0.006);
#3528=CYLINDRICAL_SURFACE('',#4345,0.002);
#3529=CYLINDRICAL_SURFACE('',#4349,0.00500000000000019);
#3530=CYLINDRICAL_SURFACE('',#4353,0.000999999999999955);
#3531=CYLINDRICAL_SURFACE('',#4357,0.002);
#3532=CYLINDRICAL_SURFACE('',#4361,0.0025);
#3533=CYLINDRICAL_SURFACE('',#4364,0.0025);
#3534=CYLINDRICAL_SURFACE('',#4368,0.00500000000000011);
#3535=CYLINDRICAL_SURFACE('',#4375,0.002);
#3536=CYLINDRICAL_SURFACE('',#4379,0.00208118912968279);
#3537=CYLINDRICAL_SURFACE('',#4383,0.002);
#3538=CYLINDRICAL_SURFACE('',#4390,0.00300000000000004);
#3539=CYLINDRICAL_SURFACE('',#4394,0.003);
#3540=CYLINDRICAL_SURFACE('',#4398,0.003);
#3541=CYLINDRICAL_SURFACE('',#4401,0.003);
#3542=CYLINDRICAL_SURFACE('',#4408,0.00300000000000004);
#3543=CYLINDRICAL_SURFACE('',#4412,0.003);
#3544=CYLINDRICAL_SURFACE('',#4416,0.003);
#3545=CYLINDRICAL_SURFACE('',#4419,0.003);
#3546=CYLINDRICAL_SURFACE('',#4425,0.002);
#3547=CYLINDRICAL_SURFACE('',#4428,0.00149999999999998);
#3548=CYLINDRICAL_SURFACE('',#4434,0.00150000000000005);
#3549=CYLINDRICAL_SURFACE('',#4440,0.006);
#3550=CYLINDRICAL_SURFACE('',#4446,0.005);
#3551=CYLINDRICAL_SURFACE('',#4450,0.002);
#3552=CYLINDRICAL_SURFACE('',#4454,0.005);
#3553=CYLINDRICAL_SURFACE('',#4458,0.003);
#3554=CYLINDRICAL_SURFACE('',#4464,0.01);
#3555=CYLINDRICAL_SURFACE('',#4476,0.002);
#3556=CYLINDRICAL_SURFACE('',#4480,0.00500000000000019);
#3557=CYLINDRICAL_SURFACE('',#4484,0.000999999999999955);
#3558=CYLINDRICAL_SURFACE('',#4488,0.002);
#3559=CYLINDRICAL_SURFACE('',#4492,0.0025);
#3560=CYLINDRICAL_SURFACE('',#4495,0.0025);
#3561=CYLINDRICAL_SURFACE('',#4499,0.00500000000000011);
#3562=CYLINDRICAL_SURFACE('',#4505,0.006);
#3563=CYLINDRICAL_SURFACE('',#4511,0.005);
#3564=CYLINDRICAL_SURFACE('',#4514,0.005);
#3565=CYLINDRICAL_SURFACE('',#4518,0.003);
#3566=CYLINDRICAL_SURFACE('',#4522,0.005);
#3567=CYLINDRICAL_SURFACE('',#4528,0.005);
#3568=CYLINDRICAL_SURFACE('',#4531,0.003);
#3569=ADVANCED_FACE('',(#3233),#3475,.T.);
#3570=ADVANCED_FACE('',(#3234),#3476,.F.);
#3571=ADVANCED_FACE('',(#3235),#168,.T.);
#3572=ADVANCED_FACE('',(#3236),#169,.F.);
#3573=ADVANCED_FACE('',(#3237),#170,.F.);
#3574=ADVANCED_FACE('',(#3238),#3477,.F.);
#3575=ADVANCED_FACE('',(#3239),#171,.T.);
#3576=ADVANCED_FACE('',(#3240),#172,.F.);
#3577=ADVANCED_FACE('',(#3241,#3242,#3243),#173,.T.);
#3578=ADVANCED_FACE('',(#3244),#174,.F.);
#3579=ADVANCED_FACE('',(#3245),#175,.F.);
#3580=ADVANCED_FACE('',(#3246),#176,.T.);
#3581=ADVANCED_FACE('',(#3247),#177,.T.);
#3582=ADVANCED_FACE('',(#3248),#178,.F.);
#3583=ADVANCED_FACE('',(#3249,#3250),#3478,.F.);
#3584=ADVANCED_FACE('',(#3251),#179,.T.);
#3585=ADVANCED_FACE('',(#3252,#3253),#3479,.F.);
#3586=ADVANCED_FACE('',(#3254),#180,.T.);
#3587=ADVANCED_FACE('',(#3255),#3480,.T.);
#3588=ADVANCED_FACE('',(#3256),#3481,.T.);
#3589=ADVANCED_FACE('',(#3257),#3482,.T.);
#3590=ADVANCED_FACE('',(#3258),#3483,.T.);
#3591=ADVANCED_FACE('',(#3259),#10,.T.);
#3592=ADVANCED_FACE('',(#3260),#3484,.T.);
#3593=ADVANCED_FACE('',(#3261),#3485,.T.);
#3594=ADVANCED_FACE('',(#3262),#11,.T.);
#3595=ADVANCED_FACE('',(#3263),#12,.T.);
#3596=ADVANCED_FACE('',(#3264),#3486,.T.);
#3597=ADVANCED_FACE('',(#3265),#3487,.T.);
#3598=ADVANCED_FACE('',(#3266),#13,.T.);
#3599=ADVANCED_FACE('',(#3267),#14,.T.);
#3600=ADVANCED_FACE('',(#3268),#3488,.T.);
#3601=ADVANCED_FACE('',(#3269),#3489,.T.);
#3602=ADVANCED_FACE('',(#3270),#15,.T.);
#3603=ADVANCED_FACE('',(#3271),#16,.T.);
#3604=ADVANCED_FACE('',(#3272),#3490,.T.);
#3605=ADVANCED_FACE('',(#3273),#3491,.T.);
#3606=ADVANCED_FACE('',(#3274),#17,.T.);
#3607=ADVANCED_FACE('',(#3275),#181,.F.);
#3608=ADVANCED_FACE('',(#3276),#3492,.T.);
#3609=ADVANCED_FACE('',(#3277),#182,.F.);
#3610=ADVANCED_FACE('',(#3278),#3493,.F.);
#3611=ADVANCED_FACE('',(#3279),#183,.F.);
#3612=ADVANCED_FACE('',(#3280),#3494,.F.);
#3613=ADVANCED_FACE('',(#3281),#184,.T.);
#3614=ADVANCED_FACE('',(#3282),#3495,.T.);
#3615=ADVANCED_FACE('',(#3283),#185,.T.);
#3616=ADVANCED_FACE('',(#3284),#3496,.T.);
#3617=ADVANCED_FACE('',(#3285),#3497,.T.);
#3618=ADVANCED_FACE('',(#3286),#186,.F.);
#3619=ADVANCED_FACE('',(#3287),#3498,.T.);
#3620=ADVANCED_FACE('',(#3288),#187,.F.);
#3621=ADVANCED_FACE('',(#3289),#188,.T.);
#3622=ADVANCED_FACE('',(#3290),#189,.T.);
#3623=ADVANCED_FACE('',(#3291),#3499,.T.);
#3624=ADVANCED_FACE('',(#3292),#190,.T.);
#3625=ADVANCED_FACE('',(#3293),#3500,.T.);
#3626=ADVANCED_FACE('',(#3294),#191,.T.);
#3627=ADVANCED_FACE('',(#3295),#3501,.T.);
#3628=ADVANCED_FACE('',(#3296),#3502,.T.);
#3629=ADVANCED_FACE('',(#3297),#192,.T.);
#3630=ADVANCED_FACE('',(#3298),#193,.F.);
#3631=ADVANCED_FACE('',(#3299),#194,.T.);
#3632=ADVANCED_FACE('',(#3300),#3503,.T.);
#3633=ADVANCED_FACE('',(#3301),#195,.T.);
#3634=ADVANCED_FACE('',(#3302),#3504,.T.);
#3635=ADVANCED_FACE('',(#3303),#196,.T.);
#3636=ADVANCED_FACE('',(#3304),#3505,.T.);
#3637=ADVANCED_FACE('',(#3305),#3506,.T.);
#3638=ADVANCED_FACE('',(#3306),#197,.T.);
#3639=ADVANCED_FACE('',(#3307),#198,.F.);
#3640=ADVANCED_FACE('',(#3308),#199,.F.);
#3641=ADVANCED_FACE('',(#3309),#200,.T.);
#3642=ADVANCED_FACE('',(#3310),#3507,.F.);
#3643=ADVANCED_FACE('',(#3311),#201,.T.);
#3644=ADVANCED_FACE('',(#3312),#202,.F.);
#3645=ADVANCED_FACE('',(#3313),#203,.F.);
#3646=ADVANCED_FACE('',(#3314),#3508,.T.);
#3647=ADVANCED_FACE('',(#3315),#204,.F.);
#3648=ADVANCED_FACE('',(#3316),#205,.F.);
#3649=ADVANCED_FACE('',(#3317),#206,.T.);
#3650=ADVANCED_FACE('',(#3318,#3319),#3509,.T.);
#3651=ADVANCED_FACE('',(#3320),#207,.T.);
#3652=ADVANCED_FACE('',(#3321),#208,.F.);
#3653=ADVANCED_FACE('',(#3322),#209,.F.);
#3654=ADVANCED_FACE('',(#3323),#3510,.T.);
#3655=ADVANCED_FACE('',(#3324),#210,.F.);
#3656=ADVANCED_FACE('',(#3325),#3511,.T.);
#3657=ADVANCED_FACE('',(#3326),#211,.T.);
#3658=ADVANCED_FACE('',(#3327),#3512,.T.);
#3659=ADVANCED_FACE('',(#3328),#212,.T.);
#3660=ADVANCED_FACE('',(#3329),#213,.F.);
#3661=ADVANCED_FACE('',(#3330,#3331),#3513,.T.);
#3662=ADVANCED_FACE('',(#3332),#214,.T.);
#3663=ADVANCED_FACE('',(#3333),#215,.F.);
#3664=ADVANCED_FACE('',(#3334),#216,.F.);
#3665=ADVANCED_FACE('',(#3335),#3514,.T.);
#3666=ADVANCED_FACE('',(#3336),#217,.F.);
#3667=ADVANCED_FACE('',(#3337),#3515,.F.);
#3668=ADVANCED_FACE('',(#3338),#218,.F.);
#3669=ADVANCED_FACE('',(#3339),#3516,.F.);
#3670=ADVANCED_FACE('',(#3340),#219,.T.);
#3671=ADVANCED_FACE('',(#3341),#3517,.T.);
#3672=ADVANCED_FACE('',(#3342),#220,.T.);
#3673=ADVANCED_FACE('',(#3343),#3518,.T.);
#3674=ADVANCED_FACE('',(#3344),#3519,.T.);
#3675=ADVANCED_FACE('',(#3345),#221,.F.);
#3676=ADVANCED_FACE('',(#3346),#3520,.T.);
#3677=ADVANCED_FACE('',(#3347),#222,.F.);
#3678=ADVANCED_FACE('',(#3348),#223,.T.);
#3679=ADVANCED_FACE('',(#3349),#224,.F.);
#3680=ADVANCED_FACE('',(#3350),#225,.F.);
#3681=ADVANCED_FACE('',(#3351),#226,.T.);
#3682=ADVANCED_FACE('',(#3352),#3521,.T.);
#3683=ADVANCED_FACE('',(#3353),#227,.T.);
#3684=ADVANCED_FACE('',(#3354),#228,.T.);
#3685=ADVANCED_FACE('',(#3355),#229,.F.);
#3686=ADVANCED_FACE('',(#3356),#3522,.F.);
#3687=ADVANCED_FACE('',(#3357),#230,.F.);
#3688=ADVANCED_FACE('',(#3358),#231,.T.);
#3689=ADVANCED_FACE('',(#3359),#3523,.T.);
#3690=ADVANCED_FACE('',(#3360),#3524,.F.);
#3691=ADVANCED_FACE('',(#3361),#232,.T.);
#3692=ADVANCED_FACE('',(#3362),#3525,.T.);
#3693=ADVANCED_FACE('',(#3363),#233,.F.);
#3694=ADVANCED_FACE('',(#3364),#3526,.F.);
#3695=ADVANCED_FACE('',(#3365),#234,.T.);
#3696=ADVANCED_FACE('',(#3366),#235,.F.);
#3697=ADVANCED_FACE('',(#3367,#3368),#3527,.T.);
#3698=ADVANCED_FACE('',(#3369),#236,.F.);
#3699=ADVANCED_FACE('',(#3370),#237,.T.);
#3700=ADVANCED_FACE('',(#3371),#238,.F.);
#3701=ADVANCED_FACE('',(#3372),#3528,.T.);
#3702=ADVANCED_FACE('',(#3373),#239,.F.);
#3703=ADVANCED_FACE('',(#3374),#3529,.F.);
#3704=ADVANCED_FACE('',(#3375),#240,.F.);
#3705=ADVANCED_FACE('',(#3376),#3530,.F.);
#3706=ADVANCED_FACE('',(#3377),#241,.T.);
#3707=ADVANCED_FACE('',(#3378),#3531,.T.);
#3708=ADVANCED_FACE('',(#3379),#242,.T.);
#3709=ADVANCED_FACE('',(#3380),#3532,.T.);
#3710=ADVANCED_FACE('',(#3381),#3533,.T.);
#3711=ADVANCED_FACE('',(#3382),#243,.F.);
#3712=ADVANCED_FACE('',(#3383),#3534,.T.);
#3713=ADVANCED_FACE('',(#3384),#244,.F.);
#3714=ADVANCED_FACE('',(#3385),#245,.T.);
#3715=ADVANCED_FACE('',(#3386),#246,.F.);
#3716=ADVANCED_FACE('',(#3387),#3535,.T.);
#3717=ADVANCED_FACE('',(#3388),#247,.F.);
#3718=ADVANCED_FACE('',(#3389),#3536,.T.);
#3719=ADVANCED_FACE('',(#3390),#248,.T.);
#3720=ADVANCED_FACE('',(#3391),#3537,.T.);
#3721=ADVANCED_FACE('',(#3392),#249,.T.);
#3722=ADVANCED_FACE('',(#3393),#250,.F.);
#3723=ADVANCED_FACE('',(#3394),#251,.T.);
#3724=ADVANCED_FACE('',(#3395),#3538,.T.);
#3725=ADVANCED_FACE('',(#3396),#252,.T.);
#3726=ADVANCED_FACE('',(#3397),#3539,.T.);
#3727=ADVANCED_FACE('',(#3398),#253,.T.);
#3728=ADVANCED_FACE('',(#3399),#3540,.T.);
#3729=ADVANCED_FACE('',(#3400),#3541,.T.);
#3730=ADVANCED_FACE('',(#3401),#254,.T.);
#3731=ADVANCED_FACE('',(#3402),#255,.F.);
#3732=ADVANCED_FACE('',(#3403),#256,.T.);
#3733=ADVANCED_FACE('',(#3404),#3542,.T.);
#3734=ADVANCED_FACE('',(#3405),#257,.T.);
#3735=ADVANCED_FACE('',(#3406),#3543,.T.);
#3736=ADVANCED_FACE('',(#3407),#258,.T.);
#3737=ADVANCED_FACE('',(#3408),#3544,.T.);
#3738=ADVANCED_FACE('',(#3409),#3545,.T.);
#3739=ADVANCED_FACE('',(#3410),#259,.T.);
#3740=ADVANCED_FACE('',(#3411),#260,.F.);
#3741=ADVANCED_FACE('',(#3412),#3546,.T.);
#3742=ADVANCED_FACE('',(#3413),#3547,.F.);
#3743=ADVANCED_FACE('',(#3414),#261,.T.);
#3744=ADVANCED_FACE('',(#3415),#262,.F.);
#3745=ADVANCED_FACE('',(#3416),#263,.F.);
#3746=ADVANCED_FACE('',(#3417),#3548,.F.);
#3747=ADVANCED_FACE('',(#3418),#264,.T.);
#3748=ADVANCED_FACE('',(#3419),#265,.F.);
#3749=ADVANCED_FACE('',(#3420,#3421),#3549,.T.);
#3750=ADVANCED_FACE('',(#3422),#266,.T.);
#3751=ADVANCED_FACE('',(#3423),#267,.F.);
#3752=ADVANCED_FACE('',(#3424),#3550,.F.);
#3753=ADVANCED_FACE('',(#3425),#268,.T.);
#3754=ADVANCED_FACE('',(#3426),#3551,.T.);
#3755=ADVANCED_FACE('',(#3427),#269,.F.);
#3756=ADVANCED_FACE('',(#3428),#3552,.F.);
#3757=ADVANCED_FACE('',(#3429),#270,.T.);
#3758=ADVANCED_FACE('',(#3430),#3553,.F.);
#3759=ADVANCED_FACE('',(#3431),#271,.T.);
#3760=ADVANCED_FACE('',(#3432),#272,.F.);
#3761=ADVANCED_FACE('',(#3433,#3434),#3554,.T.);
#3762=ADVANCED_FACE('',(#3435,#3436),#273,.T.);
#3763=ADVANCED_FACE('',(#3437),#274,.F.);
#3764=ADVANCED_FACE('',(#3438),#275,.T.);
#3765=ADVANCED_FACE('',(#3439),#276,.F.);
#3766=ADVANCED_FACE('',(#3440),#277,.F.);
#3767=ADVANCED_FACE('',(#3441),#278,.T.);
#3768=ADVANCED_FACE('',(#3442),#279,.T.);
#3769=ADVANCED_FACE('',(#3443),#280,.F.);
#3770=ADVANCED_FACE('',(#3444),#3555,.T.);
#3771=ADVANCED_FACE('',(#3445),#281,.F.);
#3772=ADVANCED_FACE('',(#3446),#3556,.F.);
#3773=ADVANCED_FACE('',(#3447),#282,.F.);
#3774=ADVANCED_FACE('',(#3448),#3557,.F.);
#3775=ADVANCED_FACE('',(#3449),#283,.T.);
#3776=ADVANCED_FACE('',(#3450),#3558,.T.);
#3777=ADVANCED_FACE('',(#3451),#284,.T.);
#3778=ADVANCED_FACE('',(#3452),#3559,.T.);
#3779=ADVANCED_FACE('',(#3453),#3560,.T.);
#3780=ADVANCED_FACE('',(#3454),#285,.F.);
#3781=ADVANCED_FACE('',(#3455),#3561,.T.);
#3782=ADVANCED_FACE('',(#3456),#286,.F.);
#3783=ADVANCED_FACE('',(#3457),#287,.T.);
#3784=ADVANCED_FACE('',(#3458,#3459),#3562,.T.);
#3785=ADVANCED_FACE('',(#3460),#288,.T.);
#3786=ADVANCED_FACE('',(#3461),#289,.F.);
#3787=ADVANCED_FACE('',(#3462),#3563,.T.);
#3788=ADVANCED_FACE('',(#3463),#3564,.F.);
#3789=ADVANCED_FACE('',(#3464),#290,.T.);
#3790=ADVANCED_FACE('',(#3465),#3565,.T.);
#3791=ADVANCED_FACE('',(#3466),#291,.F.);
#3792=ADVANCED_FACE('',(#3467),#3566,.F.);
#3793=ADVANCED_FACE('',(#3468),#292,.T.);
#3794=ADVANCED_FACE('',(#3469),#293,.F.);
#3795=ADVANCED_FACE('',(#3470),#3567,.F.);
#3796=ADVANCED_FACE('',(#3471),#3568,.T.);
#3797=ADVANCED_FACE('',(#3472),#294,.F.);
#3798=ADVANCED_FACE('',(#3473),#295,.T.);
#3799=ADVANCED_FACE('',(#3474),#296,.F.);
#3800=CLOSED_SHELL('',(#3569,#3570,#3571,#3572,#3573,#3574,#3575,#3576));
#3801=CLOSED_SHELL('',(#3577,#3578,#3579,#3580,#3581,#3582,#3583,#3584,
#3585,#3586,#3587,#3588,#3589,#3590,#3591,#3592,#3593,#3594,#3595,#3596,
#3597,#3598,#3599,#3600,#3601,#3602,#3603,#3604,#3605,#3606));
#3802=CLOSED_SHELL('',(#3607,#3608,#3609,#3610,#3611,#3612,#3613,#3614,
#3615,#3616,#3617,#3618,#3619,#3620,#3621));
#3803=CLOSED_SHELL('',(#3622,#3623,#3624,#3625,#3626,#3627,#3628,#3629,
#3630));
#3804=CLOSED_SHELL('',(#3631,#3632,#3633,#3634,#3635,#3636,#3637,#3638,
#3639));
#3805=CLOSED_SHELL('',(#3640,#3641,#3642,#3643,#3644,#3645,#3646,#3647,
#3648,#3649));
#3806=CLOSED_SHELL('',(#3650,#3651,#3652));
#3807=CLOSED_SHELL('',(#3653,#3654,#3655,#3656,#3657,#3658,#3659,#3660));
#3808=CLOSED_SHELL('',(#3661,#3662,#3663));
#3809=CLOSED_SHELL('',(#3664,#3665,#3666,#3667,#3668,#3669,#3670,#3671,
#3672,#3673,#3674,#3675,#3676,#3677,#3678));
#3810=CLOSED_SHELL('',(#3679,#3680,#3681,#3682,#3683,#3684,#3685,#3686,
#3687,#3688));
#3811=CLOSED_SHELL('',(#3689,#3690,#3691,#3692,#3693,#3694,#3695,#3696));
#3812=CLOSED_SHELL('',(#3697,#3698,#3699));
#3813=CLOSED_SHELL('',(#3700,#3701,#3702,#3703,#3704,#3705,#3706,#3707,
#3708,#3709,#3710,#3711,#3712,#3713,#3714));
#3814=CLOSED_SHELL('',(#3715,#3716,#3717,#3718,#3719,#3720,#3721,#3722));
#3815=CLOSED_SHELL('',(#3723,#3724,#3725,#3726,#3727,#3728,#3729,#3730,
#3731));
#3816=CLOSED_SHELL('',(#3732,#3733,#3734,#3735,#3736,#3737,#3738,#3739,
#3740));
#3817=CLOSED_SHELL('',(#3741,#3742,#3743,#3744,#3745,#3746,#3747,#3748));
#3818=CLOSED_SHELL('',(#3749,#3750,#3751));
#3819=CLOSED_SHELL('',(#3752,#3753,#3754,#3755,#3756,#3757,#3758,#3759,
#3760));
#3820=CLOSED_SHELL('',(#3761,#3762,#3763,#3764,#3765,#3766,#3767,#3768));
#3821=CLOSED_SHELL('',(#3769,#3770,#3771,#3772,#3773,#3774,#3775,#3776,
#3777,#3778,#3779,#3780,#3781,#3782,#3783));
#3822=CLOSED_SHELL('',(#3784,#3785,#3786));
#3823=CLOSED_SHELL('',(#3787,#3788,#3789,#3790,#3791,#3792,#3793,#3794));
#3824=CLOSED_SHELL('',(#3795,#3796,#3797,#3798,#3799));
#3825=STYLED_ITEM('',(#3850),#4008);
#3826=STYLED_ITEM('',(#3851),#4009);
#3827=STYLED_ITEM('',(#3852),#4010);
#3828=STYLED_ITEM('',(#3853),#4011);
#3829=STYLED_ITEM('',(#3854),#4012);
#3830=STYLED_ITEM('',(#3855),#4013);
#3831=STYLED_ITEM('',(#3856),#4014);
#3832=STYLED_ITEM('',(#3857),#4015);
#3833=STYLED_ITEM('',(#3858),#4016);
#3834=STYLED_ITEM('',(#3859),#4017);
#3835=STYLED_ITEM('',(#3860),#4018);
#3836=STYLED_ITEM('',(#3861),#4019);
#3837=STYLED_ITEM('',(#3862),#4020);
#3838=STYLED_ITEM('',(#3863),#4021);
#3839=STYLED_ITEM('',(#3864),#4022);
#3840=STYLED_ITEM('',(#3865),#4023);
#3841=STYLED_ITEM('',(#3866),#4024);
#3842=STYLED_ITEM('',(#3867),#4025);
#3843=STYLED_ITEM('',(#3868),#4026);
#3844=STYLED_ITEM('',(#3869),#4027);
#3845=STYLED_ITEM('',(#3870),#4028);
#3846=STYLED_ITEM('',(#3871),#4029);
#3847=STYLED_ITEM('',(#3872),#4030);
#3848=STYLED_ITEM('',(#3873),#4031);
#3849=STYLED_ITEM('',(#3874),#4032);
#3850=PRESENTATION_STYLE_ASSIGNMENT((#3875));
#3851=PRESENTATION_STYLE_ASSIGNMENT((#3876));
#3852=PRESENTATION_STYLE_ASSIGNMENT((#3877));
#3853=PRESENTATION_STYLE_ASSIGNMENT((#3878));
#3854=PRESENTATION_STYLE_ASSIGNMENT((#3879));
#3855=PRESENTATION_STYLE_ASSIGNMENT((#3880));
#3856=PRESENTATION_STYLE_ASSIGNMENT((#3881));
#3857=PRESENTATION_STYLE_ASSIGNMENT((#3882));
#3858=PRESENTATION_STYLE_ASSIGNMENT((#3883));
#3859=PRESENTATION_STYLE_ASSIGNMENT((#3884));
#3860=PRESENTATION_STYLE_ASSIGNMENT((#3885));
#3861=PRESENTATION_STYLE_ASSIGNMENT((#3886));
#3862=PRESENTATION_STYLE_ASSIGNMENT((#3887));
#3863=PRESENTATION_STYLE_ASSIGNMENT((#3888));
#3864=PRESENTATION_STYLE_ASSIGNMENT((#3889));
#3865=PRESENTATION_STYLE_ASSIGNMENT((#3890));
#3866=PRESENTATION_STYLE_ASSIGNMENT((#3891));
#3867=PRESENTATION_STYLE_ASSIGNMENT((#3892));
#3868=PRESENTATION_STYLE_ASSIGNMENT((#3893));
#3869=PRESENTATION_STYLE_ASSIGNMENT((#3894));
#3870=PRESENTATION_STYLE_ASSIGNMENT((#3895));
#3871=PRESENTATION_STYLE_ASSIGNMENT((#3896));
#3872=PRESENTATION_STYLE_ASSIGNMENT((#3897));
#3873=PRESENTATION_STYLE_ASSIGNMENT((#3898));
#3874=PRESENTATION_STYLE_ASSIGNMENT((#3899));
#3875=SURFACE_STYLE_USAGE(.BOTH.,#3900);
#3876=SURFACE_STYLE_USAGE(.BOTH.,#3901);
#3877=SURFACE_STYLE_USAGE(.BOTH.,#3902);
#3878=SURFACE_STYLE_USAGE(.BOTH.,#3903);
#3879=SURFACE_STYLE_USAGE(.BOTH.,#3904);
#3880=SURFACE_STYLE_USAGE(.BOTH.,#3905);
#3881=SURFACE_STYLE_USAGE(.BOTH.,#3906);
#3882=SURFACE_STYLE_USAGE(.BOTH.,#3907);
#3883=SURFACE_STYLE_USAGE(.BOTH.,#3908);
#3884=SURFACE_STYLE_USAGE(.BOTH.,#3909);
#3885=SURFACE_STYLE_USAGE(.BOTH.,#3910);
#3886=SURFACE_STYLE_USAGE(.BOTH.,#3911);
#3887=SURFACE_STYLE_USAGE(.BOTH.,#3912);
#3888=SURFACE_STYLE_USAGE(.BOTH.,#3913);
#3889=SURFACE_STYLE_USAGE(.BOTH.,#3914);
#3890=SURFACE_STYLE_USAGE(.BOTH.,#3915);
#3891=SURFACE_STYLE_USAGE(.BOTH.,#3916);
#3892=SURFACE_STYLE_USAGE(.BOTH.,#3917);
#3893=SURFACE_STYLE_USAGE(.BOTH.,#3918);
#3894=SURFACE_STYLE_USAGE(.BOTH.,#3919);
#3895=SURFACE_STYLE_USAGE(.BOTH.,#3920);
#3896=SURFACE_STYLE_USAGE(.BOTH.,#3921);
#3897=SURFACE_STYLE_USAGE(.BOTH.,#3922);
#3898=SURFACE_STYLE_USAGE(.BOTH.,#3923);
#3899=SURFACE_STYLE_USAGE(.BOTH.,#3924);
#3900=SURFACE_SIDE_STYLE('',(#3925));
#3901=SURFACE_SIDE_STYLE('',(#3926));
#3902=SURFACE_SIDE_STYLE('',(#3927));
#3903=SURFACE_SIDE_STYLE('',(#3928));
#3904=SURFACE_SIDE_STYLE('',(#3929));
#3905=SURFACE_SIDE_STYLE('',(#3930));
#3906=SURFACE_SIDE_STYLE('',(#3931));
#3907=SURFACE_SIDE_STYLE('',(#3932));
#3908=SURFACE_SIDE_STYLE('',(#3933));
#3909=SURFACE_SIDE_STYLE('',(#3934));
#3910=SURFACE_SIDE_STYLE('',(#3935));
#3911=SURFACE_SIDE_STYLE('',(#3936));
#3912=SURFACE_SIDE_STYLE('',(#3937));
#3913=SURFACE_SIDE_STYLE('',(#3938));
#3914=SURFACE_SIDE_STYLE('',(#3939));
#3915=SURFACE_SIDE_STYLE('',(#3940));
#3916=SURFACE_SIDE_STYLE('',(#3941));
#3917=SURFACE_SIDE_STYLE('',(#3942));
#3918=SURFACE_SIDE_STYLE('',(#3943));
#3919=SURFACE_SIDE_STYLE('',(#3944));
#3920=SURFACE_SIDE_STYLE('',(#3945));
#3921=SURFACE_SIDE_STYLE('',(#3946));
#3922=SURFACE_SIDE_STYLE('',(#3947));
#3923=SURFACE_SIDE_STYLE('',(#3948));
#3924=SURFACE_SIDE_STYLE('',(#3949));
#3925=SURFACE_STYLE_FILL_AREA(#3950);
#3926=SURFACE_STYLE_FILL_AREA(#3951);
#3927=SURFACE_STYLE_FILL_AREA(#3952);
#3928=SURFACE_STYLE_FILL_AREA(#3953);
#3929=SURFACE_STYLE_FILL_AREA(#3954);
#3930=SURFACE_STYLE_FILL_AREA(#3955);
#3931=SURFACE_STYLE_FILL_AREA(#3956);
#3932=SURFACE_STYLE_FILL_AREA(#3957);
#3933=SURFACE_STYLE_FILL_AREA(#3958);
#3934=SURFACE_STYLE_FILL_AREA(#3959);
#3935=SURFACE_STYLE_FILL_AREA(#3960);
#3936=SURFACE_STYLE_FILL_AREA(#3961);
#3937=SURFACE_STYLE_FILL_AREA(#3962);
#3938=SURFACE_STYLE_FILL_AREA(#3963);
#3939=SURFACE_STYLE_FILL_AREA(#3964);
#3940=SURFACE_STYLE_FILL_AREA(#3965);
#3941=SURFACE_STYLE_FILL_AREA(#3966);
#3942=SURFACE_STYLE_FILL_AREA(#3967);
#3943=SURFACE_STYLE_FILL_AREA(#3968);
#3944=SURFACE_STYLE_FILL_AREA(#3969);
#3945=SURFACE_STYLE_FILL_AREA(#3970);
#3946=SURFACE_STYLE_FILL_AREA(#3971);
#3947=SURFACE_STYLE_FILL_AREA(#3972);
#3948=SURFACE_STYLE_FILL_AREA(#3973);
#3949=SURFACE_STYLE_FILL_AREA(#3974);
#3950=FILL_AREA_STYLE('',(#3975));
#3951=FILL_AREA_STYLE('',(#3976));
#3952=FILL_AREA_STYLE('',(#3977));
#3953=FILL_AREA_STYLE('',(#3978));
#3954=FILL_AREA_STYLE('',(#3979));
#3955=FILL_AREA_STYLE('',(#3980));
#3956=FILL_AREA_STYLE('',(#3981));
#3957=FILL_AREA_STYLE('',(#3982));
#3958=FILL_AREA_STYLE('',(#3983));
#3959=FILL_AREA_STYLE('',(#3984));
#3960=FILL_AREA_STYLE('',(#3985));
#3961=FILL_AREA_STYLE('',(#3986));
#3962=FILL_AREA_STYLE('',(#3987));
#3963=FILL_AREA_STYLE('',(#3988));
#3964=FILL_AREA_STYLE('',(#3989));
#3965=FILL_AREA_STYLE('',(#3990));
#3966=FILL_AREA_STYLE('',(#3991));
#3967=FILL_AREA_STYLE('',(#3992));
#3968=FILL_AREA_STYLE('',(#3993));
#3969=FILL_AREA_STYLE('',(#3994));
#3970=FILL_AREA_STYLE('',(#3995));
#3971=FILL_AREA_STYLE('',(#3996));
#3972=FILL_AREA_STYLE('',(#3997));
#3973=FILL_AREA_STYLE('',(#3998));
#3974=FILL_AREA_STYLE('',(#3999));
#3975=FILL_AREA_STYLE_COLOUR('',#4000);
#3976=FILL_AREA_STYLE_COLOUR('',#4001);
#3977=FILL_AREA_STYLE_COLOUR('',#4002);
#3978=FILL_AREA_STYLE_COLOUR('',#4000);
#3979=FILL_AREA_STYLE_COLOUR('',#4000);
#3980=FILL_AREA_STYLE_COLOUR('',#4002);
#3981=FILL_AREA_STYLE_COLOUR('',#4000);
#3982=FILL_AREA_STYLE_COLOUR('',#4001);
#3983=FILL_AREA_STYLE_COLOUR('',#4000);
#3984=FILL_AREA_STYLE_COLOUR('',#4002);
#3985=FILL_AREA_STYLE_COLOUR('',#4002);
#3986=FILL_AREA_STYLE_COLOUR('',#4003);
#3987=FILL_AREA_STYLE_COLOUR('',#4004);
#3988=FILL_AREA_STYLE_COLOUR('',#4002);
#3989=FILL_AREA_STYLE_COLOUR('',#4001);
#3990=FILL_AREA_STYLE_COLOUR('',#4000);
#3991=FILL_AREA_STYLE_COLOUR('',#4000);
#3992=FILL_AREA_STYLE_COLOUR('',#4000);
#3993=FILL_AREA_STYLE_COLOUR('',#4000);
#3994=FILL_AREA_STYLE_COLOUR('',#4005);
#3995=FILL_AREA_STYLE_COLOUR('',#4006);
#3996=FILL_AREA_STYLE_COLOUR('',#4002);
#3997=FILL_AREA_STYLE_COLOUR('',#4000);
#3998=FILL_AREA_STYLE_COLOUR('',#4003);
#3999=FILL_AREA_STYLE_COLOUR('',#4007);
#4000=COLOUR_RGB('',0.647058823529412,0.647058823529412,0.647058823529412);
#4001=COLOUR_RGB('',0.615686274509804,0.811764705882353,0.929411764705882);
#4002=COLOUR_RGB('',0.231372549019608,0.380392156862745,0.705882352941177);
#4003=COLOUR_RGB('',0.972549019607843,0.529411764705882,0.00392156862745098);
#4004=COLOUR_RGB('',0.768627450980392,0.886274509803922,0.952941176470588);
#4005=COLOUR_RGB('',0.980392156862745,0.713725490196078,0.00392156862745098);
#4006=COLOUR_RGB('',0.917647058823529,0.917647058823529,0.917647058823529);
#4007=COLOUR_RGB('',0.498039215686275,0.498039215686275,0.498039215686275);
#4008=MANIFOLD_SOLID_BREP('Part 22',#3800);
#4009=MANIFOLD_SOLID_BREP('Part 1',#3801);
#4010=MANIFOLD_SOLID_BREP('Part 10',#3802);
#4011=MANIFOLD_SOLID_BREP('Part 9',#3803);
#4012=MANIFOLD_SOLID_BREP('Part 3',#3804);
#4013=MANIFOLD_SOLID_BREP('Part 25',#3805);
#4014=MANIFOLD_SOLID_BREP('Part 11',#3806);
#4015=MANIFOLD_SOLID_BREP('Part 21',#3807);
#4016=MANIFOLD_SOLID_BREP('Part 8',#3808);
#4017=MANIFOLD_SOLID_BREP('Part 13',#3809);
#4018=MANIFOLD_SOLID_BREP('Part 24',#3810);
#4019=MANIFOLD_SOLID_BREP('Part 17',#3811);
#4020=MANIFOLD_SOLID_BREP('Part 15',#3812);
#4021=MANIFOLD_SOLID_BREP('Part 7',#3813);
#4022=MANIFOLD_SOLID_BREP('Part 20',#3814);
#4023=MANIFOLD_SOLID_BREP('Part 6',#3815);
#4024=MANIFOLD_SOLID_BREP('Part 12',#3816);
#4025=MANIFOLD_SOLID_BREP('Part 23',#3817);
#4026=MANIFOLD_SOLID_BREP('Part 5',#3818);
#4027=MANIFOLD_SOLID_BREP('Part 19',#3819);
#4028=MANIFOLD_SOLID_BREP('Part 14',#3820);
#4029=MANIFOLD_SOLID_BREP('Part 4',#3821);
#4030=MANIFOLD_SOLID_BREP('Part 2',#3822);
#4031=MANIFOLD_SOLID_BREP('Part 16',#3823);
#4032=MANIFOLD_SOLID_BREP('Part 18',#3824);
#4033=SHAPE_DEFINITION_REPRESENTATION(#6921,#4059);
#4034=SHAPE_DEFINITION_REPRESENTATION(#6922,#4060);
#4035=SHAPE_DEFINITION_REPRESENTATION(#6924,#4061);
#4036=SHAPE_DEFINITION_REPRESENTATION(#6926,#4062);
#4037=SHAPE_DEFINITION_REPRESENTATION(#6928,#4063);
#4038=SHAPE_DEFINITION_REPRESENTATION(#6930,#4064);
#4039=SHAPE_DEFINITION_REPRESENTATION(#6932,#4065);
#4040=SHAPE_DEFINITION_REPRESENTATION(#6934,#4066);
#4041=SHAPE_DEFINITION_REPRESENTATION(#6936,#4067);
#4042=SHAPE_DEFINITION_REPRESENTATION(#6938,#4068);
#4043=SHAPE_DEFINITION_REPRESENTATION(#6940,#4069);
#4044=SHAPE_DEFINITION_REPRESENTATION(#6942,#4070);
#4045=SHAPE_DEFINITION_REPRESENTATION(#6944,#4071);
#4046=SHAPE_DEFINITION_REPRESENTATION(#6946,#4072);
#4047=SHAPE_DEFINITION_REPRESENTATION(#6948,#4073);
#4048=SHAPE_DEFINITION_REPRESENTATION(#6950,#4074);
#4049=SHAPE_DEFINITION_REPRESENTATION(#6952,#4075);
#4050=SHAPE_DEFINITION_REPRESENTATION(#6954,#4076);
#4051=SHAPE_DEFINITION_REPRESENTATION(#6956,#4077);
#4052=SHAPE_DEFINITION_REPRESENTATION(#6958,#4078);
#4053=SHAPE_DEFINITION_REPRESENTATION(#6960,#4079);
#4054=SHAPE_DEFINITION_REPRESENTATION(#6962,#4080);
#4055=SHAPE_DEFINITION_REPRESENTATION(#6964,#4081);
#4056=SHAPE_DEFINITION_REPRESENTATION(#6966,#4082);
#4057=SHAPE_DEFINITION_REPRESENTATION(#6968,#4083);
#4058=SHAPE_DEFINITION_REPRESENTATION(#6970,#4084);
#4059=SHAPE_REPRESENTATION('Assembly 1',(#4085,#4100,#4167,#4197,#4215,
#4233,#4248,#4254,#4269,#4275,#4305,#4320,#4337,#4343,#4373,#4388,#4406,
#4424,#4439,#4445,#4463,#4474,#4504,#4510,#4527,#4537),#6866);
#4060=SHAPE_REPRESENTATION('Part 22',(#4085),#6867);
#4061=SHAPE_REPRESENTATION('Part 1',(#4085),#6868);
#4062=SHAPE_REPRESENTATION('Part 10',(#4085),#6869);
#4063=SHAPE_REPRESENTATION('Part 9',(#4085),#6870);
#4064=SHAPE_REPRESENTATION('Part 3',(#4085),#6871);
#4065=SHAPE_REPRESENTATION('Part 25',(#4085),#6872);
#4066=SHAPE_REPRESENTATION('Part 11',(#4085),#6873);
#4067=SHAPE_REPRESENTATION('Part 21',(#4085),#6874);
#4068=SHAPE_REPRESENTATION('Part 8',(#4085),#6875);
#4069=SHAPE_REPRESENTATION('Part 13',(#4085),#6876);
#4070=SHAPE_REPRESENTATION('Part 24',(#4085),#6877);
#4071=SHAPE_REPRESENTATION('Part 17',(#4085),#6878);
#4072=SHAPE_REPRESENTATION('Part 15',(#4085),#6879);
#4073=SHAPE_REPRESENTATION('Part 7',(#4085),#6880);
#4074=SHAPE_REPRESENTATION('Part 20',(#4085),#6881);
#4075=SHAPE_REPRESENTATION('Part 6',(#4085),#6882);
#4076=SHAPE_REPRESENTATION('Part 12',(#4085),#6883);
#4077=SHAPE_REPRESENTATION('Part 23',(#4085),#6884);
#4078=SHAPE_REPRESENTATION('Part 5',(#4085),#6885);
#4079=SHAPE_REPRESENTATION('Part 19',(#4085),#6886);
#4080=SHAPE_REPRESENTATION('Part 14',(#4085),#6887);
#4081=SHAPE_REPRESENTATION('Part 4',(#4085),#6888);
#4082=SHAPE_REPRESENTATION('Part 2',(#4085),#6889);
#4083=SHAPE_REPRESENTATION('Part 16',(#4085),#6890);
#4084=SHAPE_REPRESENTATION('Part 18',(#4085),#6891);
#4085=AXIS2_PLACEMENT_3D('',#5758,#4538,#4539);
#4086=AXIS2_PLACEMENT_3D('',#5759,#4540,#4541);
#4087=AXIS2_PLACEMENT_3D('',#5760,#4542,#4543);
#4088=AXIS2_PLACEMENT_3D('',#5765,#4545,#4546);
#4089=AXIS2_PLACEMENT_3D('',#5768,#4548,#4549);
#4090=AXIS2_PLACEMENT_3D('',#5769,#4550,#4551);
#4091=AXIS2_PLACEMENT_3D('',#5773,#4553,#4554);
#4092=AXIS2_PLACEMENT_3D('',#5774,#4555,#4556);
#4093=AXIS2_PLACEMENT_3D('',#5780,#4560,#4561);
#4094=AXIS2_PLACEMENT_3D('',#5786,#4565,#4566);
#4095=AXIS2_PLACEMENT_3D('',#5792,#4570,#4571);
#4096=AXIS2_PLACEMENT_3D('',#5793,#4572,#4573);
#4097=AXIS2_PLACEMENT_3D('',#5794,#4574,#4575);
#4098=AXIS2_PLACEMENT_3D('',#5795,#4576,#4577);
#4099=AXIS2_PLACEMENT_3D('',#5796,#4578,#4579);
#4100=AXIS2_PLACEMENT_3D('',#5797,#4580,#4581);
#4101=AXIS2_PLACEMENT_3D('',#5798,#4582,#4583);
#4102=AXIS2_PLACEMENT_3D('',#5799,#4584,#4585);
#4103=AXIS2_PLACEMENT_3D('',#5801,#4586,#4587);
#4104=AXIS2_PLACEMENT_3D('',#5811,#4592,#4593);
#4105=AXIS2_PLACEMENT_3D('',#5820,#4598,#4599);
#4106=AXIS2_PLACEMENT_3D('',#5829,#4604,#4605);
#4107=AXIS2_PLACEMENT_3D('',#5838,#4610,#4611);
#4108=AXIS2_PLACEMENT_3D('',#5842,#4613,#4614);
#4109=AXIS2_PLACEMENT_3D('',#5846,#4616,#4617);
#4110=AXIS2_PLACEMENT_3D('',#5850,#4619,#4620);
#4111=AXIS2_PLACEMENT_3D('',#5854,#4622,#4623);
#4112=AXIS2_PLACEMENT_3D('',#5855,#4624,#4625);
#4113=AXIS2_PLACEMENT_3D('',#5859,#4627,#4628);
#4114=AXIS2_PLACEMENT_3D('',#5863,#4630,#4631);
#4115=AXIS2_PLACEMENT_3D('',#5867,#4633,#4634);
#4116=AXIS2_PLACEMENT_3D('',#5871,#4636,#4637);
#4117=AXIS2_PLACEMENT_3D('',#5872,#4638,#4639);
#4118=AXIS2_PLACEMENT_3D('',#5873,#4640,#4641);
#4119=AXIS2_PLACEMENT_3D('',#5875,#4642,#4643);
#4120=AXIS2_PLACEMENT_3D('',#5876,#4644,#4645);
#4121=AXIS2_PLACEMENT_3D('',#5877,#4646,#4647);
#4122=AXIS2_PLACEMENT_3D('',#5879,#4648,#4649);
#4123=AXIS2_PLACEMENT_3D('',#5880,#4650,#4651);
#4124=AXIS2_PLACEMENT_3D('',#5881,#4652,#4653);
#4125=AXIS2_PLACEMENT_3D('',#5882,#4654,#4655);
#4126=AXIS2_PLACEMENT_3D('',#5883,#4656,#4657);
#4127=AXIS2_PLACEMENT_3D('',#5884,#4658,#4659);
#4128=AXIS2_PLACEMENT_3D('',#5885,#4660,#4661);
#4129=AXIS2_PLACEMENT_3D('',#5886,#4662,#4663);
#4130=AXIS2_PLACEMENT_3D('',#5887,#4664,#4665);
#4131=AXIS2_PLACEMENT_3D('',#5888,#4666,#4667);
#4132=AXIS2_PLACEMENT_3D('',#5889,#4668,#4669);
#4133=AXIS2_PLACEMENT_3D('',#5890,#4670,#4671);
#4134=AXIS2_PLACEMENT_3D('',#5891,#4672,#4673);
#4135=AXIS2_PLACEMENT_3D('',#5892,#4674,#4675);
#4136=AXIS2_PLACEMENT_3D('',#5893,#4676,#4677);
#4137=AXIS2_PLACEMENT_3D('',#5894,#4678,#4679);
#4138=AXIS2_PLACEMENT_3D('',#5895,#4680,#4681);
#4139=AXIS2_PLACEMENT_3D('',#5896,#4682,#4683);
#4140=AXIS2_PLACEMENT_3D('',#5897,#4684,#4685);
#4141=AXIS2_PLACEMENT_3D('',#5898,#4686,#4687);
#4142=AXIS2_PLACEMENT_3D('',#5899,#4688,#4689);
#4143=AXIS2_PLACEMENT_3D('',#5900,#4690,#4691);
#4144=AXIS2_PLACEMENT_3D('',#5901,#4692,#4693);
#4145=AXIS2_PLACEMENT_3D('',#5902,#4694,#4695);
#4146=AXIS2_PLACEMENT_3D('',#5903,#4696,#4697);
#4147=AXIS2_PLACEMENT_3D('',#5904,#4698,#4699);
#4148=AXIS2_PLACEMENT_3D('',#5905,#4700,#4701);
#4149=AXIS2_PLACEMENT_3D('',#5906,#4702,#4703);
#4150=AXIS2_PLACEMENT_3D('',#5907,#4704,#4705);
#4151=AXIS2_PLACEMENT_3D('',#5908,#4706,#4707);
#4152=AXIS2_PLACEMENT_3D('',#5909,#4708,#4709);
#4153=AXIS2_PLACEMENT_3D('',#5910,#4710,#4711);
#4154=AXIS2_PLACEMENT_3D('',#5911,#4712,#4713);
#4155=AXIS2_PLACEMENT_3D('',#5912,#4714,#4715);
#4156=AXIS2_PLACEMENT_3D('',#5913,#4716,#4717);
#4157=AXIS2_PLACEMENT_3D('',#5914,#4718,#4719);
#4158=AXIS2_PLACEMENT_3D('',#5915,#4720,#4721);
#4159=AXIS2_PLACEMENT_3D('',#5916,#4722,#4723);
#4160=AXIS2_PLACEMENT_3D('',#5917,#4724,#4725);
#4161=AXIS2_PLACEMENT_3D('',#5918,#4726,#4727);
#4162=AXIS2_PLACEMENT_3D('',#5919,#4728,#4729);
#4163=AXIS2_PLACEMENT_3D('',#5920,#4730,#4731);
#4164=AXIS2_PLACEMENT_3D('',#5921,#4732,#4733);
#4165=AXIS2_PLACEMENT_3D('',#5922,#4734,#4735);
#4166=AXIS2_PLACEMENT_3D('',#5923,#4736,#4737);
#4167=AXIS2_PLACEMENT_3D('',#5924,#4738,#4739);
#4168=AXIS2_PLACEMENT_3D('',#5925,#4740,#4741);
#4169=AXIS2_PLACEMENT_3D('',#5934,#4746,#4747);
#4170=AXIS2_PLACEMENT_3D('',#5935,#4748,#4749);
#4171=AXIS2_PLACEMENT_3D('',#5937,#4750,#4751);
#4172=AXIS2_PLACEMENT_3D('',#5940,#4753,#4754);
#4173=AXIS2_PLACEMENT_3D('',#5946,#4758,#4759);
#4174=AXIS2_PLACEMENT_3D('',#5947,#4760,#4761);
#4175=AXIS2_PLACEMENT_3D('',#5949,#4762,#4763);
#4176=AXIS2_PLACEMENT_3D('',#5952,#4765,#4766);
#4177=AXIS2_PLACEMENT_3D('',#5958,#4770,#4771);
#4178=AXIS2_PLACEMENT_3D('',#5959,#4772,#4773);
#4179=AXIS2_PLACEMENT_3D('',#5961,#4774,#4775);
#4180=AXIS2_PLACEMENT_3D('',#5964,#4777,#4778);
#4181=AXIS2_PLACEMENT_3D('',#5970,#4782,#4783);
#4182=AXIS2_PLACEMENT_3D('',#5971,#4784,#4785);
#4183=AXIS2_PLACEMENT_3D('',#5973,#4786,#4787);
#4184=AXIS2_PLACEMENT_3D('',#5976,#4789,#4790);
#4185=AXIS2_PLACEMENT_3D('',#5982,#4794,#4795);
#4186=AXIS2_PLACEMENT_3D('',#5983,#4796,#4797);
#4187=AXIS2_PLACEMENT_3D('',#5985,#4798,#4799);
#4188=AXIS2_PLACEMENT_3D('',#5988,#4801,#4802);
#4189=AXIS2_PLACEMENT_3D('',#5989,#4803,#4804);
#4190=AXIS2_PLACEMENT_3D('',#5991,#4805,#4806);
#4191=AXIS2_PLACEMENT_3D('',#5994,#4808,#4809);
#4192=AXIS2_PLACEMENT_3D('',#6000,#4813,#4814);
#4193=AXIS2_PLACEMENT_3D('',#6001,#4815,#4816);
#4194=AXIS2_PLACEMENT_3D('',#6002,#4817,#4818);
#4195=AXIS2_PLACEMENT_3D('',#6003,#4819,#4820);
#4196=AXIS2_PLACEMENT_3D('',#6004,#4821,#4822);
#4197=AXIS2_PLACEMENT_3D('',#6005,#4823,#4824);
#4198=AXIS2_PLACEMENT_3D('',#6006,#4825,#4826);
#4199=AXIS2_PLACEMENT_3D('',#6015,#4831,#4832);
#4200=AXIS2_PLACEMENT_3D('',#6016,#4833,#4834);
#4201=AXIS2_PLACEMENT_3D('',#6020,#4836,#4837);
#4202=AXIS2_PLACEMENT_3D('',#6021,#4838,#4839);
#4203=AXIS2_PLACEMENT_3D('',#6027,#4843,#4844);
#4204=AXIS2_PLACEMENT_3D('',#6028,#4845,#4846);
#4205=AXIS2_PLACEMENT_3D('',#6032,#4848,#4849);
#4206=AXIS2_PLACEMENT_3D('',#6033,#4850,#4851);
#4207=AXIS2_PLACEMENT_3D('',#6039,#4855,#4856);
#4208=AXIS2_PLACEMENT_3D('',#6040,#4857,#4858);
#4209=AXIS2_PLACEMENT_3D('',#6044,#4860,#4861);
#4210=AXIS2_PLACEMENT_3D('',#6045,#4862,#4863);
#4211=AXIS2_PLACEMENT_3D('',#6046,#4864,#4865);
#4212=AXIS2_PLACEMENT_3D('',#6047,#4866,#4867);
#4213=AXIS2_PLACEMENT_3D('',#6048,#4868,#4869);
#4214=AXIS2_PLACEMENT_3D('',#6049,#4870,#4871);
#4215=AXIS2_PLACEMENT_3D('',#6050,#4872,#4873);
#4216=AXIS2_PLACEMENT_3D('',#6051,#4874,#4875);
#4217=AXIS2_PLACEMENT_3D('',#6060,#4880,#4881);
#4218=AXIS2_PLACEMENT_3D('',#6061,#4882,#4883);
#4219=AXIS2_PLACEMENT_3D('',#6065,#4885,#4886);
#4220=AXIS2_PLACEMENT_3D('',#6066,#4887,#4888);
#4221=AXIS2_PLACEMENT_3D('',#6072,#4892,#4893);
#4222=AXIS2_PLACEMENT_3D('',#6073,#4894,#4895);
#4223=AXIS2_PLACEMENT_3D('',#6077,#4897,#4898);
#4224=AXIS2_PLACEMENT_3D('',#6078,#4899,#4900);
#4225=AXIS2_PLACEMENT_3D('',#6084,#4904,#4905);
#4226=AXIS2_PLACEMENT_3D('',#6085,#4906,#4907);
#4227=AXIS2_PLACEMENT_3D('',#6089,#4909,#4910);
#4228=AXIS2_PLACEMENT_3D('',#6090,#4911,#4912);
#4229=AXIS2_PLACEMENT_3D('',#6091,#4913,#4914);
#4230=AXIS2_PLACEMENT_3D('',#6092,#4915,#4916);
#4231=AXIS2_PLACEMENT_3D('',#6093,#4917,#4918);
#4232=AXIS2_PLACEMENT_3D('',#6094,#4919,#4920);
#4233=AXIS2_PLACEMENT_3D('',#6095,#4921,#4922);
#4234=AXIS2_PLACEMENT_3D('',#6096,#4923,#4924);
#4235=AXIS2_PLACEMENT_3D('',#6105,#4929,#4930);
#4236=AXIS2_PLACEMENT_3D('',#6111,#4934,#4935);
#4237=AXIS2_PLACEMENT_3D('',#6112,#4936,#4937);
#4238=AXIS2_PLACEMENT_3D('',#6114,#4938,#4939);
#4239=AXIS2_PLACEMENT_3D('',#6117,#4941,#4942);
#4240=AXIS2_PLACEMENT_3D('',#6123,#4946,#4947);
#4241=AXIS2_PLACEMENT_3D('',#6129,#4951,#4952);
#4242=AXIS2_PLACEMENT_3D('',#6135,#4956,#4957);
#4243=AXIS2_PLACEMENT_3D('',#6136,#4958,#4959);
#4244=AXIS2_PLACEMENT_3D('',#6138,#4960,#4961);
#4245=AXIS2_PLACEMENT_3D('',#6141,#4963,#4964);
#4246=AXIS2_PLACEMENT_3D('',#6144,#4967,#4968);
#4247=AXIS2_PLACEMENT_3D('',#6145,#4969,#4970);
#4248=AXIS2_PLACEMENT_3D('',#6146,#4971,#4972);
#4249=AXIS2_PLACEMENT_3D('',#6147,#4973,#4974);
#4250=AXIS2_PLACEMENT_3D('',#6148,#4975,#4976);
#4251=AXIS2_PLACEMENT_3D('',#6150,#4977,#4978);
#4252=AXIS2_PLACEMENT_3D('',#6152,#4979,#4980);
#4253=AXIS2_PLACEMENT_3D('',#6153,#4981,#4982);
#4254=AXIS2_PLACEMENT_3D('',#6154,#4983,#4984);
#4255=AXIS2_PLACEMENT_3D('',#6155,#4985,#4986);
#4256=AXIS2_PLACEMENT_3D('',#6164,#4991,#4992);
#4257=AXIS2_PLACEMENT_3D('',#6165,#4993,#4994);
#4258=AXIS2_PLACEMENT_3D('',#6167,#4995,#4996);
#4259=AXIS2_PLACEMENT_3D('',#6170,#4998,#4999);
#4260=AXIS2_PLACEMENT_3D('',#6176,#5003,#5004);
#4261=AXIS2_PLACEMENT_3D('',#6177,#5005,#5006);
#4262=AXIS2_PLACEMENT_3D('',#6179,#5007,#5008);
#4263=AXIS2_PLACEMENT_3D('',#6182,#5010,#5011);
#4264=AXIS2_PLACEMENT_3D('',#6188,#5015,#5016);
#4265=AXIS2_PLACEMENT_3D('',#6189,#5017,#5018);
#4266=AXIS2_PLACEMENT_3D('',#6190,#5019,#5020);
#4267=AXIS2_PLACEMENT_3D('',#6191,#5021,#5022);
#4268=AXIS2_PLACEMENT_3D('',#6192,#5023,#5024);
#4269=AXIS2_PLACEMENT_3D('',#6193,#5025,#5026);
#4270=AXIS2_PLACEMENT_3D('',#6194,#5027,#5028);
#4271=AXIS2_PLACEMENT_3D('',#6195,#5029,#5030);
#4272=AXIS2_PLACEMENT_3D('',#6197,#5031,#5032);
#4273=AXIS2_PLACEMENT_3D('',#6199,#5033,#5034);
#4274=AXIS2_PLACEMENT_3D('',#6200,#5035,#5036);
#4275=AXIS2_PLACEMENT_3D('',#6201,#5037,#5038);
#4276=AXIS2_PLACEMENT_3D('',#6202,#5039,#5040);
#4277=AXIS2_PLACEMENT_3D('',#6211,#5045,#5046);
#4278=AXIS2_PLACEMENT_3D('',#6212,#5047,#5048);
#4279=AXIS2_PLACEMENT_3D('',#6216,#5050,#5051);
#4280=AXIS2_PLACEMENT_3D('',#6217,#5052,#5053);
#4281=AXIS2_PLACEMENT_3D('',#6223,#5057,#5058);
#4282=AXIS2_PLACEMENT_3D('',#6224,#5059,#5060);
#4283=AXIS2_PLACEMENT_3D('',#6228,#5062,#5063);
#4284=AXIS2_PLACEMENT_3D('',#6229,#5064,#5065);
#4285=AXIS2_PLACEMENT_3D('',#6235,#5069,#5070);
#4286=AXIS2_PLACEMENT_3D('',#6236,#5071,#5072);
#4287=AXIS2_PLACEMENT_3D('',#6240,#5074,#5075);
#4288=AXIS2_PLACEMENT_3D('',#6241,#5076,#5077);
#4289=AXIS2_PLACEMENT_3D('',#6247,#5081,#5082);
#4290=AXIS2_PLACEMENT_3D('',#6248,#5083,#5084);
#4291=AXIS2_PLACEMENT_3D('',#6252,#5086,#5087);
#4292=AXIS2_PLACEMENT_3D('',#6253,#5088,#5089);
#4293=AXIS2_PLACEMENT_3D('',#6259,#5093,#5094);
#4294=AXIS2_PLACEMENT_3D('',#6260,#5095,#5096);
#4295=AXIS2_PLACEMENT_3D('',#6264,#5098,#5099);
#4296=AXIS2_PLACEMENT_3D('',#6265,#5100,#5101);
#4297=AXIS2_PLACEMENT_3D('',#6266,#5102,#5103);
#4298=AXIS2_PLACEMENT_3D('',#6270,#5105,#5106);
#4299=AXIS2_PLACEMENT_3D('',#6271,#5107,#5108);
#4300=AXIS2_PLACEMENT_3D('',#6277,#5112,#5113);
#4301=AXIS2_PLACEMENT_3D('',#6278,#5114,#5115);
#4302=AXIS2_PLACEMENT_3D('',#6279,#5116,#5117);
#4303=AXIS2_PLACEMENT_3D('',#6280,#5118,#5119);
#4304=AXIS2_PLACEMENT_3D('',#6281,#5120,#5121);
#4305=AXIS2_PLACEMENT_3D('',#6282,#5122,#5123);
#4306=AXIS2_PLACEMENT_3D('',#6283,#5124,#5125);
#4307=AXIS2_PLACEMENT_3D('',#6292,#5130,#5131);
#4308=AXIS2_PLACEMENT_3D('',#6298,#5135,#5136);
#4309=AXIS2_PLACEMENT_3D('',#6304,#5140,#5141);
#4310=AXIS2_PLACEMENT_3D('',#6305,#5142,#5143);
#4311=AXIS2_PLACEMENT_3D('',#6307,#5144,#5145);
#4312=AXIS2_PLACEMENT_3D('',#6310,#5147,#5148);
#4313=AXIS2_PLACEMENT_3D('',#6316,#5152,#5153);
#4314=AXIS2_PLACEMENT_3D('',#6322,#5157,#5158);
#4315=AXIS2_PLACEMENT_3D('',#6328,#5162,#5163);
#4316=AXIS2_PLACEMENT_3D('',#6329,#5164,#5165);
#4317=AXIS2_PLACEMENT_3D('',#6330,#5166,#5167);
#4318=AXIS2_PLACEMENT_3D('',#6331,#5168,#5169);
#4319=AXIS2_PLACEMENT_3D('',#6332,#5170,#5171);
#4320=AXIS2_PLACEMENT_3D('',#6333,#5172,#5173);
#4321=AXIS2_PLACEMENT_3D('',#6334,#5174,#5175);
#4322=AXIS2_PLACEMENT_3D('',#6335,#5176,#5177);
#4323=AXIS2_PLACEMENT_3D('',#6340,#5179,#5180);
#4324=AXIS2_PLACEMENT_3D('',#6343,#5182,#5183);
#4325=AXIS2_PLACEMENT_3D('',#6344,#5184,#5185);
#4326=AXIS2_PLACEMENT_3D('',#6346,#5186,#5187);
#4327=AXIS2_PLACEMENT_3D('',#6349,#5189,#5190);
#4328=AXIS2_PLACEMENT_3D('',#6355,#5194,#5195);
#4329=AXIS2_PLACEMENT_3D('',#6356,#5196,#5197);
#4330=AXIS2_PLACEMENT_3D('',#6358,#5198,#5199);
#4331=AXIS2_PLACEMENT_3D('',#6361,#5201,#5202);
#4332=AXIS2_PLACEMENT_3D('',#6367,#5206,#5207);
#4333=AXIS2_PLACEMENT_3D('',#6368,#5208,#5209);
#4334=AXIS2_PLACEMENT_3D('',#6369,#5210,#5211);
#4335=AXIS2_PLACEMENT_3D('',#6370,#5212,#5213);
#4336=AXIS2_PLACEMENT_3D('',#6371,#5214,#5215);
#4337=AXIS2_PLACEMENT_3D('',#6372,#5216,#5217);
#4338=AXIS2_PLACEMENT_3D('',#6373,#5218,#5219);
#4339=AXIS2_PLACEMENT_3D('',#6374,#5220,#5221);
#4340=AXIS2_PLACEMENT_3D('',#6376,#5222,#5223);
#4341=AXIS2_PLACEMENT_3D('',#6378,#5224,#5225);
#4342=AXIS2_PLACEMENT_3D('',#6379,#5226,#5227);
#4343=AXIS2_PLACEMENT_3D('',#6380,#5228,#5229);
#4344=AXIS2_PLACEMENT_3D('',#6381,#5230,#5231);
#4345=AXIS2_PLACEMENT_3D('',#6390,#5236,#5237);
#4346=AXIS2_PLACEMENT_3D('',#6391,#5238,#5239);
#4347=AXIS2_PLACEMENT_3D('',#6395,#5241,#5242);
#4348=AXIS2_PLACEMENT_3D('',#6396,#5243,#5244);
#4349=AXIS2_PLACEMENT_3D('',#6402,#5248,#5249);
#4350=AXIS2_PLACEMENT_3D('',#6403,#5250,#5251);
#4351=AXIS2_PLACEMENT_3D('',#6407,#5253,#5254);
#4352=AXIS2_PLACEMENT_3D('',#6408,#5255,#5256);
#4353=AXIS2_PLACEMENT_3D('',#6414,#5260,#5261);
#4354=AXIS2_PLACEMENT_3D('',#6415,#5262,#5263);
#4355=AXIS2_PLACEMENT_3D('',#6419,#5265,#5266);
#4356=AXIS2_PLACEMENT_3D('',#6420,#5267,#5268);
#4357=AXIS2_PLACEMENT_3D('',#6426,#5272,#5273);
#4358=AXIS2_PLACEMENT_3D('',#6427,#5274,#5275);
#4359=AXIS2_PLACEMENT_3D('',#6431,#5277,#5278);
#4360=AXIS2_PLACEMENT_3D('',#6432,#5279,#5280);
#4361=AXIS2_PLACEMENT_3D('',#6438,#5284,#5285);
#4362=AXIS2_PLACEMENT_3D('',#6439,#5286,#5287);
#4363=AXIS2_PLACEMENT_3D('',#6443,#5289,#5290);
#4364=AXIS2_PLACEMENT_3D('',#6444,#5291,#5292);
#4365=AXIS2_PLACEMENT_3D('',#6445,#5293,#5294);
#4366=AXIS2_PLACEMENT_3D('',#6449,#5296,#5297);
#4367=AXIS2_PLACEMENT_3D('',#6450,#5298,#5299);
#4368=AXIS2_PLACEMENT_3D('',#6456,#5303,#5304);
#4369=AXIS2_PLACEMENT_3D('',#6457,#5305,#5306);
#4370=AXIS2_PLACEMENT_3D('',#6458,#5307,#5308);
#4371=AXIS2_PLACEMENT_3D('',#6459,#5309,#5310);
#4372=AXIS2_PLACEMENT_3D('',#6460,#5311,#5312);
#4373=AXIS2_PLACEMENT_3D('',#6461,#5313,#5314);
#4374=AXIS2_PLACEMENT_3D('',#6462,#5315,#5316);
#4375=AXIS2_PLACEMENT_3D('',#6471,#5321,#5322);
#4376=AXIS2_PLACEMENT_3D('',#6472,#5323,#5324);
#4377=AXIS2_PLACEMENT_3D('',#6476,#5326,#5327);
#4378=AXIS2_PLACEMENT_3D('',#6477,#5328,#5329);
#4379=AXIS2_PLACEMENT_3D('',#6483,#5333,#5334);
#4380=AXIS2_PLACEMENT_3D('',#6484,#5335,#5336);
#4381=AXIS2_PLACEMENT_3D('',#6488,#5338,#5339);
#4382=AXIS2_PLACEMENT_3D('',#6489,#5340,#5341);
#4383=AXIS2_PLACEMENT_3D('',#6495,#5345,#5346);
#4384=AXIS2_PLACEMENT_3D('',#6496,#5347,#5348);
#4385=AXIS2_PLACEMENT_3D('',#6497,#5349,#5350);
#4386=AXIS2_PLACEMENT_3D('',#6498,#5351,#5352);
#4387=AXIS2_PLACEMENT_3D('',#6499,#5353,#5354);
#4388=AXIS2_PLACEMENT_3D('',#6500,#5355,#5356);
#4389=AXIS2_PLACEMENT_3D('',#6501,#5357,#5358);
#4390=AXIS2_PLACEMENT_3D('',#6510,#5363,#5364);
#4391=AXIS2_PLACEMENT_3D('',#6511,#5365,#5366);
#4392=AXIS2_PLACEMENT_3D('',#6513,#5367,#5368);
#4393=AXIS2_PLACEMENT_3D('',#6516,#5370,#5371);
#4394=AXIS2_PLACEMENT_3D('',#6522,#5375,#5376);
#4395=AXIS2_PLACEMENT_3D('',#6523,#5377,#5378);
#4396=AXIS2_PLACEMENT_3D('',#6525,#5379,#5380);
#4397=AXIS2_PLACEMENT_3D('',#6528,#5382,#5383);
#4398=AXIS2_PLACEMENT_3D('',#6534,#5387,#5388);
#4399=AXIS2_PLACEMENT_3D('',#6535,#5389,#5390);
#4400=AXIS2_PLACEMENT_3D('',#6537,#5391,#5392);
#4401=AXIS2_PLACEMENT_3D('',#6540,#5394,#5395);
#4402=AXIS2_PLACEMENT_3D('',#6541,#5396,#5397);
#4403=AXIS2_PLACEMENT_3D('',#6542,#5398,#5399);
#4404=AXIS2_PLACEMENT_3D('',#6543,#5400,#5401);
#4405=AXIS2_PLACEMENT_3D('',#6544,#5402,#5403);
#4406=AXIS2_PLACEMENT_3D('',#6545,#5404,#5405);
#4407=AXIS2_PLACEMENT_3D('',#6546,#5406,#5407);
#4408=AXIS2_PLACEMENT_3D('',#6555,#5412,#5413);
#4409=AXIS2_PLACEMENT_3D('',#6556,#5414,#5415);
#4410=AXIS2_PLACEMENT_3D('',#6558,#5416,#5417);
#4411=AXIS2_PLACEMENT_3D('',#6561,#5419,#5420);
#4412=AXIS2_PLACEMENT_3D('',#6567,#5424,#5425);
#4413=AXIS2_PLACEMENT_3D('',#6568,#5426,#5427);
#4414=AXIS2_PLACEMENT_3D('',#6570,#5428,#5429);
#4415=AXIS2_PLACEMENT_3D('',#6573,#5431,#5432);
#4416=AXIS2_PLACEMENT_3D('',#6579,#5436,#5437);
#4417=AXIS2_PLACEMENT_3D('',#6580,#5438,#5439);
#4418=AXIS2_PLACEMENT_3D('',#6582,#5440,#5441);
#4419=AXIS2_PLACEMENT_3D('',#6585,#5443,#5444);
#4420=AXIS2_PLACEMENT_3D('',#6586,#5445,#5446);
#4421=AXIS2_PLACEMENT_3D('',#6587,#5447,#5448);
#4422=AXIS2_PLACEMENT_3D('',#6588,#5449,#5450);
#4423=AXIS2_PLACEMENT_3D('',#6589,#5451,#5452);
#4424=AXIS2_PLACEMENT_3D('',#6590,#5453,#5454);
#4425=AXIS2_PLACEMENT_3D('',#6591,#5455,#5456);
#4426=AXIS2_PLACEMENT_3D('',#6592,#5457,#5458);
#4427=AXIS2_PLACEMENT_3D('',#6597,#5460,#5461);
#4428=AXIS2_PLACEMENT_3D('',#6600,#5463,#5464);
#4429=AXIS2_PLACEMENT_3D('',#6601,#5465,#5466);
#4430=AXIS2_PLACEMENT_3D('',#6605,#5468,#5469);
#4431=AXIS2_PLACEMENT_3D('',#6606,#5470,#5471);
#4432=AXIS2_PLACEMENT_3D('',#6612,#5475,#5476);
#4433=AXIS2_PLACEMENT_3D('',#6618,#5480,#5481);
#4434=AXIS2_PLACEMENT_3D('',#6624,#5485,#5486);
#4435=AXIS2_PLACEMENT_3D('',#6625,#5487,#5488);
#4436=AXIS2_PLACEMENT_3D('',#6626,#5489,#5490);
#4437=AXIS2_PLACEMENT_3D('',#6627,#5491,#5492);
#4438=AXIS2_PLACEMENT_3D('',#6628,#5493,#5494);
#4439=AXIS2_PLACEMENT_3D('',#6629,#5495,#5496);
#4440=AXIS2_PLACEMENT_3D('',#6630,#5497,#5498);
#4441=AXIS2_PLACEMENT_3D('',#6631,#5499,#5500);
#4442=AXIS2_PLACEMENT_3D('',#6633,#5501,#5502);
#4443=AXIS2_PLACEMENT_3D('',#6635,#5503,#5504);
#4444=AXIS2_PLACEMENT_3D('',#6636,#5505,#5506);
#4445=AXIS2_PLACEMENT_3D('',#6637,#5507,#5508);
#4446=AXIS2_PLACEMENT_3D('',#6638,#5509,#5510);
#4447=AXIS2_PLACEMENT_3D('',#6639,#5511,#5512);
#4448=AXIS2_PLACEMENT_3D('',#6644,#5514,#5515);
#4449=AXIS2_PLACEMENT_3D('',#6647,#5517,#5518);
#4450=AXIS2_PLACEMENT_3D('',#6653,#5522,#5523);
#4451=AXIS2_PLACEMENT_3D('',#6654,#5524,#5525);
#4452=AXIS2_PLACEMENT_3D('',#6658,#5527,#5528);
#4453=AXIS2_PLACEMENT_3D('',#6659,#5529,#5530);
#4454=AXIS2_PLACEMENT_3D('',#6665,#5534,#5535);
#4455=AXIS2_PLACEMENT_3D('',#6666,#5536,#5537);
#4456=AXIS2_PLACEMENT_3D('',#6670,#5539,#5540);
#4457=AXIS2_PLACEMENT_3D('',#6671,#5541,#5542);
#4458=AXIS2_PLACEMENT_3D('',#6677,#5546,#5547);
#4459=AXIS2_PLACEMENT_3D('',#6678,#5548,#5549);
#4460=AXIS2_PLACEMENT_3D('',#6679,#5550,#5551);
#4461=AXIS2_PLACEMENT_3D('',#6680,#5552,#5553);
#4462=AXIS2_PLACEMENT_3D('',#6681,#5554,#5555);
#4463=AXIS2_PLACEMENT_3D('',#6682,#5556,#5557);
#4464=AXIS2_PLACEMENT_3D('',#6683,#5558,#5559);
#4465=AXIS2_PLACEMENT_3D('',#6684,#5560,#5561);
#4466=AXIS2_PLACEMENT_3D('',#6686,#5562,#5563);
#4467=AXIS2_PLACEMENT_3D('',#6688,#5564,#5565);
#4468=AXIS2_PLACEMENT_3D('',#6697,#5570,#5571);
#4469=AXIS2_PLACEMENT_3D('',#6698,#5572,#5573);
#4470=AXIS2_PLACEMENT_3D('',#6704,#5577,#5578);
#4471=AXIS2_PLACEMENT_3D('',#6708,#5581,#5582);
#4472=AXIS2_PLACEMENT_3D('',#6712,#5585,#5586);
#4473=AXIS2_PLACEMENT_3D('',#6714,#5588,#5589);
#4474=AXIS2_PLACEMENT_3D('',#6715,#5590,#5591);
#4475=AXIS2_PLACEMENT_3D('',#6716,#5592,#5593);
#4476=AXIS2_PLACEMENT_3D('',#6725,#5598,#5599);
#4477=AXIS2_PLACEMENT_3D('',#6726,#5600,#5601);
#4478=AXIS2_PLACEMENT_3D('',#6728,#5602,#5603);
#4479=AXIS2_PLACEMENT_3D('',#6731,#5605,#5606);
#4480=AXIS2_PLACEMENT_3D('',#6737,#5610,#5611);
#4481=AXIS2_PLACEMENT_3D('',#6738,#5612,#5613);
#4482=AXIS2_PLACEMENT_3D('',#6740,#5614,#5615);
#4483=AXIS2_PLACEMENT_3D('',#6743,#5617,#5618);
#4484=AXIS2_PLACEMENT_3D('',#6749,#5622,#5623);
#4485=AXIS2_PLACEMENT_3D('',#6750,#5624,#5625);
#4486=AXIS2_PLACEMENT_3D('',#6752,#5626,#5627);
#4487=AXIS2_PLACEMENT_3D('',#6755,#5629,#5630);
#4488=AXIS2_PLACEMENT_3D('',#6761,#5634,#5635);
#4489=AXIS2_PLACEMENT_3D('',#6762,#5636,#5637);
#4490=AXIS2_PLACEMENT_3D('',#6764,#5638,#5639);
#4491=AXIS2_PLACEMENT_3D('',#6767,#5641,#5642);
#4492=AXIS2_PLACEMENT_3D('',#6773,#5646,#5647);
#4493=AXIS2_PLACEMENT_3D('',#6774,#5648,#5649);
#4494=AXIS2_PLACEMENT_3D('',#6776,#5650,#5651);
#4495=AXIS2_PLACEMENT_3D('',#6779,#5653,#5654);
#4496=AXIS2_PLACEMENT_3D('',#6780,#5655,#5656);
#4497=AXIS2_PLACEMENT_3D('',#6782,#5657,#5658);
#4498=AXIS2_PLACEMENT_3D('',#6785,#5660,#5661);
#4499=AXIS2_PLACEMENT_3D('',#6791,#5665,#5666);
#4500=AXIS2_PLACEMENT_3D('',#6792,#5667,#5668);
#4501=AXIS2_PLACEMENT_3D('',#6793,#5669,#5670);
#4502=AXIS2_PLACEMENT_3D('',#6794,#5671,#5672);
#4503=AXIS2_PLACEMENT_3D('',#6795,#5673,#5674);
#4504=AXIS2_PLACEMENT_3D('',#6796,#5675,#5676);
#4505=AXIS2_PLACEMENT_3D('',#6797,#5677,#5678);
#4506=AXIS2_PLACEMENT_3D('',#6798,#5679,#5680);
#4507=AXIS2_PLACEMENT_3D('',#6800,#5681,#5682);
#4508=AXIS2_PLACEMENT_3D('',#6802,#5683,#5684);
#4509=AXIS2_PLACEMENT_3D('',#6803,#5685,#5686);
#4510=AXIS2_PLACEMENT_3D('',#6804,#5687,#5688);
#4511=AXIS2_PLACEMENT_3D('',#6805,#5689,#5690);
#4512=AXIS2_PLACEMENT_3D('',#6806,#5691,#5692);
#4513=AXIS2_PLACEMENT_3D('',#6811,#5694,#5695);
#4514=AXIS2_PLACEMENT_3D('',#6814,#5697,#5698);
#4515=AXIS2_PLACEMENT_3D('',#6815,#5699,#5700);
#4516=AXIS2_PLACEMENT_3D('',#6819,#5702,#5703);
#4517=AXIS2_PLACEMENT_3D('',#6820,#5704,#5705);
#4518=AXIS2_PLACEMENT_3D('',#6826,#5709,#5710);
#4519=AXIS2_PLACEMENT_3D('',#6827,#5711,#5712);
#4520=AXIS2_PLACEMENT_3D('',#6831,#5714,#5715);
#4521=AXIS2_PLACEMENT_3D('',#6832,#5716,#5717);
#4522=AXIS2_PLACEMENT_3D('',#6838,#5721,#5722);
#4523=AXIS2_PLACEMENT_3D('',#6839,#5723,#5724);
#4524=AXIS2_PLACEMENT_3D('',#6840,#5725,#5726);
#4525=AXIS2_PLACEMENT_3D('',#6841,#5727,#5728);
#4526=AXIS2_PLACEMENT_3D('',#6842,#5729,#5730);
#4527=AXIS2_PLACEMENT_3D('',#6843,#5731,#5732);
#4528=AXIS2_PLACEMENT_3D('',#6844,#5733,#5734);
#4529=AXIS2_PLACEMENT_3D('',#6845,#5735,#5736);
#4530=AXIS2_PLACEMENT_3D('',#6850,#5738,#5739);
#4531=AXIS2_PLACEMENT_3D('',#6853,#5741,#5742);
#4532=AXIS2_PLACEMENT_3D('',#6854,#5743,#5744);
#4533=AXIS2_PLACEMENT_3D('',#6858,#5746,#5747);
#4534=AXIS2_PLACEMENT_3D('',#6859,#5748,#5749);
#4535=AXIS2_PLACEMENT_3D('',#6862,#5752,#5753);
#4536=AXIS2_PLACEMENT_3D('',#6863,#5754,#5755);
#4537=AXIS2_PLACEMENT_3D('',#6864,#5756,#5757);
#4538=DIRECTION('',(0.,0.,1.));
#4539=DIRECTION('',(1.,0.,0.));
#4540=DIRECTION('',(-1.7347234759768E-16,1.,0.));
#4541=DIRECTION('',(-1.,-1.7347234759768E-16,0.));
#4542=DIRECTION('',(-1.7347234759768E-16,1.,0.));
#4543=DIRECTION('',(-1.,-1.7347234759768E-16,0.));
#4544=DIRECTION('',(-1.7347234759768E-16,1.,0.));
#4545=DIRECTION('',(-1.7347234759768E-16,1.,0.));
#4546=DIRECTION('',(-1.,-1.7347234759768E-16,0.));
#4547=DIRECTION('',(-1.7347234759768E-16,1.,0.));
#4548=DIRECTION('',(-1.7347234759768E-16,1.,0.));
#4549=DIRECTION('',(-1.,-1.7347234759768E-16,0.));
#4550=DIRECTION('',(1.7347234759768E-16,-1.,0.));
#4551=DIRECTION('',(1.,1.7347234759768E-16,0.));
#4552=DIRECTION('',(-1.7347234759768E-16,1.,0.));
#4553=DIRECTION('',(1.7347234759768E-16,-1.,0.));
#4554=DIRECTION('',(1.,1.7347234759768E-16,0.));
#4555=DIRECTION('',(0.,0.,-1.));
#4556=DIRECTION('',(-1.,0.,0.));
#4557=DIRECTION('',(-1.,-1.7347234759768E-16,0.));
#4558=DIRECTION('',(-1.7347234759768E-16,1.,0.));
#4559=DIRECTION('',(-1.,-1.7347234759768E-16,0.));
#4560=DIRECTION('',(-1.,-1.7347234759768E-16,0.));
#4561=DIRECTION('',(1.7347234759768E-16,-1.,0.));
#4562=DIRECTION('',(0.,0.,1.));
#4563=DIRECTION('',(-1.7347234759768E-16,1.,0.));
#4564=DIRECTION('',(0.,0.,1.));
#4565=DIRECTION('',(0.,0.,-1.));
#4566=DIRECTION('',(-1.,0.,0.));
#4567=DIRECTION('',(-1.,-1.7347234759768E-16,0.));
#4568=DIRECTION('',(-1.7347234759768E-16,1.,0.));
#4569=DIRECTION('',(-1.,-1.7347234759768E-16,0.));
#4570=DIRECTION('',(-1.7347234759768E-16,1.,0.));
#4571=DIRECTION('',(-1.,-1.7347234759768E-16,0.));
#4572=DIRECTION('',(1.7347234759768E-16,-1.,0.));
#4573=DIRECTION('',(1.,1.7347234759768E-16,0.));
#4574=DIRECTION('',(1.7347234759768E-16,-1.,0.));
#4575=DIRECTION('',(1.,1.7347234759768E-16,0.));
#4576=DIRECTION('',(1.7347234759768E-16,-1.,0.));
#4577=DIRECTION('',(1.,1.7347234759768E-16,0.));
#4578=DIRECTION('',(1.7347234759768E-16,-1.,0.));
#4579=DIRECTION('',(1.,1.7347234759768E-16,0.));
#4580=DIRECTION('',(0.,0.,1.));
#4581=DIRECTION('',(1.,0.,0.));
#4582=DIRECTION('',(1.,0.,0.));
#4583=DIRECTION('',(0.,0.,-1.));
#4584=DIRECTION('',(1.,0.,0.));
#4585=DIRECTION('',(0.,0.,-1.));
#4586=DIRECTION('',(1.,0.,0.));
#4587=DIRECTION('',(0.,0.,-1.));
#4588=DIRECTION('',(0.,0.,-1.));
#4589=DIRECTION('',(0.,-1.,0.));
#4590=DIRECTION('',(0.,0.,-1.));
#4591=DIRECTION('',(0.,-1.,0.));
#4592=DIRECTION('',(0.,-1.,0.));
#4593=DIRECTION('',(0.,0.,-1.));
#4594=DIRECTION('',(0.,0.,-1.));
#4595=DIRECTION('',(-1.,0.,0.));
#4596=DIRECTION('',(0.,0.,-1.));
#4597=DIRECTION('',(-1.,0.,0.));
#4598=DIRECTION('',(1.,0.,0.));
#4599=DIRECTION('',(0.,0.,-1.));
#4600=DIRECTION('',(0.,0.,-1.));
#4601=DIRECTION('',(0.,-1.,0.));
#4602=DIRECTION('',(0.,0.,-1.));
#4603=DIRECTION('',(0.,-1.,0.));
#4604=DIRECTION('',(0.,-1.,0.));
#4605=DIRECTION('',(0.,0.,-1.));
#4606=DIRECTION('',(0.,0.,-1.));
#4607=DIRECTION('',(-1.,0.,0.));
#4608=DIRECTION('',(0.,0.,-1.));
#4609=DIRECTION('',(-1.,0.,0.));
#4610=DIRECTION('',(0.,0.,1.));
#4611=DIRECTION('',(1.,0.,0.));
#4612=DIRECTION('',(0.,-1.,0.));
#4613=DIRECTION('',(0.,0.,1.));
#4614=DIRECTION('',(1.,0.,0.));
#4615=DIRECTION('',(-1.,0.,0.));
#4616=DIRECTION('',(0.,0.,1.));
#4617=DIRECTION('',(1.,0.,0.));
#4618=DIRECTION('',(0.,-1.,0.));
#4619=DIRECTION('',(0.,0.,1.));
#4620=DIRECTION('',(1.,0.,0.));
#4621=DIRECTION('',(-1.,0.,0.));
#4622=DIRECTION('',(0.,0.,1.));
#4623=DIRECTION('',(1.,0.,0.));
#4624=DIRECTION('',(0.,0.,1.));
#4625=DIRECTION('',(1.,0.,0.));
#4626=DIRECTION('',(-1.,0.,0.));
#4627=DIRECTION('',(0.,0.,1.));
#4628=DIRECTION('',(1.,0.,0.));
#4629=DIRECTION('',(0.,-1.,0.));
#4630=DIRECTION('',(0.,0.,1.));
#4631=DIRECTION('',(1.,0.,0.));
#4632=DIRECTION('',(-1.,0.,0.));
#4633=DIRECTION('',(0.,0.,1.));
#4634=DIRECTION('',(1.,0.,0.));
#4635=DIRECTION('',(0.,-1.,0.));
#4636=DIRECTION('',(0.,0.,1.));
#4637=DIRECTION('',(1.,0.,0.));
#4638=DIRECTION('',(1.,0.,0.));
#4639=DIRECTION('',(0.,0.,-1.));
#4640=DIRECTION('',(1.,0.,0.));
#4641=DIRECTION('',(0.,0.,-1.));
#4642=DIRECTION('',(1.,0.,0.));
#4643=DIRECTION('',(0.,1.,0.));
#4644=DIRECTION('',(1.,0.,0.));
#4645=DIRECTION('',(0.,0.,-1.));
#4646=DIRECTION('',(1.,0.,0.));
#4647=DIRECTION('',(0.,0.,-1.));
#4648=DIRECTION('',(1.,0.,0.));
#4649=DIRECTION('',(0.,1.,0.));
#4650=DIRECTION('',(0.,0.,-1.));
#4651=DIRECTION('',(-1.,0.,0.));
#4652=DIRECTION('',(0.,0.,1.));
#4653=DIRECTION('',(1.,0.,0.));
#4654=DIRECTION('',(0.,0.,1.));
#4655=DIRECTION('',(1.,0.,0.));
#4656=DIRECTION('',(0.,0.,1.));
#4657=DIRECTION('',(1.,0.,0.));
#4658=DIRECTION('',(0.,0.,1.));
#4659=DIRECTION('',(1.,0.,0.));
#4660=DIRECTION('',(0.,0.,1.));
#4661=DIRECTION('',(1.,0.,0.));
#4662=DIRECTION('',(0.,0.,-1.));
#4663=DIRECTION('',(-1.,0.,0.));
#4664=DIRECTION('',(0.,0.,1.));
#4665=DIRECTION('',(1.,0.,0.));
#4666=DIRECTION('',(0.,0.,1.));
#4667=DIRECTION('',(1.,0.,0.));
#4668=DIRECTION('',(0.,0.,1.));
#4669=DIRECTION('',(1.,0.,0.));
#4670=DIRECTION('',(0.,0.,1.));
#4671=DIRECTION('',(1.,0.,0.));
#4672=DIRECTION('',(0.,0.,1.));
#4673=DIRECTION('',(1.,0.,0.));
#4674=DIRECTION('',(0.,0.,1.));
#4675=DIRECTION('',(1.,0.,0.));
#4676=DIRECTION('',(1.,0.,0.));
#4677=DIRECTION('',(0.,0.,-1.));
#4678=DIRECTION('',(0.,1.,0.));
#4679=DIRECTION('',(0.,0.,1.));
#4680=DIRECTION('',(0.,-1.,0.));
#4681=DIRECTION('',(0.,0.,-1.));
#4682=DIRECTION('',(0.,1.,0.));
#4683=DIRECTION('',(0.,0.,1.));
#4684=DIRECTION('',(1.,0.,0.));
#4685=DIRECTION('',(0.,0.,-1.));
#4686=DIRECTION('',(1.,0.,0.));
#4687=DIRECTION('',(0.,0.,-1.));
#4688=DIRECTION('',(0.,0.,1.));
#4689=DIRECTION('',(1.,0.,0.));
#4690=DIRECTION('',(1.,0.,0.));
#4691=DIRECTION('',(0.,0.,-1.));
#4692=DIRECTION('',(0.,0.,1.));
#4693=DIRECTION('',(1.,0.,0.));
#4694=DIRECTION('',(0.,1.,0.));
#4695=DIRECTION('',(0.,0.,1.));
#4696=DIRECTION('',(-1.,0.,0.));
#4697=DIRECTION('',(0.,0.,1.));
#4698=DIRECTION('',(1.,0.,0.));
#4699=DIRECTION('',(0.,0.,-1.));
#4700=DIRECTION('',(0.,1.,0.));
#4701=DIRECTION('',(0.,0.,1.));
#4702=DIRECTION('',(0.,1.,0.));
#4703=DIRECTION('',(0.,0.,1.));
#4704=DIRECTION('',(0.,0.,1.));
#4705=DIRECTION('',(1.,0.,0.));
#4706=DIRECTION('',(0.,0.,1.));
#4707=DIRECTION('',(1.,0.,0.));
#4708=DIRECTION('',(0.,1.,0.));
#4709=DIRECTION('',(0.,0.,1.));
#4710=DIRECTION('',(1.,0.,0.));
#4711=DIRECTION('',(0.,0.,-1.));
#4712=DIRECTION('',(-1.,0.,0.));
#4713=DIRECTION('',(0.,0.,1.));
#4714=DIRECTION('',(1.,0.,0.));
#4715=DIRECTION('',(0.,0.,-1.));
#4716=DIRECTION('',(0.,1.,0.));
#4717=DIRECTION('',(0.,0.,1.));
#4718=DIRECTION('',(0.,1.,0.));
#4719=DIRECTION('',(0.,0.,1.));
#4720=DIRECTION('',(0.,0.,1.));
#4721=DIRECTION('',(1.,0.,0.));
#4722=DIRECTION('',(0.,1.,0.));
#4723=DIRECTION('',(0.,0.,1.));
#4724=DIRECTION('',(0.,0.,1.));
#4725=DIRECTION('',(1.,0.,0.));
#4726=DIRECTION('',(1.,0.,0.));
#4727=DIRECTION('',(0.,0.,-1.));
#4728=DIRECTION('',(0.,-1.,0.));
#4729=DIRECTION('',(0.,0.,-1.));
#4730=DIRECTION('',(0.,1.,0.));
#4731=DIRECTION('',(0.,0.,1.));
#4732=DIRECTION('',(1.,0.,0.));
#4733=DIRECTION('',(0.,0.,-1.));
#4734=DIRECTION('',(1.,0.,0.));
#4735=DIRECTION('',(0.,0.,-1.));
#4736=DIRECTION('',(0.,0.,1.));
#4737=DIRECTION('',(1.,0.,0.));
#4738=DIRECTION('',(0.,0.,1.));
#4739=DIRECTION('',(1.,0.,0.));
#4740=DIRECTION('',(-0.642787609686539,0.,-0.766044443118978));
#4741=DIRECTION('',(-0.766044443118978,0.,0.642787609686539));
#4742=DIRECTION('',(0.766044443118978,0.,-0.642787609686539));
#4743=DIRECTION('',(0.,-1.,0.));
#4744=DIRECTION('',(0.766044443118978,0.,-0.642787609686539));
#4745=DIRECTION('',(0.,-1.,0.));
#4746=DIRECTION('',(0.,-1.,0.));
#4747=DIRECTION('',(0.,0.,-1.));
#4748=DIRECTION('',(0.,-1.,0.));
#4749=DIRECTION('',(0.,0.,-1.));
#4750=DIRECTION('',(0.,-1.,0.));
#4751=DIRECTION('',(0.,0.,-1.));
#4752=DIRECTION('',(0.,-1.,0.));
#4753=DIRECTION('',(0.642787609686539,0.,0.766044443118978));
#4754=DIRECTION('',(0.766044443118978,0.,-0.642787609686539));
#4755=DIRECTION('',(-0.766044443118978,0.,0.642787609686539));
#4756=DIRECTION('',(-0.766044443118978,0.,0.642787609686539));
#4757=DIRECTION('',(0.,-1.,0.));
#4758=DIRECTION('',(0.,-1.,0.));
#4759=DIRECTION('',(0.,0.,-1.));
#4760=DIRECTION('',(0.,-1.,0.));
#4761=DIRECTION('',(0.,0.,-1.));
#4762=DIRECTION('',(0.,-1.,0.));
#4763=DIRECTION('',(0.,0.,-1.));
#4764=DIRECTION('',(0.,-1.,0.));
#4765=DIRECTION('',(0.766044443118978,0.,0.642787609686539));
#4766=DIRECTION('',(0.642787609686539,0.,-0.766044443118978));
#4767=DIRECTION('',(-0.64278760968654,0.,0.766044443118978));
#4768=DIRECTION('',(-0.64278760968654,0.,0.766044443118978));
#4769=DIRECTION('',(0.,-1.,0.));
#4770=DIRECTION('',(0.,-1.,0.));
#4771=DIRECTION('',(0.,0.,-1.));
#4772=DIRECTION('',(0.,-1.,0.));
#4773=DIRECTION('',(0.,0.,-1.));
#4774=DIRECTION('',(0.,-1.,0.));
#4775=DIRECTION('',(0.,0.,-1.));
#4776=DIRECTION('',(0.,-1.,0.));
#4777=DIRECTION('',(-0.984807753012208,0.,0.173648177666929));
#4778=DIRECTION('',(0.17364817766693,0.,0.984807753012208));
#4779=DIRECTION('',(-0.17364817766693,0.,-0.984807753012208));
#4780=DIRECTION('',(-0.17364817766693,0.,-0.984807753012208));
#4781=DIRECTION('',(0.,-1.,0.));
#4782=DIRECTION('',(0.,-1.,0.));
#4783=DIRECTION('',(0.,0.,-1.));
#4784=DIRECTION('',(0.,-1.,0.));
#4785=DIRECTION('',(0.,0.,-1.));
#4786=DIRECTION('',(0.,-1.,0.));
#4787=DIRECTION('',(0.,0.,-1.));
#4788=DIRECTION('',(0.,-1.,0.));
#4789=DIRECTION('',(-0.17364817766694,0.,-0.984807753012206));
#4790=DIRECTION('',(-0.984807753012206,0.,0.17364817766694));
#4791=DIRECTION('',(0.984807753012206,0.,-0.17364817766694));
#4792=DIRECTION('',(0.984807753012206,0.,-0.17364817766694));
#4793=DIRECTION('',(0.,-1.,0.));
#4794=DIRECTION('',(0.,-1.,0.));
#4795=DIRECTION('',(0.,0.,-1.));
#4796=DIRECTION('',(0.,-1.,0.));
#4797=DIRECTION('',(0.,0.,-1.));
#4798=DIRECTION('',(0.,-1.,0.));
#4799=DIRECTION('',(0.,0.,-1.));
#4800=DIRECTION('',(0.,-1.,0.));
#4801=DIRECTION('',(0.,-1.,0.));
#4802=DIRECTION('',(0.,0.,-1.));
#4803=DIRECTION('',(0.,-1.,0.));
#4804=DIRECTION('',(0.,0.,-1.));
#4805=DIRECTION('',(0.,-1.,0.));
#4806=DIRECTION('',(0.,0.,-1.));
#4807=DIRECTION('',(0.,-1.,0.));
#4808=DIRECTION('',(-0.766044443118978,0.,-0.642787609686539));
#4809=DIRECTION('',(-0.642787609686539,0.,0.766044443118978));
#4810=DIRECTION('',(0.64278760968654,0.,-0.766044443118978));
#4811=DIRECTION('',(0.64278760968654,0.,-0.766044443118978));
#4812=DIRECTION('',(0.,-1.,0.));
#4813=DIRECTION('',(0.,-1.,0.));
#4814=DIRECTION('',(0.,0.,-1.));
#4815=DIRECTION('',(0.,-1.,0.));
#4816=DIRECTION('',(0.,0.,-1.));
#4817=DIRECTION('',(0.,-1.,0.));
#4818=DIRECTION('',(0.,0.,-1.));
#4819=DIRECTION('',(0.,-1.,0.));
#4820=DIRECTION('',(1.,0.,0.));
#4821=DIRECTION('',(0.,-1.,0.));
#4822=DIRECTION('',(1.,0.,0.));
#4823=DIRECTION('',(0.,0.,1.));
#4824=DIRECTION('',(1.,0.,0.));
#4825=DIRECTION('',(-0.5,0.,0.866025403784439));
#4826=DIRECTION('',(0.866025403784439,0.,0.5));
#4827=DIRECTION('',(0.866025403784439,0.,0.5));
#4828=DIRECTION('',(0.,1.,0.));
#4829=DIRECTION('',(0.866025403784439,0.,0.5));
#4830=DIRECTION('',(0.,1.,0.));
#4831=DIRECTION('',(0.,1.,0.));
#4832=DIRECTION('',(0.,0.,1.));
#4833=DIRECTION('',(0.,-1.,0.));
#4834=DIRECTION('',(0.,0.,-1.));
#4835=DIRECTION('',(0.,1.,0.));
#4836=DIRECTION('',(0.,-1.,0.));
#4837=DIRECTION('',(0.,0.,-1.));
#4838=DIRECTION('',(-1.,0.,0.));
#4839=DIRECTION('',(0.,0.,1.));
#4840=DIRECTION('',(0.,0.,1.));
#4841=DIRECTION('',(0.,1.,0.));
#4842=DIRECTION('',(0.,0.,1.));
#4843=DIRECTION('',(0.,1.,0.));
#4844=DIRECTION('',(0.,0.,1.));
#4845=DIRECTION('',(0.,-1.,0.));
#4846=DIRECTION('',(0.,0.,-1.));
#4847=DIRECTION('',(0.,1.,0.));
#4848=DIRECTION('',(0.,-1.,0.));
#4849=DIRECTION('',(0.,0.,-1.));
#4850=DIRECTION('',(0.5,0.,-0.866025403784439));
#4851=DIRECTION('',(-0.866025403784439,0.,-0.5));
#4852=DIRECTION('',(-0.866025403784439,0.,-0.5));
#4853=DIRECTION('',(0.,1.,0.));
#4854=DIRECTION('',(-0.866025403784439,0.,-0.5));
#4855=DIRECTION('',(0.,1.,0.));
#4856=DIRECTION('',(0.,0.,1.));
#4857=DIRECTION('',(0.,-1.,0.));
#4858=DIRECTION('',(0.,0.,-1.));
#4859=DIRECTION('',(0.,1.,0.));
#4860=DIRECTION('',(0.,-1.,0.));
#4861=DIRECTION('',(0.,0.,-1.));
#4862=DIRECTION('',(0.,1.,0.));
#4863=DIRECTION('',(0.,0.,1.));
#4864=DIRECTION('',(0.,-1.,0.));
#4865=DIRECTION('',(0.,0.,-1.));
#4866=DIRECTION('',(0.,-1.,0.));
#4867=DIRECTION('',(0.,0.,-1.));
#4868=DIRECTION('',(0.,-1.,0.));
#4869=DIRECTION('',(1.,0.,0.));
#4870=DIRECTION('',(0.,-1.,0.));
#4871=DIRECTION('',(1.,0.,0.));
#4872=DIRECTION('',(0.,0.,1.));
#4873=DIRECTION('',(1.,0.,0.));
#4874=DIRECTION('',(-0.5,0.,0.866025403784439));
#4875=DIRECTION('',(0.866025403784439,0.,0.5));
#4876=DIRECTION('',(0.866025403784439,0.,0.5));
#4877=DIRECTION('',(0.,1.,0.));
#4878=DIRECTION('',(0.866025403784439,0.,0.5));
#4879=DIRECTION('',(0.,1.,0.));
#4880=DIRECTION('',(0.,1.,0.));
#4881=DIRECTION('',(0.,0.,1.));
#4882=DIRECTION('',(0.,-1.,0.));
#4883=DIRECTION('',(0.,0.,-1.));
#4884=DIRECTION('',(0.,1.,0.));
#4885=DIRECTION('',(0.,-1.,0.));
#4886=DIRECTION('',(0.,0.,-1.));
#4887=DIRECTION('',(-1.,0.,0.));
#4888=DIRECTION('',(0.,0.,1.));
#4889=DIRECTION('',(0.,0.,1.));
#4890=DIRECTION('',(0.,1.,0.));
#4891=DIRECTION('',(0.,0.,1.));
#4892=DIRECTION('',(0.,1.,0.));
#4893=DIRECTION('',(0.,0.,1.));
#4894=DIRECTION('',(0.,-1.,0.));
#4895=DIRECTION('',(0.,0.,-1.));
#4896=DIRECTION('',(0.,1.,0.));
#4897=DIRECTION('',(0.,-1.,0.));
#4898=DIRECTION('',(0.,0.,-1.));
#4899=DIRECTION('',(0.5,0.,-0.866025403784439));
#4900=DIRECTION('',(-0.866025403784439,0.,-0.5));
#4901=DIRECTION('',(-0.866025403784439,0.,-0.5));
#4902=DIRECTION('',(0.,1.,0.));
#4903=DIRECTION('',(-0.866025403784439,0.,-0.5));
#4904=DIRECTION('',(0.,1.,0.));
#4905=DIRECTION('',(0.,0.,1.));
#4906=DIRECTION('',(0.,-1.,0.));
#4907=DIRECTION('',(0.,0.,-1.));
#4908=DIRECTION('',(0.,1.,0.));
#4909=DIRECTION('',(0.,-1.,0.));
#4910=DIRECTION('',(0.,0.,-1.));
#4911=DIRECTION('',(0.,1.,0.));
#4912=DIRECTION('',(0.,0.,1.));
#4913=DIRECTION('',(0.,-1.,0.));
#4914=DIRECTION('',(0.,0.,-1.));
#4915=DIRECTION('',(0.,-1.,0.));
#4916=DIRECTION('',(0.,0.,-1.));
#4917=DIRECTION('',(0.,-1.,0.));
#4918=DIRECTION('',(1.,0.,0.));
#4919=DIRECTION('',(0.,-1.,0.));
#4920=DIRECTION('',(1.,0.,0.));
#4921=DIRECTION('',(0.,0.,1.));
#4922=DIRECTION('',(1.,0.,0.));
#4923=DIRECTION('',(1.,1.7347234759768E-16,0.));
#4924=DIRECTION('',(-1.7347234759768E-16,1.,0.));
#4925=DIRECTION('',(-1.7347234759768E-16,1.,0.));
#4926=DIRECTION('',(0.,0.,1.));
#4927=DIRECTION('',(-1.7347234759768E-16,1.,0.));
#4928=DIRECTION('',(0.,0.,1.));
#4929=DIRECTION('',(0.,-1.,0.));
#4930=DIRECTION('',(0.,0.,-1.));
#4931=DIRECTION('',(1.,0.,0.));
#4932=DIRECTION('',(1.,0.,0.));
#4933=DIRECTION('',(0.,0.,1.));
#4934=DIRECTION('',(0.,0.,1.));
#4935=DIRECTION('',(1.,0.,0.));
#4936=DIRECTION('',(0.,0.,1.));
#4937=DIRECTION('',(1.,0.,0.));
#4938=DIRECTION('',(0.,0.,1.));
#4939=DIRECTION('',(1.,0.,0.));
#4940=DIRECTION('',(0.,0.,1.));
#4941=DIRECTION('',(-0.707106781186547,-0.707106781186548,0.));
#4942=DIRECTION('',(0.707106781186548,-0.707106781186547,0.));
#4943=DIRECTION('',(0.707106781186548,-0.707106781186547,0.));
#4944=DIRECTION('',(0.707106781186548,-0.707106781186547,0.));
#4945=DIRECTION('',(0.,0.,1.));
#4946=DIRECTION('',(-1.32272665043231E-14,1.,0.));
#4947=DIRECTION('',(-1.,-1.32272665043231E-14,0.));
#4948=DIRECTION('',(-1.,-1.32272665043231E-14,0.));
#4949=DIRECTION('',(-1.,-1.32272665043231E-14,0.));
#4950=DIRECTION('',(0.,0.,1.));
#4951=DIRECTION('',(-0.707106781186547,-0.707106781186548,0.));
#4952=DIRECTION('',(0.707106781186548,-0.707106781186547,0.));
#4953=DIRECTION('',(0.707106781186548,-0.707106781186547,0.));
#4954=DIRECTION('',(0.707106781186548,-0.707106781186547,0.));
#4955=DIRECTION('',(0.,0.,1.));
#4956=DIRECTION('',(0.,0.,1.));
#4957=DIRECTION('',(1.,0.,0.));
#4958=DIRECTION('',(0.,0.,1.));
#4959=DIRECTION('',(1.,0.,0.));
#4960=DIRECTION('',(0.,0.,1.));
#4961=DIRECTION('',(1.,0.,0.));
#4962=DIRECTION('',(0.,0.,1.));
#4963=DIRECTION('',(0.,-1.,0.));
#4964=DIRECTION('',(0.,0.,-1.));
#4965=DIRECTION('',(1.,0.,0.));
#4966=DIRECTION('',(1.,0.,0.));
#4967=DIRECTION('',(0.,0.,1.));
#4968=DIRECTION('',(1.,0.,0.));
#4969=DIRECTION('',(0.,0.,1.));
#4970=DIRECTION('',(1.,0.,0.));
#4971=DIRECTION('',(0.,0.,1.));
#4972=DIRECTION('',(1.,0.,0.));
#4973=DIRECTION('',(0.,-1.,0.));
#4974=DIRECTION('',(0.,0.,1.));
#4975=DIRECTION('',(0.,-1.,0.));
#4976=DIRECTION('',(0.,0.,-1.));
#4977=DIRECTION('',(0.,-1.,0.));
#4978=DIRECTION('',(0.,0.,-1.));
#4979=DIRECTION('',(0.,1.,0.));
#4980=DIRECTION('',(1.,0.,0.));
#4981=DIRECTION('',(0.,1.,0.));
#4982=DIRECTION('',(1.,0.,0.));
#4983=DIRECTION('',(0.,0.,1.));
#4984=DIRECTION('',(1.,0.,0.));
#4985=DIRECTION('',(-0.500066579233504,8.67477234547776E-17,0.865986960833534));
#4986=DIRECTION('',(0.865986960833534,0.,0.500066579233504));
#4987=DIRECTION('',(-0.865986960833534,1.50224791084774E-16,-0.500066579233504));
#4988=DIRECTION('',(1.7347234759768E-16,1.,0.));
#4989=DIRECTION('',(-0.865986960833534,1.50224791084774E-16,-0.500066579233504));
#4990=DIRECTION('',(1.7347234759768E-16,1.,0.));
#4991=DIRECTION('',(1.7347234759768E-16,1.,0.));
#4992=DIRECTION('',(1.,-1.7347234759768E-16,0.));
#4993=DIRECTION('',(1.7347234759768E-16,1.,0.));
#4994=DIRECTION('',(-1.,1.7347234759768E-16,0.));
#4995=DIRECTION('',(1.7347234759768E-16,1.,0.));
#4996=DIRECTION('',(-1.,1.7347234759768E-16,0.));
#4997=DIRECTION('',(1.7347234759768E-16,1.,0.));
#4998=DIRECTION('',(0.707106781186548,-1.2266347333467E-16,0.707106781186547));
#4999=DIRECTION('',(0.707106781186547,0.,-0.707106781186548));
#5000=DIRECTION('',(-0.707106781186547,1.2266347333467E-16,0.707106781186548));
#5001=DIRECTION('',(-0.707106781186547,1.2266347333467E-16,0.707106781186548));
#5002=DIRECTION('',(1.7347234759768E-16,1.,0.));
#5003=DIRECTION('',(1.7347234759768E-16,1.,0.));
#5004=DIRECTION('',(1.,-1.7347234759768E-16,0.));
#5005=DIRECTION('',(1.7347234759768E-16,1.,0.));
#5006=DIRECTION('',(-1.,1.7347234759768E-16,0.));
#5007=DIRECTION('',(1.7347234759768E-16,1.,0.));
#5008=DIRECTION('',(-1.,1.7347234759768E-16,0.));
#5009=DIRECTION('',(1.7347234759768E-16,1.,0.));
#5010=DIRECTION('',(-0.479843864767248,8.32396417015185E-17,0.877353899772054));
#5011=DIRECTION('',(0.877353899772054,0.,0.479843864767248));
#5012=DIRECTION('',(-0.877353899772054,1.52196640667438E-16,-0.479843864767248));
#5013=DIRECTION('',(-0.877353899772054,1.52196640667438E-16,-0.479843864767248));
#5014=DIRECTION('',(1.7347234759768E-16,1.,0.));
#5015=DIRECTION('',(1.7347234759768E-16,1.,0.));
#5016=DIRECTION('',(1.,-1.7347234759768E-16,0.));
#5017=DIRECTION('',(1.7347234759768E-16,1.,0.));
#5018=DIRECTION('',(-1.,1.7347234759768E-16,0.));
#5019=DIRECTION('',(1.7347234759768E-16,1.,0.));
#5020=DIRECTION('',(-1.,1.7347234759768E-16,0.));
#5021=DIRECTION('',(-1.7347234759768E-16,-1.,0.));
#5022=DIRECTION('',(-1.,1.7347234759768E-16,0.));
#5023=DIRECTION('',(-1.7347234759768E-16,-1.,0.));
#5024=DIRECTION('',(-1.,1.7347234759768E-16,0.));
#5025=DIRECTION('',(0.,0.,1.));
#5026=DIRECTION('',(1.,0.,0.));
#5027=DIRECTION('',(0.,1.,0.));
#5028=DIRECTION('',(0.,0.,1.));
#5029=DIRECTION('',(0.,-1.,0.));
#5030=DIRECTION('',(0.,0.,-1.));
#5031=DIRECTION('',(0.,-1.,0.));
#5032=DIRECTION('',(0.,0.,-1.));
#5033=DIRECTION('',(0.,-1.,0.));
#5034=DIRECTION('',(1.,0.,0.));
#5035=DIRECTION('',(0.,-1.,0.));
#5036=DIRECTION('',(1.,0.,0.));
#5037=DIRECTION('',(0.,0.,1.));
#5038=DIRECTION('',(1.,0.,0.));
#5039=DIRECTION('',(-0.642787609686539,0.,-0.766044443118978));
#5040=DIRECTION('',(-0.766044443118978,0.,0.642787609686539));
#5041=DIRECTION('',(0.766044443118978,0.,-0.642787609686539));
#5042=DIRECTION('',(0.,1.,0.));
#5043=DIRECTION('',(0.766044443118978,0.,-0.642787609686539));
#5044=DIRECTION('',(0.,1.,0.));
#5045=DIRECTION('',(0.,1.,0.));
#5046=DIRECTION('',(0.,0.,-1.));
#5047=DIRECTION('',(0.,-1.,0.));
#5048=DIRECTION('',(0.,0.,-1.));
#5049=DIRECTION('',(0.,1.,0.));
#5050=DIRECTION('',(0.,-1.,0.));
#5051=DIRECTION('',(0.,0.,-1.));
#5052=DIRECTION('',(0.642787609686539,0.,0.766044443118978));
#5053=DIRECTION('',(0.766044443118978,0.,-0.642787609686539));
#5054=DIRECTION('',(-0.766044443118978,0.,0.642787609686539));
#5055=DIRECTION('',(0.,1.,0.));
#5056=DIRECTION('',(-0.766044443118978,0.,0.642787609686539));
#5057=DIRECTION('',(0.,1.,0.));
#5058=DIRECTION('',(0.,0.,-1.));
#5059=DIRECTION('',(0.,-1.,0.));
#5060=DIRECTION('',(0.,0.,-1.));
#5061=DIRECTION('',(0.,1.,0.));
#5062=DIRECTION('',(0.,-1.,0.));
#5063=DIRECTION('',(0.,0.,-1.));
#5064=DIRECTION('',(0.766044443118978,0.,0.642787609686539));
#5065=DIRECTION('',(0.642787609686539,0.,-0.766044443118978));
#5066=DIRECTION('',(-0.64278760968654,0.,0.766044443118978));
#5067=DIRECTION('',(0.,1.,0.));
#5068=DIRECTION('',(-0.64278760968654,0.,0.766044443118978));
#5069=DIRECTION('',(0.,1.,0.));
#5070=DIRECTION('',(0.,0.,-1.));
#5071=DIRECTION('',(0.,-1.,0.));
#5072=DIRECTION('',(0.,0.,-1.));
#5073=DIRECTION('',(0.,1.,0.));
#5074=DIRECTION('',(0.,-1.,0.));
#5075=DIRECTION('',(0.,0.,-1.));
#5076=DIRECTION('',(-0.984807753012208,0.,0.173648177666929));
#5077=DIRECTION('',(0.17364817766693,0.,0.984807753012208));
#5078=DIRECTION('',(-0.17364817766693,0.,-0.984807753012208));
#5079=DIRECTION('',(0.,1.,0.));
#5080=DIRECTION('',(-0.17364817766693,0.,-0.984807753012208));
#5081=DIRECTION('',(0.,1.,0.));
#5082=DIRECTION('',(0.,0.,-1.));
#5083=DIRECTION('',(0.,-1.,0.));
#5084=DIRECTION('',(0.,0.,-1.));
#5085=DIRECTION('',(0.,1.,0.));
#5086=DIRECTION('',(0.,-1.,0.));
#5087=DIRECTION('',(0.,0.,-1.));
#5088=DIRECTION('',(-0.17364817766694,0.,-0.984807753012206));
#5089=DIRECTION('',(-0.984807753012206,0.,0.17364817766694));
#5090=DIRECTION('',(0.984807753012206,0.,-0.17364817766694));
#5091=DIRECTION('',(0.,1.,0.));
#5092=DIRECTION('',(0.984807753012206,0.,-0.17364817766694));
#5093=DIRECTION('',(0.,1.,0.));
#5094=DIRECTION('',(0.,0.,-1.));
#5095=DIRECTION('',(0.,-1.,0.));
#5096=DIRECTION('',(0.,0.,-1.));
#5097=DIRECTION('',(0.,1.,0.));
#5098=DIRECTION('',(0.,-1.,0.));
#5099=DIRECTION('',(0.,0.,-1.));
#5100=DIRECTION('',(0.,1.,0.));
#5101=DIRECTION('',(0.,0.,-1.));
#5102=DIRECTION('',(0.,-1.,0.));
#5103=DIRECTION('',(0.,0.,-1.));
#5104=DIRECTION('',(0.,1.,0.));
#5105=DIRECTION('',(0.,-1.,0.));
#5106=DIRECTION('',(0.,0.,-1.));
#5107=DIRECTION('',(-0.766044443118978,0.,-0.642787609686539));
#5108=DIRECTION('',(-0.642787609686539,0.,0.766044443118978));
#5109=DIRECTION('',(0.64278760968654,0.,-0.766044443118978));
#5110=DIRECTION('',(0.,1.,0.));
#5111=DIRECTION('',(0.64278760968654,0.,-0.766044443118978));
#5112=DIRECTION('',(0.,1.,0.));
#5113=DIRECTION('',(0.,0.,-1.));
#5114=DIRECTION('',(0.,-1.,0.));
#5115=DIRECTION('',(0.,0.,-1.));
#5116=DIRECTION('',(0.,-1.,0.));
#5117=DIRECTION('',(0.,0.,-1.));
#5118=DIRECTION('',(0.,1.,0.));
#5119=DIRECTION('',(1.,0.,0.));
#5120=DIRECTION('',(0.,1.,0.));
#5121=DIRECTION('',(1.,0.,0.));
#5122=DIRECTION('',(0.,0.,1.));
#5123=DIRECTION('',(1.,0.,0.));
#5124=DIRECTION('',(0.,-1.,0.));
#5125=DIRECTION('',(0.,0.,-1.));
#5126=DIRECTION('',(1.,0.,0.));
#5127=DIRECTION('',(0.,0.,1.));
#5128=DIRECTION('',(1.,0.,0.));
#5129=DIRECTION('',(0.,0.,1.));
#5130=DIRECTION('',(1.,1.7347234759768E-16,0.));
#5131=DIRECTION('',(-1.7347234759768E-16,1.,0.));
#5132=DIRECTION('',(-1.7347234759768E-16,1.,0.));
#5133=DIRECTION('',(-1.7347234759768E-16,1.,0.));
#5134=DIRECTION('',(0.,0.,1.));
#5135=DIRECTION('',(0.,-1.,0.));
#5136=DIRECTION('',(0.,0.,-1.));
#5137=DIRECTION('',(1.,0.,0.));
#5138=DIRECTION('',(1.,0.,0.));
#5139=DIRECTION('',(0.,0.,1.));
#5140=DIRECTION('',(0.,0.,1.));
#5141=DIRECTION('',(1.,0.,0.));
#5142=DIRECTION('',(0.,0.,-1.));
#5143=DIRECTION('',(1.,0.,0.));
#5144=DIRECTION('',(0.,0.,-1.));
#5145=DIRECTION('',(1.,0.,0.));
#5146=DIRECTION('',(0.,0.,1.));
#5147=DIRECTION('',(0.707106781186547,-0.707106781186548,0.));
#5148=DIRECTION('',(0.707106781186548,0.707106781186547,0.));
#5149=DIRECTION('',(0.707106781186548,0.707106781186547,0.));
#5150=DIRECTION('',(0.707106781186548,0.707106781186547,0.));
#5151=DIRECTION('',(0.,0.,1.));
#5152=DIRECTION('',(8.56519716263548E-15,1.,0.));
#5153=DIRECTION('',(-1.,8.56519716263548E-15,0.));
#5154=DIRECTION('',(-1.,8.56519716263548E-15,0.));
#5155=DIRECTION('',(-1.,8.56519716263548E-15,0.));
#5156=DIRECTION('',(0.,0.,1.));
#5157=DIRECTION('',(0.707106781186547,-0.707106781186548,0.));
#5158=DIRECTION('',(0.707106781186548,0.707106781186547,0.));
#5159=DIRECTION('',(0.707106781186548,0.707106781186547,0.));
#5160=DIRECTION('',(0.707106781186548,0.707106781186547,0.));
#5161=DIRECTION('',(0.,0.,1.));
#5162=DIRECTION('',(0.,0.,1.));
#5163=DIRECTION('',(1.,0.,0.));
#5164=DIRECTION('',(0.,0.,-1.));
#5165=DIRECTION('',(1.,0.,0.));
#5166=DIRECTION('',(0.,0.,-1.));
#5167=DIRECTION('',(1.,0.,0.));
#5168=DIRECTION('',(0.,0.,1.));
#5169=DIRECTION('',(1.,0.,0.));
#5170=DIRECTION('',(0.,0.,1.));
#5171=DIRECTION('',(1.,0.,0.));
#5172=DIRECTION('',(0.,0.,1.));
#5173=DIRECTION('',(1.,0.,0.));
#5174=DIRECTION('',(-1.7347234759768E-16,-1.,0.));
#5175=DIRECTION('',(-1.,1.7347234759768E-16,0.));
#5176=DIRECTION('',(-1.7347234759768E-16,-1.,0.));
#5177=DIRECTION('',(1.,-1.7347234759768E-16,0.));
#5178=DIRECTION('',(-1.7347234759768E-16,-1.,0.));
#5179=DIRECTION('',(-1.7347234759768E-16,-1.,0.));
#5180=DIRECTION('',(1.,-1.7347234759768E-16,0.));
#5181=DIRECTION('',(-1.7347234759768E-16,-1.,0.));
#5182=DIRECTION('',(-1.7347234759768E-16,-1.,0.));
#5183=DIRECTION('',(-1.,1.7347234759768E-16,0.));
#5184=DIRECTION('',(-1.7347234759768E-16,-1.,0.));
#5185=DIRECTION('',(1.,-1.7347234759768E-16,0.));
#5186=DIRECTION('',(-1.7347234759768E-16,-1.,0.));
#5187=DIRECTION('',(1.,-1.7347234759768E-16,0.));
#5188=DIRECTION('',(-1.7347234759768E-16,-1.,0.));
#5189=DIRECTION('',(0.866025403784439,-1.50231459873716E-16,-0.5));
#5190=DIRECTION('',(-0.5,0.,-0.866025403784439));
#5191=DIRECTION('',(-0.5,8.67361737988404E-17,-0.866025403784439));
#5192=DIRECTION('',(-0.5,8.67361737988404E-17,-0.866025403784439));
#5193=DIRECTION('',(-1.7347234759768E-16,-1.,0.));
#5194=DIRECTION('',(-1.7347234759768E-16,-1.,0.));
#5195=DIRECTION('',(-1.,1.7347234759768E-16,0.));
#5196=DIRECTION('',(-1.7347234759768E-16,-1.,0.));
#5197=DIRECTION('',(1.,-1.7347234759768E-16,0.));
#5198=DIRECTION('',(-1.7347234759768E-16,-1.,0.));
#5199=DIRECTION('',(1.,-1.7347234759768E-16,0.));
#5200=DIRECTION('',(-1.7347234759768E-16,-1.,0.));
#5201=DIRECTION('',(0.866025403784438,-1.50231459873716E-16,-0.5));
#5202=DIRECTION('',(-0.5,0.,-0.866025403784438));
#5203=DIRECTION('',(-0.5,8.67361737988405E-17,-0.866025403784438));
#5204=DIRECTION('',(-0.5,8.67361737988405E-17,-0.866025403784438));
#5205=DIRECTION('',(-1.7347234759768E-16,-1.,0.));
#5206=DIRECTION('',(-1.7347234759768E-16,-1.,0.));
#5207=DIRECTION('',(-1.,1.7347234759768E-16,0.));
#5208=DIRECTION('',(-1.7347234759768E-16,-1.,0.));
#5209=DIRECTION('',(1.,-1.7347234759768E-16,0.));
#5210=DIRECTION('',(-1.7347234759768E-16,-1.,0.));
#5211=DIRECTION('',(1.,-1.7347234759768E-16,0.));
#5212=DIRECTION('',(1.7347234759768E-16,1.,0.));
#5213=DIRECTION('',(1.,-1.7347234759768E-16,0.));
#5214=DIRECTION('',(1.7347234759768E-16,1.,0.));
#5215=DIRECTION('',(1.,-1.7347234759768E-16,0.));
#5216=DIRECTION('',(0.,0.,1.));
#5217=DIRECTION('',(1.,0.,0.));
#5218=DIRECTION('',(1.7347234759768E-16,-1.,0.));
#5219=DIRECTION('',(1.,1.7347234759768E-16,0.));
#5220=DIRECTION('',(1.7347234759768E-16,-1.,0.));
#5221=DIRECTION('',(1.,1.7347234759768E-16,0.));
#5222=DIRECTION('',(1.7347234759768E-16,-1.,0.));
#5223=DIRECTION('',(1.,1.7347234759768E-16,0.));
#5224=DIRECTION('',(1.7347234759768E-16,-1.,0.));
#5225=DIRECTION('',(1.,1.7347234759768E-16,0.));
#5226=DIRECTION('',(1.7347234759768E-16,-1.,0.));
#5227=DIRECTION('',(1.,1.7347234759768E-16,0.));
#5228=DIRECTION('',(0.,0.,1.));
#5229=DIRECTION('',(1.,0.,0.));
#5230=DIRECTION('',(-0.642787609686539,0.,-0.766044443118978));
#5231=DIRECTION('',(-0.766044443118978,0.,0.642787609686539));
#5232=DIRECTION('',(0.766044443118978,0.,-0.642787609686539));
#5233=DIRECTION('',(0.,1.,0.));
#5234=DIRECTION('',(0.766044443118978,0.,-0.642787609686539));
#5235=DIRECTION('',(0.,1.,0.));
#5236=DIRECTION('',(0.,1.,0.));
#5237=DIRECTION('',(0.,0.,-1.));
#5238=DIRECTION('',(0.,-1.,0.));
#5239=DIRECTION('',(0.,0.,-1.));
#5240=DIRECTION('',(0.,1.,0.));
#5241=DIRECTION('',(0.,-1.,0.));
#5242=DIRECTION('',(0.,0.,-1.));
#5243=DIRECTION('',(0.642787609686539,0.,0.766044443118978));
#5244=DIRECTION('',(0.766044443118978,0.,-0.642787609686539));
#5245=DIRECTION('',(-0.766044443118978,0.,0.642787609686539));
#5246=DIRECTION('',(0.,1.,0.));
#5247=DIRECTION('',(-0.766044443118978,0.,0.642787609686539));
#5248=DIRECTION('',(0.,1.,0.));
#5249=DIRECTION('',(0.,0.,-1.));
#5250=DIRECTION('',(0.,-1.,0.));
#5251=DIRECTION('',(0.,0.,-1.));
#5252=DIRECTION('',(0.,1.,0.));
#5253=DIRECTION('',(0.,-1.,0.));
#5254=DIRECTION('',(0.,0.,-1.));
#5255=DIRECTION('',(0.766044443118978,0.,0.642787609686539));
#5256=DIRECTION('',(0.642787609686539,0.,-0.766044443118978));
#5257=DIRECTION('',(-0.64278760968654,0.,0.766044443118978));
#5258=DIRECTION('',(0.,1.,0.));
#5259=DIRECTION('',(-0.64278760968654,0.,0.766044443118978));
#5260=DIRECTION('',(0.,1.,0.));
#5261=DIRECTION('',(0.,0.,-1.));
#5262=DIRECTION('',(0.,-1.,0.));
#5263=DIRECTION('',(0.,0.,-1.));
#5264=DIRECTION('',(0.,1.,0.));
#5265=DIRECTION('',(0.,-1.,0.));
#5266=DIRECTION('',(0.,0.,-1.));
#5267=DIRECTION('',(-0.984807753012208,0.,0.173648177666929));
#5268=DIRECTION('',(0.17364817766693,0.,0.984807753012208));
#5269=DIRECTION('',(-0.17364817766693,0.,-0.984807753012208));
#5270=DIRECTION('',(0.,1.,0.));
#5271=DIRECTION('',(-0.17364817766693,0.,-0.984807753012208));
#5272=DIRECTION('',(0.,1.,0.));
#5273=DIRECTION('',(0.,0.,-1.));
#5274=DIRECTION('',(0.,-1.,0.));
#5275=DIRECTION('',(0.,0.,-1.));
#5276=DIRECTION('',(0.,1.,0.));
#5277=DIRECTION('',(0.,-1.,0.));
#5278=DIRECTION('',(0.,0.,-1.));
#5279=DIRECTION('',(-0.17364817766694,0.,-0.984807753012206));
#5280=DIRECTION('',(-0.984807753012206,0.,0.17364817766694));
#5281=DIRECTION('',(0.984807753012206,0.,-0.17364817766694));
#5282=DIRECTION('',(0.,1.,0.));
#5283=DIRECTION('',(0.984807753012206,0.,-0.17364817766694));
#5284=DIRECTION('',(0.,1.,0.));
#5285=DIRECTION('',(0.,0.,-1.));
#5286=DIRECTION('',(0.,-1.,0.));
#5287=DIRECTION('',(0.,0.,-1.));
#5288=DIRECTION('',(0.,1.,0.));
#5289=DIRECTION('',(0.,-1.,0.));
#5290=DIRECTION('',(0.,0.,-1.));
#5291=DIRECTION('',(0.,1.,0.));
#5292=DIRECTION('',(0.,0.,-1.));
#5293=DIRECTION('',(0.,-1.,0.));
#5294=DIRECTION('',(0.,0.,-1.));
#5295=DIRECTION('',(0.,1.,0.));
#5296=DIRECTION('',(0.,-1.,0.));
#5297=DIRECTION('',(0.,0.,-1.));
#5298=DIRECTION('',(-0.766044443118978,0.,-0.642787609686539));
#5299=DIRECTION('',(-0.642787609686539,0.,0.766044443118978));
#5300=DIRECTION('',(0.64278760968654,0.,-0.766044443118978));
#5301=DIRECTION('',(0.,1.,0.));
#5302=DIRECTION('',(0.64278760968654,0.,-0.766044443118978));
#5303=DIRECTION('',(0.,1.,0.));
#5304=DIRECTION('',(0.,0.,-1.));
#5305=DIRECTION('',(0.,-1.,0.));
#5306=DIRECTION('',(0.,0.,-1.));
#5307=DIRECTION('',(0.,-1.,0.));
#5308=DIRECTION('',(0.,0.,-1.));
#5309=DIRECTION('',(0.,1.,0.));
#5310=DIRECTION('',(1.,0.,0.));
#5311=DIRECTION('',(0.,1.,0.));
#5312=DIRECTION('',(1.,0.,0.));
#5313=DIRECTION('',(0.,0.,1.));
#5314=DIRECTION('',(1.,0.,0.));
#5315=DIRECTION('',(-0.500066579233504,-8.67477234547776E-17,0.865986960833534));
#5316=DIRECTION('',(0.865986960833534,0.,0.500066579233504));
#5317=DIRECTION('',(-0.865986960833534,-1.50224791084774E-16,-0.500066579233504));
#5318=DIRECTION('',(1.7347234759768E-16,-1.,0.));
#5319=DIRECTION('',(-0.865986960833534,-1.50224791084774E-16,-0.500066579233504));
#5320=DIRECTION('',(1.7347234759768E-16,-1.,0.));
#5321=DIRECTION('',(1.7347234759768E-16,-1.,0.));
#5322=DIRECTION('',(1.,1.7347234759768E-16,0.));
#5323=DIRECTION('',(-1.7347234759768E-16,1.,0.));
#5324=DIRECTION('',(-1.,-1.7347234759768E-16,0.));
#5325=DIRECTION('',(1.7347234759768E-16,-1.,0.));
#5326=DIRECTION('',(-1.7347234759768E-16,1.,0.));
#5327=DIRECTION('',(-1.,-1.7347234759768E-16,0.));
#5328=DIRECTION('',(0.707106781186548,1.2266347333467E-16,0.707106781186547));
#5329=DIRECTION('',(0.707106781186547,0.,-0.707106781186548));
#5330=DIRECTION('',(-0.707106781186547,-1.2266347333467E-16,0.707106781186548));
#5331=DIRECTION('',(1.7347234759768E-16,-1.,0.));
#5332=DIRECTION('',(-0.707106781186547,-1.2266347333467E-16,0.707106781186548));
#5333=DIRECTION('',(1.7347234759768E-16,-1.,0.));
#5334=DIRECTION('',(1.,1.7347234759768E-16,0.));
#5335=DIRECTION('',(-1.7347234759768E-16,1.,0.));
#5336=DIRECTION('',(-1.,-1.7347234759768E-16,0.));
#5337=DIRECTION('',(1.7347234759768E-16,-1.,0.));
#5338=DIRECTION('',(-1.7347234759768E-16,1.,0.));
#5339=DIRECTION('',(-1.,-1.7347234759768E-16,0.));
#5340=DIRECTION('',(-0.479843864767248,-8.32396417015185E-17,0.877353899772054));
#5341=DIRECTION('',(0.877353899772054,0.,0.479843864767248));
#5342=DIRECTION('',(-0.877353899772054,-1.52196640667438E-16,-0.479843864767248));
#5343=DIRECTION('',(1.7347234759768E-16,-1.,0.));
#5344=DIRECTION('',(-0.877353899772054,-1.52196640667438E-16,-0.479843864767248));
#5345=DIRECTION('',(1.7347234759768E-16,-1.,0.));
#5346=DIRECTION('',(1.,1.7347234759768E-16,0.));
#5347=DIRECTION('',(-1.7347234759768E-16,1.,0.));
#5348=DIRECTION('',(-1.,-1.7347234759768E-16,0.));
#5349=DIRECTION('',(-1.7347234759768E-16,1.,0.));
#5350=DIRECTION('',(-1.,-1.7347234759768E-16,0.));
#5351=DIRECTION('',(-1.7347234759768E-16,1.,0.));
#5352=DIRECTION('',(-1.,-1.7347234759768E-16,0.));
#5353=DIRECTION('',(-1.7347234759768E-16,1.,0.));
#5354=DIRECTION('',(-1.,-1.7347234759768E-16,0.));
#5355=DIRECTION('',(0.,0.,1.));
#5356=DIRECTION('',(1.,0.,0.));
#5357=DIRECTION('',(-0.5,0.,0.866025403784439));
#5358=DIRECTION('',(0.866025403784439,0.,0.5));
#5359=DIRECTION('',(0.866025403784439,0.,0.5));
#5360=DIRECTION('',(0.,-1.,0.));
#5361=DIRECTION('',(0.866025403784439,0.,0.5));
#5362=DIRECTION('',(0.,-1.,0.));
#5363=DIRECTION('',(0.,-1.,0.));
#5364=DIRECTION('',(0.,0.,1.));
#5365=DIRECTION('',(0.,-1.,0.));
#5366=DIRECTION('',(0.,0.,-1.));
#5367=DIRECTION('',(0.,-1.,0.));
#5368=DIRECTION('',(0.,0.,-1.));
#5369=DIRECTION('',(0.,-1.,0.));
#5370=DIRECTION('',(-1.,0.,0.));
#5371=DIRECTION('',(0.,0.,1.));
#5372=DIRECTION('',(0.,0.,1.));
#5373=DIRECTION('',(0.,0.,1.));
#5374=DIRECTION('',(0.,-1.,0.));
#5375=DIRECTION('',(0.,-1.,0.));
#5376=DIRECTION('',(0.,0.,1.));
#5377=DIRECTION('',(0.,-1.,0.));
#5378=DIRECTION('',(0.,0.,-1.));
#5379=DIRECTION('',(0.,-1.,0.));
#5380=DIRECTION('',(0.,0.,-1.));
#5381=DIRECTION('',(0.,-1.,0.));
#5382=DIRECTION('',(0.5,0.,-0.866025403784439));
#5383=DIRECTION('',(-0.866025403784439,0.,-0.5));
#5384=DIRECTION('',(-0.866025403784439,0.,-0.5));
#5385=DIRECTION('',(-0.866025403784439,0.,-0.5));
#5386=DIRECTION('',(0.,-1.,0.));
#5387=DIRECTION('',(0.,-1.,0.));
#5388=DIRECTION('',(0.,0.,1.));
#5389=DIRECTION('',(0.,-1.,0.));
#5390=DIRECTION('',(0.,0.,-1.));
#5391=DIRECTION('',(0.,-1.,0.));
#5392=DIRECTION('',(0.,0.,-1.));
#5393=DIRECTION('',(0.,-1.,0.));
#5394=DIRECTION('',(0.,-1.,0.));
#5395=DIRECTION('',(0.,0.,1.));
#5396=DIRECTION('',(0.,-1.,0.));
#5397=DIRECTION('',(0.,0.,-1.));
#5398=DIRECTION('',(0.,-1.,0.));
#5399=DIRECTION('',(0.,0.,-1.));
#5400=DIRECTION('',(0.,1.,0.));
#5401=DIRECTION('',(1.,0.,0.));
#5402=DIRECTION('',(0.,1.,0.));
#5403=DIRECTION('',(1.,0.,0.));
#5404=DIRECTION('',(0.,0.,1.));
#5405=DIRECTION('',(1.,0.,0.));
#5406=DIRECTION('',(-0.5,0.,0.866025403784439));
#5407=DIRECTION('',(0.866025403784439,0.,0.5));
#5408=DIRECTION('',(0.866025403784439,0.,0.5));
#5409=DIRECTION('',(0.,-1.,0.));
#5410=DIRECTION('',(0.866025403784439,0.,0.5));
#5411=DIRECTION('',(0.,-1.,0.));
#5412=DIRECTION('',(0.,-1.,0.));
#5413=DIRECTION('',(0.,0.,1.));
#5414=DIRECTION('',(0.,-1.,0.));
#5415=DIRECTION('',(0.,0.,-1.));
#5416=DIRECTION('',(0.,-1.,0.));
#5417=DIRECTION('',(0.,0.,-1.));
#5418=DIRECTION('',(0.,-1.,0.));
#5419=DIRECTION('',(-1.,0.,0.));
#5420=DIRECTION('',(0.,0.,1.));
#5421=DIRECTION('',(0.,0.,1.));
#5422=DIRECTION('',(0.,0.,1.));
#5423=DIRECTION('',(0.,-1.,0.));
#5424=DIRECTION('',(0.,-1.,0.));
#5425=DIRECTION('',(0.,0.,1.));
#5426=DIRECTION('',(0.,-1.,0.));
#5427=DIRECTION('',(0.,0.,-1.));
#5428=DIRECTION('',(0.,-1.,0.));
#5429=DIRECTION('',(0.,0.,-1.));
#5430=DIRECTION('',(0.,-1.,0.));
#5431=DIRECTION('',(0.5,0.,-0.866025403784439));
#5432=DIRECTION('',(-0.866025403784439,0.,-0.5));
#5433=DIRECTION('',(-0.866025403784439,0.,-0.5));
#5434=DIRECTION('',(-0.866025403784439,0.,-0.5));
#5435=DIRECTION('',(0.,-1.,0.));
#5436=DIRECTION('',(0.,-1.,0.));
#5437=DIRECTION('',(0.,0.,1.));
#5438=DIRECTION('',(0.,-1.,0.));
#5439=DIRECTION('',(0.,0.,-1.));
#5440=DIRECTION('',(0.,-1.,0.));
#5441=DIRECTION('',(0.,0.,-1.));
#5442=DIRECTION('',(0.,-1.,0.));
#5443=DIRECTION('',(0.,-1.,0.));
#5444=DIRECTION('',(0.,0.,1.));
#5445=DIRECTION('',(0.,-1.,0.));
#5446=DIRECTION('',(0.,0.,-1.));
#5447=DIRECTION('',(0.,-1.,0.));
#5448=DIRECTION('',(0.,0.,-1.));
#5449=DIRECTION('',(0.,1.,0.));
#5450=DIRECTION('',(1.,0.,0.));
#5451=DIRECTION('',(0.,1.,0.));
#5452=DIRECTION('',(1.,0.,0.));
#5453=DIRECTION('',(0.,0.,1.));
#5454=DIRECTION('',(1.,0.,0.));
#5455=DIRECTION('',(-1.7347234759768E-16,1.,0.));
#5456=DIRECTION('',(-1.,-1.7347234759768E-16,0.));
#5457=DIRECTION('',(-1.7347234759768E-16,1.,0.));
#5458=DIRECTION('',(-1.,-1.7347234759768E-16,0.));
#5459=DIRECTION('',(-1.7347234759768E-16,1.,0.));
#5460=DIRECTION('',(-1.7347234759768E-16,1.,0.));
#5461=DIRECTION('',(-1.,-1.7347234759768E-16,0.));
#5462=DIRECTION('',(-1.7347234759768E-16,1.,0.));
#5463=DIRECTION('',(-1.7347234759768E-16,1.,0.));
#5464=DIRECTION('',(-1.,-1.7347234759768E-16,0.));
#5465=DIRECTION('',(1.7347234759768E-16,-1.,0.));
#5466=DIRECTION('',(1.,1.7347234759768E-16,0.));
#5467=DIRECTION('',(-1.7347234759768E-16,1.,0.));
#5468=DIRECTION('',(1.7347234759768E-16,-1.,0.));
#5469=DIRECTION('',(1.,1.7347234759768E-16,0.));
#5470=DIRECTION('',(0.,0.,-1.));
#5471=DIRECTION('',(-1.,0.,0.));
#5472=DIRECTION('',(-1.,-1.7347234759768E-16,0.));
#5473=DIRECTION('',(-1.7347234759768E-16,1.,0.));
#5474=DIRECTION('',(-1.,-1.7347234759768E-16,0.));
#5475=DIRECTION('',(-1.,-1.7347234759768E-16,0.));
#5476=DIRECTION('',(1.7347234759768E-16,-1.,0.));
#5477=DIRECTION('',(0.,0.,1.));
#5478=DIRECTION('',(-1.7347234759768E-16,1.,0.));
#5479=DIRECTION('',(0.,0.,1.));
#5480=DIRECTION('',(0.,0.,-1.));
#5481=DIRECTION('',(-1.,0.,0.));
#5482=DIRECTION('',(-1.,-1.7347234759768E-16,0.));
#5483=DIRECTION('',(-1.7347234759768E-16,1.,0.));
#5484=DIRECTION('',(-1.,-1.7347234759768E-16,0.));
#5485=DIRECTION('',(-1.7347234759768E-16,1.,0.));
#5486=DIRECTION('',(-1.,-1.7347234759768E-16,0.));
#5487=DIRECTION('',(1.7347234759768E-16,-1.,0.));
#5488=DIRECTION('',(1.,1.7347234759768E-16,0.));
#5489=DIRECTION('',(1.7347234759768E-16,-1.,0.));
#5490=DIRECTION('',(1.,1.7347234759768E-16,0.));
#5491=DIRECTION('',(1.7347234759768E-16,-1.,0.));
#5492=DIRECTION('',(1.,1.7347234759768E-16,0.));
#5493=DIRECTION('',(1.7347234759768E-16,-1.,0.));
#5494=DIRECTION('',(1.,1.7347234759768E-16,0.));
#5495=DIRECTION('',(0.,0.,1.));
#5496=DIRECTION('',(1.,0.,0.));
#5497=DIRECTION('',(0.,-1.,0.));
#5498=DIRECTION('',(0.,0.,1.));
#5499=DIRECTION('',(0.,-1.,0.));
#5500=DIRECTION('',(0.,0.,-1.));
#5501=DIRECTION('',(0.,-1.,0.));
#5502=DIRECTION('',(0.,0.,-1.));
#5503=DIRECTION('',(0.,1.,0.));
#5504=DIRECTION('',(1.,0.,0.));
#5505=DIRECTION('',(0.,1.,0.));
#5506=DIRECTION('',(1.,0.,0.));
#5507=DIRECTION('',(0.,0.,1.));
#5508=DIRECTION('',(1.,0.,0.));
#5509=DIRECTION('',(1.7347234759768E-16,-1.,0.));
#5510=DIRECTION('',(1.,1.7347234759768E-16,0.));
#5511=DIRECTION('',(-1.7347234759768E-16,1.,0.));
#5512=DIRECTION('',(-1.,-1.7347234759768E-16,0.));
#5513=DIRECTION('',(1.7347234759768E-16,-1.,0.));
#5514=DIRECTION('',(-1.7347234759768E-16,1.,0.));
#5515=DIRECTION('',(-1.,-1.7347234759768E-16,0.));
#5516=DIRECTION('',(1.7347234759768E-16,-1.,0.));
#5517=DIRECTION('',(0.707106781186548,1.2266347333467E-16,0.707106781186547));
#5518=DIRECTION('',(0.707106781186547,0.,-0.707106781186548));
#5519=DIRECTION('',(-0.707106781186547,-1.2266347333467E-16,0.707106781186548));
#5520=DIRECTION('',(1.7347234759768E-16,-1.,0.));
#5521=DIRECTION('',(-0.707106781186547,-1.2266347333467E-16,0.707106781186548));
#5522=DIRECTION('',(1.7347234759768E-16,-1.,0.));
#5523=DIRECTION('',(1.,1.7347234759768E-16,0.));
#5524=DIRECTION('',(-1.7347234759768E-16,1.,0.));
#5525=DIRECTION('',(-1.,-1.7347234759768E-16,0.));
#5526=DIRECTION('',(1.7347234759768E-16,-1.,0.));
#5527=DIRECTION('',(-1.7347234759768E-16,1.,0.));
#5528=DIRECTION('',(-1.,-1.7347234759768E-16,0.));
#5529=DIRECTION('',(0.707106781186548,1.2266347333467E-16,0.707106781186547));
#5530=DIRECTION('',(0.707106781186547,0.,-0.707106781186548));
#5531=DIRECTION('',(-0.707106781186547,-1.2266347333467E-16,0.707106781186548));
#5532=DIRECTION('',(1.7347234759768E-16,-1.,0.));
#5533=DIRECTION('',(-0.707106781186547,-1.2266347333467E-16,0.707106781186548));
#5534=DIRECTION('',(1.7347234759768E-16,-1.,0.));
#5535=DIRECTION('',(1.,1.7347234759768E-16,0.));
#5536=DIRECTION('',(-1.7347234759768E-16,1.,0.));
#5537=DIRECTION('',(-1.,-1.7347234759768E-16,0.));
#5538=DIRECTION('',(1.7347234759768E-16,-1.,0.));
#5539=DIRECTION('',(-1.7347234759768E-16,1.,0.));
#5540=DIRECTION('',(-1.,-1.7347234759768E-16,0.));
#5541=DIRECTION('',(-0.866025403784439,-1.50231459873716E-16,0.5));
#5542=DIRECTION('',(0.5,0.,0.866025403784439));
#5543=DIRECTION('',(-0.5,-8.67361737988404E-17,-0.866025403784439));
#5544=DIRECTION('',(1.7347234759768E-16,-1.,0.));
#5545=DIRECTION('',(-0.5,-8.67361737988404E-17,-0.866025403784439));
#5546=DIRECTION('',(1.7347234759768E-16,-1.,0.));
#5547=DIRECTION('',(1.,1.7347234759768E-16,0.));
#5548=DIRECTION('',(1.7347234759768E-16,-1.,0.));
#5549=DIRECTION('',(1.,1.7347234759768E-16,0.));
#5550=DIRECTION('',(1.7347234759768E-16,-1.,0.));
#5551=DIRECTION('',(1.,1.7347234759768E-16,0.));
#5552=DIRECTION('',(-1.7347234759768E-16,1.,0.));
#5553=DIRECTION('',(-1.,-1.7347234759768E-16,0.));
#5554=DIRECTION('',(-1.7347234759768E-16,1.,0.));
#5555=DIRECTION('',(-1.,-1.7347234759768E-16,0.));
#5556=DIRECTION('',(0.,0.,1.));
#5557=DIRECTION('',(1.,0.,0.));
#5558=DIRECTION('',(0.,0.,-1.));
#5559=DIRECTION('',(-1.,0.,0.));
#5560=DIRECTION('',(0.,0.,1.));
#5561=DIRECTION('',(1.,0.,0.));
#5562=DIRECTION('',(0.,0.,1.));
#5563=DIRECTION('',(1.,0.,0.));
#5564=DIRECTION('',(0.,0.,1.));
#5565=DIRECTION('',(1.,0.,0.));
#5566=DIRECTION('',(1.,1.7347234759768E-16,0.));
#5567=DIRECTION('',(0.,-1.,0.));
#5568=DIRECTION('',(1.,1.7347234759768E-16,0.));
#5569=DIRECTION('',(0.,-1.,0.));
#5570=DIRECTION('',(0.,0.,1.));
#5571=DIRECTION('',(1.,0.,0.));
#5572=DIRECTION('',(1.7347234759768E-16,-1.,0.));
#5573=DIRECTION('',(1.,1.7347234759768E-16,0.));
#5574=DIRECTION('',(0.,0.,-1.));
#5575=DIRECTION('',(0.,0.,-1.));
#5576=DIRECTION('',(-1.,-1.7347234759768E-16,0.));
#5577=DIRECTION('',(-1.,0.,0.));
#5578=DIRECTION('',(0.,0.,1.));
#5579=DIRECTION('',(0.,0.,-1.));
#5580=DIRECTION('',(0.,1.,0.));
#5581=DIRECTION('',(1.7347234759768E-16,-1.,0.));
#5582=DIRECTION('',(1.,1.7347234759768E-16,0.));
#5583=DIRECTION('',(0.,0.,-1.));
#5584=DIRECTION('',(-1.,-1.7347234759768E-16,0.));
#5585=DIRECTION('',(-1.,0.,0.));
#5586=DIRECTION('',(0.,0.,1.));
#5587=DIRECTION('',(0.,1.,0.));
#5588=DIRECTION('',(0.,0.,1.));
#5589=DIRECTION('',(1.,0.,0.));
#5590=DIRECTION('',(0.,0.,1.));
#5591=DIRECTION('',(1.,0.,0.));
#5592=DIRECTION('',(-0.642787609686539,0.,-0.766044443118978));
#5593=DIRECTION('',(-0.766044443118978,0.,0.642787609686539));
#5594=DIRECTION('',(0.766044443118978,0.,-0.642787609686539));
#5595=DIRECTION('',(0.,-1.,0.));
#5596=DIRECTION('',(0.766044443118978,0.,-0.642787609686539));
#5597=DIRECTION('',(0.,-1.,0.));
#5598=DIRECTION('',(0.,-1.,0.));
#5599=DIRECTION('',(0.,0.,-1.));
#5600=DIRECTION('',(0.,-1.,0.));
#5601=DIRECTION('',(0.,0.,-1.));
#5602=DIRECTION('',(0.,-1.,0.));
#5603=DIRECTION('',(0.,0.,-1.));
#5604=DIRECTION('',(0.,-1.,0.));
#5605=DIRECTION('',(0.642787609686539,0.,0.766044443118978));
#5606=DIRECTION('',(0.766044443118978,0.,-0.642787609686539));
#5607=DIRECTION('',(-0.766044443118978,0.,0.642787609686539));
#5608=DIRECTION('',(-0.766044443118978,0.,0.642787609686539));
#5609=DIRECTION('',(0.,-1.,0.));
#5610=DIRECTION('',(0.,-1.,0.));
#5611=DIRECTION('',(0.,0.,-1.));
#5612=DIRECTION('',(0.,-1.,0.));
#5613=DIRECTION('',(0.,0.,-1.));
#5614=DIRECTION('',(0.,-1.,0.));
#5615=DIRECTION('',(0.,0.,-1.));
#5616=DIRECTION('',(0.,-1.,0.));
#5617=DIRECTION('',(0.766044443118978,0.,0.642787609686539));
#5618=DIRECTION('',(0.642787609686539,0.,-0.766044443118978));
#5619=DIRECTION('',(-0.64278760968654,0.,0.766044443118978));
#5620=DIRECTION('',(-0.64278760968654,0.,0.766044443118978));
#5621=DIRECTION('',(0.,-1.,0.));
#5622=DIRECTION('',(0.,-1.,0.));
#5623=DIRECTION('',(0.,0.,-1.));
#5624=DIRECTION('',(0.,-1.,0.));
#5625=DIRECTION('',(0.,0.,-1.));
#5626=DIRECTION('',(0.,-1.,0.));
#5627=DIRECTION('',(0.,0.,-1.));
#5628=DIRECTION('',(0.,-1.,0.));
#5629=DIRECTION('',(-0.984807753012208,0.,0.173648177666929));
#5630=DIRECTION('',(0.17364817766693,0.,0.984807753012208));
#5631=DIRECTION('',(-0.17364817766693,0.,-0.984807753012208));
#5632=DIRECTION('',(-0.17364817766693,0.,-0.984807753012208));
#5633=DIRECTION('',(0.,-1.,0.));
#5634=DIRECTION('',(0.,-1.,0.));
#5635=DIRECTION('',(0.,0.,-1.));
#5636=DIRECTION('',(0.,-1.,0.));
#5637=DIRECTION('',(0.,0.,-1.));
#5638=DIRECTION('',(0.,-1.,0.));
#5639=DIRECTION('',(0.,0.,-1.));
#5640=DIRECTION('',(0.,-1.,0.));
#5641=DIRECTION('',(-0.17364817766694,0.,-0.984807753012206));
#5642=DIRECTION('',(-0.984807753012206,0.,0.17364817766694));
#5643=DIRECTION('',(0.984807753012206,0.,-0.17364817766694));
#5644=DIRECTION('',(0.984807753012206,0.,-0.17364817766694));
#5645=DIRECTION('',(0.,-1.,0.));
#5646=DIRECTION('',(0.,-1.,0.));
#5647=DIRECTION('',(0.,0.,-1.));
#5648=DIRECTION('',(0.,-1.,0.));
#5649=DIRECTION('',(0.,0.,-1.));
#5650=DIRECTION('',(0.,-1.,0.));
#5651=DIRECTION('',(0.,0.,-1.));
#5652=DIRECTION('',(0.,-1.,0.));
#5653=DIRECTION('',(0.,-1.,0.));
#5654=DIRECTION('',(0.,0.,-1.));
#5655=DIRECTION('',(0.,-1.,0.));
#5656=DIRECTION('',(0.,0.,-1.));
#5657=DIRECTION('',(0.,-1.,0.));
#5658=DIRECTION('',(0.,0.,-1.));
#5659=DIRECTION('',(0.,-1.,0.));
#5660=DIRECTION('',(-0.766044443118978,0.,-0.642787609686539));
#5661=DIRECTION('',(-0.642787609686539,0.,0.766044443118978));
#5662=DIRECTION('',(0.64278760968654,0.,-0.766044443118978));
#5663=DIRECTION('',(0.64278760968654,0.,-0.766044443118978));
#5664=DIRECTION('',(0.,-1.,0.));
#5665=DIRECTION('',(0.,-1.,0.));
#5666=DIRECTION('',(0.,0.,-1.));
#5667=DIRECTION('',(0.,-1.,0.));
#5668=DIRECTION('',(0.,0.,-1.));
#5669=DIRECTION('',(0.,-1.,0.));
#5670=DIRECTION('',(0.,0.,-1.));
#5671=DIRECTION('',(0.,-1.,0.));
#5672=DIRECTION('',(1.,0.,0.));
#5673=DIRECTION('',(0.,-1.,0.));
#5674=DIRECTION('',(1.,0.,0.));
#5675=DIRECTION('',(0.,0.,1.));
#5676=DIRECTION('',(1.,0.,0.));
#5677=DIRECTION('',(0.,1.,0.));
#5678=DIRECTION('',(0.,0.,1.));
#5679=DIRECTION('',(0.,-1.,0.));
#5680=DIRECTION('',(0.,0.,-1.));
#5681=DIRECTION('',(0.,-1.,0.));
#5682=DIRECTION('',(0.,0.,-1.));
#5683=DIRECTION('',(0.,-1.,0.));
#5684=DIRECTION('',(1.,0.,0.));
#5685=DIRECTION('',(0.,-1.,0.));
#5686=DIRECTION('',(1.,0.,0.));
#5687=DIRECTION('',(0.,0.,1.));
#5688=DIRECTION('',(1.,0.,0.));
#5689=DIRECTION('',(-1.7347234759768E-16,1.,0.));
#5690=DIRECTION('',(-1.,-1.7347234759768E-16,0.));
#5691=DIRECTION('',(1.7347234759768E-16,-1.,0.));
#5692=DIRECTION('',(1.,1.7347234759768E-16,0.));
#5693=DIRECTION('',(-1.7347234759768E-16,1.,0.));
#5694=DIRECTION('',(1.7347234759768E-16,-1.,0.));
#5695=DIRECTION('',(1.,1.7347234759768E-16,0.));
#5696=DIRECTION('',(-1.7347234759768E-16,1.,0.));
#5697=DIRECTION('',(-1.7347234759768E-16,1.,0.));
#5698=DIRECTION('',(-1.,-1.7347234759768E-16,0.));
#5699=DIRECTION('',(1.7347234759768E-16,-1.,0.));
#5700=DIRECTION('',(1.,1.7347234759768E-16,0.));
#5701=DIRECTION('',(-1.7347234759768E-16,1.,0.));
#5702=DIRECTION('',(1.7347234759768E-16,-1.,0.));
#5703=DIRECTION('',(1.,1.7347234759768E-16,0.));
#5704=DIRECTION('',(0.866025403784439,1.50231459873716E-16,-0.5));
#5705=DIRECTION('',(-0.5,0.,-0.866025403784439));
#5706=DIRECTION('',(-0.5,-8.67361737988404E-17,-0.866025403784439));
#5707=DIRECTION('',(-1.7347234759768E-16,1.,0.));
#5708=DIRECTION('',(-0.5,-8.67361737988404E-17,-0.866025403784439));
#5709=DIRECTION('',(-1.7347234759768E-16,1.,0.));
#5710=DIRECTION('',(-1.,-1.7347234759768E-16,0.));
#5711=DIRECTION('',(1.7347234759768E-16,-1.,0.));
#5712=DIRECTION('',(1.,1.7347234759768E-16,0.));
#5713=DIRECTION('',(-1.7347234759768E-16,1.,0.));
#5714=DIRECTION('',(1.7347234759768E-16,-1.,0.));
#5715=DIRECTION('',(1.,1.7347234759768E-16,0.));
#5716=DIRECTION('',(0.866025403784438,1.50231459873716E-16,-0.5));
#5717=DIRECTION('',(-0.5,0.,-0.866025403784438));
#5718=DIRECTION('',(-0.5,-8.67361737988405E-17,-0.866025403784438));
#5719=DIRECTION('',(-1.7347234759768E-16,1.,0.));
#5720=DIRECTION('',(-0.5,-8.67361737988405E-17,-0.866025403784438));
#5721=DIRECTION('',(-1.7347234759768E-16,1.,0.));
#5722=DIRECTION('',(-1.,-1.7347234759768E-16,0.));
#5723=DIRECTION('',(1.7347234759768E-16,-1.,0.));
#5724=DIRECTION('',(1.,1.7347234759768E-16,0.));
#5725=DIRECTION('',(1.7347234759768E-16,-1.,0.));
#5726=DIRECTION('',(1.,1.7347234759768E-16,0.));
#5727=DIRECTION('',(1.7347234759768E-16,-1.,0.));
#5728=DIRECTION('',(1.,1.7347234759768E-16,0.));
#5729=DIRECTION('',(1.7347234759768E-16,-1.,0.));
#5730=DIRECTION('',(1.,1.7347234759768E-16,0.));
#5731=DIRECTION('',(0.,0.,1.));
#5732=DIRECTION('',(1.,0.,0.));
#5733=DIRECTION('',(1.7347234759768E-16,-1.,0.));
#5734=DIRECTION('',(1.,1.7347234759768E-16,0.));
#5735=DIRECTION('',(-1.7347234759768E-16,1.,0.));
#5736=DIRECTION('',(-1.,-1.7347234759768E-16,0.));
#5737=DIRECTION('',(1.7347234759768E-16,-1.,0.));
#5738=DIRECTION('',(-1.7347234759768E-16,1.,0.));
#5739=DIRECTION('',(-1.,-1.7347234759768E-16,0.));
#5740=DIRECTION('',(1.7347234759768E-16,-1.,0.));
#5741=DIRECTION('',(1.7347234759768E-16,-1.,0.));
#5742=DIRECTION('',(1.,1.7347234759768E-16,0.));
#5743=DIRECTION('',(-1.7347234759768E-16,1.,0.));
#5744=DIRECTION('',(-1.,-1.7347234759768E-16,0.));
#5745=DIRECTION('',(1.7347234759768E-16,-1.,0.));
#5746=DIRECTION('',(-1.7347234759768E-16,1.,0.));
#5747=DIRECTION('',(-1.,-1.7347234759768E-16,0.));
#5748=DIRECTION('',(-0.866025403784439,-1.50231459873716E-16,0.5));
#5749=DIRECTION('',(0.5,0.,0.866025403784439));
#5750=DIRECTION('',(-0.5,-8.67361737988404E-17,-0.866025403784439));
#5751=DIRECTION('',(-0.5,-8.67361737988404E-17,-0.866025403784439));
#5752=DIRECTION('',(-1.7347234759768E-16,1.,0.));
#5753=DIRECTION('',(-1.,-1.7347234759768E-16,0.));
#5754=DIRECTION('',(-1.7347234759768E-16,1.,0.));
#5755=DIRECTION('',(-1.,-1.7347234759768E-16,0.));
#5756=DIRECTION('',(0.,0.,1.));
#5757=DIRECTION('',(1.,0.,0.));
#5758=CARTESIAN_POINT('',(0.,0.,0.));
#5759=CARTESIAN_POINT('',(0.0812398473561547,-0.002,0.0441030925838694));
#5760=CARTESIAN_POINT('',(0.0812398473561547,0.002,0.0441030925838694));
#5761=CARTESIAN_POINT('',(0.0822700048634302,0.002,0.0423888068695837));
#5762=CARTESIAN_POINT('',(0.0822700048634301,0.002,0.0458173782981552));
#5763=CARTESIAN_POINT('',(0.0822700048634302,-0.002,0.0423888068695837));
#5764=CARTESIAN_POINT('',(0.0822700048634302,-0.002,0.0423888068695837));
#5765=CARTESIAN_POINT('',(0.0812398473561547,-0.002,0.0441030925838694));
#5766=CARTESIAN_POINT('',(0.0822700048634301,-0.002,0.0458173782981552));
#5767=CARTESIAN_POINT('',(0.0822700048634301,-0.002,0.0458173782981552));
#5768=CARTESIAN_POINT('',(0.0830426229938868,-0.002,0.0411030925838695));
#5769=CARTESIAN_POINT('',(0.0830426229938868,0.002,0.0411030925838695));
#5770=CARTESIAN_POINT('',(0.0830426229938867,0.002,0.0426030925838695));
#5771=CARTESIAN_POINT('',(0.0830426229938867,-0.002,0.0426030925838695));
#5772=CARTESIAN_POINT('',(0.0830426229938867,-0.002,0.0426030925838695));
#5773=CARTESIAN_POINT('',(0.0830426229938868,-0.002,0.0411030925838695));
#5774=CARTESIAN_POINT('',(0.0841412351750207,-0.002,0.0426030925838694));
#5775=CARTESIAN_POINT('',(0.0841412351750207,0.002,0.0426030925838694));
#5776=CARTESIAN_POINT('',(0.0852398473561547,0.002,0.0426030925838694));
#5777=CARTESIAN_POINT('',(0.0852398473561547,-0.002,0.0426030925838694));
#5778=CARTESIAN_POINT('',(0.0852398473561547,-0.002,0.0426030925838694));
#5779=CARTESIAN_POINT('',(0.0841412351750207,-0.002,0.0426030925838694));
#5780=CARTESIAN_POINT('',(0.0852398473561547,-0.002,0.0441030925838694));
#5781=CARTESIAN_POINT('',(0.0852398473561547,0.002,0.0441030925838694));
#5782=CARTESIAN_POINT('',(0.0852398473561547,0.002,0.0456030925838694));
#5783=CARTESIAN_POINT('',(0.0852398473561547,-0.002,0.0456030925838694));
#5784=CARTESIAN_POINT('',(0.0852398473561547,-0.002,0.0456030925838694));
#5785=CARTESIAN_POINT('',(0.0852398473561547,-0.002,0.0441030925838694));
#5786=CARTESIAN_POINT('',(0.0841412351750207,-0.002,0.0456030925838694));
#5787=CARTESIAN_POINT('',(0.0841412351750207,0.002,0.0456030925838694));
#5788=CARTESIAN_POINT('',(0.0830426229938867,0.002,0.0456030925838694));
#5789=CARTESIAN_POINT('',(0.0830426229938867,-0.002,0.0456030925838694));
#5790=CARTESIAN_POINT('',(0.0830426229938867,-0.002,0.0456030925838694));
#5791=CARTESIAN_POINT('',(0.0841412351750207,-0.002,0.0456030925838694));
#5792=CARTESIAN_POINT('',(0.0830426229938867,-0.002,0.0471030925838695));
#5793=CARTESIAN_POINT('',(0.0830426229938867,0.002,0.0471030925838695));
#5794=CARTESIAN_POINT('',(0.0830426229938867,-0.002,0.0471030925838695));
#5795=CARTESIAN_POINT('',(0.0791484062852536,-0.002,0.0423530925838694));
#5796=CARTESIAN_POINT('',(0.0791484062852536,0.002,0.0423530925838694));
#5797=CARTESIAN_POINT('',(0.,0.,0.));
#5798=CARTESIAN_POINT('',(0.06,0.,0.015));
#5799=CARTESIAN_POINT('',(0.06,0.002,0.011));
#5800=CARTESIAN_POINT('',(0.06,0.002,0.0095));
#5801=CARTESIAN_POINT('',(0.06,-0.002,0.011));
#5802=CARTESIAN_POINT('',(0.06,-0.002,0.0095));
#5803=CARTESIAN_POINT('',(0.06,-0.027,0.015));
#5804=CARTESIAN_POINT('',(0.06,-0.027,0.014));
#5805=CARTESIAN_POINT('',(0.06,-0.027,0.001));
#5806=CARTESIAN_POINT('',(0.06,0.027,0.001));
#5807=CARTESIAN_POINT('',(0.06,0.027,0.001));
#5808=CARTESIAN_POINT('',(0.06,0.027,0.015));
#5809=CARTESIAN_POINT('',(0.06,0.027,0.014));
#5810=CARTESIAN_POINT('',(0.06,0.,0.014));
#5811=CARTESIAN_POINT('',(0.,0.03,0.015));
#5812=CARTESIAN_POINT('',(0.057,0.03,0.));
#5813=CARTESIAN_POINT('',(0.057,0.03,0.014));
#5814=CARTESIAN_POINT('',(0.057,0.03,0.001));
#5815=CARTESIAN_POINT('',(0.,0.03,0.001));
#5816=CARTESIAN_POINT('',(-0.057,0.03,0.001));
#5817=CARTESIAN_POINT('',(-0.057,0.03,0.015));
#5818=CARTESIAN_POINT('',(-0.057,0.03,0.014));
#5819=CARTESIAN_POINT('',(0.057,0.03,0.014));
#5820=CARTESIAN_POINT('',(-0.06,0.,0.015));
#5821=CARTESIAN_POINT('',(-0.06,0.027,0.015));
#5822=CARTESIAN_POINT('',(-0.06,0.027,0.014));
#5823=CARTESIAN_POINT('',(-0.06,0.027,0.001));
#5824=CARTESIAN_POINT('',(-0.06,0.,0.001));
#5825=CARTESIAN_POINT('',(-0.06,-0.027,0.001));
#5826=CARTESIAN_POINT('',(-0.06,-0.027,0.015));
#5827=CARTESIAN_POINT('',(-0.06,-0.027,0.014));
#5828=CARTESIAN_POINT('',(-0.06,0.027,0.014));
#5829=CARTESIAN_POINT('',(0.,-0.03,0.015));
#5830=CARTESIAN_POINT('',(-0.057,-0.03,0.));
#5831=CARTESIAN_POINT('',(-0.057,-0.03,0.014));
#5832=CARTESIAN_POINT('',(-0.057,-0.03,0.001));
#5833=CARTESIAN_POINT('',(0.057,-0.03,0.001));
#5834=CARTESIAN_POINT('',(0.057,-0.03,0.001));
#5835=CARTESIAN_POINT('',(0.057,-0.03,0.015));
#5836=CARTESIAN_POINT('',(0.057,-0.03,0.014));
#5837=CARTESIAN_POINT('',(0.,-0.03,0.014));
#5838=CARTESIAN_POINT('',(0.,0.,0.015));
#5839=CARTESIAN_POINT('',(0.059,0.,0.015));
#5840=CARTESIAN_POINT('',(0.059,-0.027,0.015));
#5841=CARTESIAN_POINT('',(0.059,0.027,0.015));
#5842=CARTESIAN_POINT('',(0.057,0.027,0.015));
#5843=CARTESIAN_POINT('',(0.057,0.029,0.015));
#5844=CARTESIAN_POINT('',(-0.057,0.029,0.015));
#5845=CARTESIAN_POINT('',(-0.057,0.029,0.015));
#5846=CARTESIAN_POINT('',(-0.057,0.027,0.015));
#5847=CARTESIAN_POINT('',(-0.059,0.027,0.015));
#5848=CARTESIAN_POINT('',(-0.059,-0.027,0.015));
#5849=CARTESIAN_POINT('',(-0.059,-0.027,0.015));
#5850=CARTESIAN_POINT('',(-0.057,-0.027,0.015));
#5851=CARTESIAN_POINT('',(-0.057,-0.029,0.015));
#5852=CARTESIAN_POINT('',(0.,-0.029,0.015));
#5853=CARTESIAN_POINT('',(0.057,-0.029,0.015));
#5854=CARTESIAN_POINT('',(0.057,-0.027,0.015));
#5855=CARTESIAN_POINT('',(0.,0.,0.));
#5856=CARTESIAN_POINT('',(0.,0.029,0.));
#5857=CARTESIAN_POINT('',(-0.057,0.029,0.));
#5858=CARTESIAN_POINT('',(0.057,0.029,0.));
#5859=CARTESIAN_POINT('',(0.057,0.027,0.));
#5860=CARTESIAN_POINT('',(0.059,0.027,0.));
#5861=CARTESIAN_POINT('',(0.059,-0.027,0.));
#5862=CARTESIAN_POINT('',(0.059,-0.027,0.));
#5863=CARTESIAN_POINT('',(0.057,-0.027,0.));
#5864=CARTESIAN_POINT('',(0.057,-0.029,0.));
#5865=CARTESIAN_POINT('',(-0.057,-0.029,0.));
#5866=CARTESIAN_POINT('',(-0.057,-0.029,0.));
#5867=CARTESIAN_POINT('',(-0.057,-0.027,0.));
#5868=CARTESIAN_POINT('',(-0.059,-0.027,0.));
#5869=CARTESIAN_POINT('',(-0.059,0.,0.));
#5870=CARTESIAN_POINT('',(-0.059,0.027,0.));
#5871=CARTESIAN_POINT('',(-0.057,0.027,0.));
#5872=CARTESIAN_POINT('',(0.059,-0.002,0.011));
#5873=CARTESIAN_POINT('',(0.059,-0.002,0.011));
#5874=CARTESIAN_POINT('',(0.059,-0.002,0.0095));
#5875=CARTESIAN_POINT('',(0.059,0.,0.0075));
#5876=CARTESIAN_POINT('',(0.059,0.002,0.011));
#5877=CARTESIAN_POINT('',(0.059,0.002,0.011));
#5878=CARTESIAN_POINT('',(0.059,0.002,0.0095));
#5879=CARTESIAN_POINT('',(0.059,0.,0.0075));
#5880=CARTESIAN_POINT('',(-0.057,0.027,0.015));
#5881=CARTESIAN_POINT('',(-0.057,0.027,0.001));
#5882=CARTESIAN_POINT('',(-0.057,0.027,0.014));
#5883=CARTESIAN_POINT('',(-0.057,-0.027,0.015));
#5884=CARTESIAN_POINT('',(-0.057,-0.027,0.001));
#5885=CARTESIAN_POINT('',(-0.057,-0.027,0.014));
#5886=CARTESIAN_POINT('',(0.057,-0.027,0.015));
#5887=CARTESIAN_POINT('',(0.057,-0.027,0.001));
#5888=CARTESIAN_POINT('',(0.057,-0.027,0.014));
#5889=CARTESIAN_POINT('',(0.057,0.027,0.015));
#5890=CARTESIAN_POINT('',(0.057,0.027,0.001));
#5891=CARTESIAN_POINT('',(0.057,0.027,0.014));
#5892=CARTESIAN_POINT('',(-0.057,-0.027,0.001));
#5893=CARTESIAN_POINT('',(-0.057,-0.029,0.001));
#5894=CARTESIAN_POINT('',(-0.059,-0.027,0.001));
#5895=CARTESIAN_POINT('',(-0.059,0.,0.001));
#5896=CARTESIAN_POINT('',(-0.059,0.027,0.001));
#5897=CARTESIAN_POINT('',(0.,-0.029,0.001));
#5898=CARTESIAN_POINT('',(0.057,-0.029,0.001));
#5899=CARTESIAN_POINT('',(-0.057,0.027,0.001));
#5900=CARTESIAN_POINT('',(-0.057,0.029,0.001));
#5901=CARTESIAN_POINT('',(0.057,-0.027,0.001));
#5902=CARTESIAN_POINT('',(0.059,-0.027,0.001));
#5903=CARTESIAN_POINT('',(0.,0.029,0.001));
#5904=CARTESIAN_POINT('',(0.057,0.029,0.001));
#5905=CARTESIAN_POINT('',(0.059,0.,0.001));
#5906=CARTESIAN_POINT('',(0.059,0.027,0.001));
#5907=CARTESIAN_POINT('',(0.057,0.027,0.001));
#5908=CARTESIAN_POINT('',(-0.057,-0.027,0.014));
#5909=CARTESIAN_POINT('',(-0.059,-0.027,0.014));
#5910=CARTESIAN_POINT('',(-0.057,-0.029,0.014));
#5911=CARTESIAN_POINT('',(0.,-0.029,0.014));
#5912=CARTESIAN_POINT('',(0.057,-0.029,0.014));
#5913=CARTESIAN_POINT('',(-0.059,0.,0.014));
#5914=CARTESIAN_POINT('',(-0.059,0.027,0.014));
#5915=CARTESIAN_POINT('',(0.057,-0.027,0.014));
#5916=CARTESIAN_POINT('',(0.059,-0.027,0.014));
#5917=CARTESIAN_POINT('',(-0.057,0.027,0.014));
#5918=CARTESIAN_POINT('',(-0.057,0.029,0.014));
#5919=CARTESIAN_POINT('',(0.059,0.,0.014));
#5920=CARTESIAN_POINT('',(0.059,0.027,0.014));
#5921=CARTESIAN_POINT('',(0.,0.029,0.014));
#5922=CARTESIAN_POINT('',(0.057,0.029,0.014));
#5923=CARTESIAN_POINT('',(0.057,0.027,0.014));
#5924=CARTESIAN_POINT('',(0.,0.,0.));
#5925=CARTESIAN_POINT('',(-0.0838730890850538,-0.0335,-0.0269913234689135));
#5926=CARTESIAN_POINT('',(-0.0838730890850538,-0.0365,-0.0269913234689135));
#5927=CARTESIAN_POINT('',(-0.0945668649690646,-0.0365,-0.0180181800687475));
#5928=CARTESIAN_POINT('',(-0.0731793132010429,-0.0365,-0.0359644668690794));
#5929=CARTESIAN_POINT('',(-0.0731793132010429,-0.0335,-0.0359644668690794));
#5930=CARTESIAN_POINT('',(-0.0731793132010429,-0.0335,-0.0359644668690794));
#5931=CARTESIAN_POINT('',(-0.0838730890850538,-0.0335,-0.0269913234689135));
#5932=CARTESIAN_POINT('',(-0.0945668649690646,-0.0335,-0.0180181800687475));
#5933=CARTESIAN_POINT('',(-0.0945668649690646,-0.0335,-0.0180181800687475));
#5934=CARTESIAN_POINT('',(-0.0958524401884377,-0.0335,-0.0195502689549854));
#5935=CARTESIAN_POINT('',(-0.0958524401884377,-0.0365,-0.0195502689549854));
#5936=CARTESIAN_POINT('',(-0.0971380154078108,-0.0365,-0.0210823578412234));
#5937=CARTESIAN_POINT('',(-0.0958524401884377,-0.0335,-0.0195502689549854));
#5938=CARTESIAN_POINT('',(-0.0971380154078108,-0.0335,-0.0210823578412234));
#5939=CARTESIAN_POINT('',(-0.0971380154078108,-0.0335,-0.0210823578412234));
#5940=CARTESIAN_POINT('',(-0.0865782799328598,-0.0335,-0.0299430279835843));
#5941=CARTESIAN_POINT('',(-0.0865782799328598,-0.0365,-0.0299430279835843));
#5942=CARTESIAN_POINT('',(-0.0760185444579088,-0.0365,-0.0388036981259453));
#5943=CARTESIAN_POINT('',(-0.0865782799328598,-0.0335,-0.0299430279835843));
#5944=CARTESIAN_POINT('',(-0.0760185444579088,-0.0335,-0.0388036981259453));
#5945=CARTESIAN_POINT('',(-0.0760185444579088,-0.0335,-0.0388036981259453));
#5946=CARTESIAN_POINT('',(-0.0792324825063417,-0.0335,-0.0426339203415404));
#5947=CARTESIAN_POINT('',(-0.0792324825063417,-0.0365,-0.0426339203415404));
#5948=CARTESIAN_POINT('',(-0.0754022602907467,-0.0365,-0.0394199822931076));
#5949=CARTESIAN_POINT('',(-0.0792324825063417,-0.0335,-0.0426339203415404));
#5950=CARTESIAN_POINT('',(-0.0754022602907467,-0.0335,-0.0394199822931076));
#5951=CARTESIAN_POINT('',(-0.0754022602907467,-0.0335,-0.0394199822931076));
#5952=CARTESIAN_POINT('',(-0.0644735678724946,-0.0335,-0.0524442907449166));
#5953=CARTESIAN_POINT('',(-0.0644735678724946,-0.0365,-0.0524442907449166));
#5954=CARTESIAN_POINT('',(-0.0535448754542425,-0.0365,-0.0654685991967256));
#5955=CARTESIAN_POINT('',(-0.0644735678724946,-0.0335,-0.0524442907449166));
#5956=CARTESIAN_POINT('',(-0.0535448754542425,-0.0335,-0.0654685991967256));
#5957=CARTESIAN_POINT('',(-0.0535448754542425,-0.0335,-0.0654685991967256));
#5958=CARTESIAN_POINT('',(-0.0543109198973615,-0.0335,-0.0661113868064121));
#5959=CARTESIAN_POINT('',(-0.0543109198973615,-0.0365,-0.0661113868064121));
#5960=CARTESIAN_POINT('',(-0.0533261121443493,-0.0365,-0.066285034984079));
#5961=CARTESIAN_POINT('',(-0.0543109198973615,-0.0335,-0.0661113868064121));
#5962=CARTESIAN_POINT('',(-0.0533261121443493,-0.0335,-0.066285034984079));
#5963=CARTESIAN_POINT('',(-0.0533261121443493,-0.0335,-0.066285034984079));
#5964=CARTESIAN_POINT('',(-0.0533967935713357,-0.0335,-0.0666858892759316));
#5965=CARTESIAN_POINT('',(-0.0533967935713357,-0.0365,-0.0666858892759316));
#5966=CARTESIAN_POINT('',(-0.0534674749983221,-0.0365,-0.0670867435677841));
#5967=CARTESIAN_POINT('',(-0.0533967935713357,-0.0335,-0.0666858892759316));
#5968=CARTESIAN_POINT('',(-0.0534674749983221,-0.0335,-0.0670867435677841));
#5969=CARTESIAN_POINT('',(-0.0534674749983221,-0.0335,-0.0670867435677841));
#5970=CARTESIAN_POINT('',(-0.0514978594922976,-0.0335,-0.0674340399231179));
#5971=CARTESIAN_POINT('',(-0.0514978594922976,-0.0365,-0.0674340399231179));
#5972=CARTESIAN_POINT('',(-0.0518451558476315,-0.0365,-0.0694036554291423));
#5973=CARTESIAN_POINT('',(-0.0514978594922976,-0.0335,-0.0674340399231179));
#5974=CARTESIAN_POINT('',(-0.0518451558476315,-0.0335,-0.0694036554291423));
#5975=CARTESIAN_POINT('',(-0.0518451558476315,-0.0335,-0.0694036554291423));
#5976=CARTESIAN_POINT('',(-0.0513766118249943,-0.0335,-0.069486272381983));
#5977=CARTESIAN_POINT('',(-0.0513766118249943,-0.0365,-0.069486272381983));
#5978=CARTESIAN_POINT('',(-0.0509080678023571,-0.0365,-0.0695688893348236));
#5979=CARTESIAN_POINT('',(-0.0513766118249943,-0.0335,-0.069486272381983));
#5980=CARTESIAN_POINT('',(-0.0509080678023571,-0.0335,-0.0695688893348236));
#5981=CARTESIAN_POINT('',(-0.0509080678023571,-0.0335,-0.0695688893348236));
#5982=CARTESIAN_POINT('',(-0.0504739473581898,-0.0335,-0.0671068699522931));
#5983=CARTESIAN_POINT('',(-0.0504739473581898,-0.0365,-0.0671068699522931));
#5984=CARTESIAN_POINT('',(-0.0479791448795836,-0.0365,-0.0672679928641962));
#5985=CARTESIAN_POINT('',(-0.0504739473581898,-0.0335,-0.0671068699522931));
#5986=CARTESIAN_POINT('',(-0.0479791448795836,-0.0335,-0.0672679928641962));
#5987=CARTESIAN_POINT('',(-0.0479791448795836,-0.0335,-0.0672679928641962));
#5988=CARTESIAN_POINT('',(-0.0504411642621141,-0.0335,-0.0668338724200289));
#5989=CARTESIAN_POINT('',(-0.0504411642621141,-0.0365,-0.0668338724200289));
#5990=CARTESIAN_POINT('',(-0.0485260531543166,-0.0365,-0.0652269033958125));
#5991=CARTESIAN_POINT('',(-0.0504411642621141,-0.0335,-0.0668338724200289));
#5992=CARTESIAN_POINT('',(-0.0485260531543166,-0.0335,-0.0652269033958125));
#5993=CARTESIAN_POINT('',(-0.0485260531543166,-0.0335,-0.0652269033958125));
#5994=CARTESIAN_POINT('',(-0.0605445410940987,-0.0335,-0.0509038272160271));
#5995=CARTESIAN_POINT('',(-0.0605445410940987,-0.0365,-0.0509038272160271));
#5996=CARTESIAN_POINT('',(-0.0725630290338807,-0.0365,-0.0365807510362417));
#5997=CARTESIAN_POINT('',(-0.0605445410940987,-0.0335,-0.0509038272160271));
#5998=CARTESIAN_POINT('',(-0.0725630290338807,-0.0335,-0.0365807510362417));
#5999=CARTESIAN_POINT('',(-0.0725630290338807,-0.0335,-0.0365807510362417));
#6000=CARTESIAN_POINT('',(-0.0763932512494757,-0.0335,-0.0397946890846744));
#6001=CARTESIAN_POINT('',(-0.0763932512494757,-0.0365,-0.0397946890846744));
#6002=CARTESIAN_POINT('',(-0.0763932512494757,-0.0335,-0.0397946890846744));
#6003=CARTESIAN_POINT('',(-0.0702061240135758,-0.0335,-0.0350040674832092));
#6004=CARTESIAN_POINT('',(-0.0702061240135758,-0.0365,-0.0350040674832092));
#6005=CARTESIAN_POINT('',(0.,0.,0.));
#6006=CARTESIAN_POINT('',(-0.0739262200942189,-0.037,-0.00342705826613938));
#6007=CARTESIAN_POINT('',(-0.0739262200942189,-0.033,-0.00342705826613938));
#6008=CARTESIAN_POINT('',(-0.0973524401884378,-0.033,-0.016952192743632));
#6009=CARTESIAN_POINT('',(-0.0505,-0.033,0.0100980762113533));
#6010=CARTESIAN_POINT('',(-0.0973524401884378,-0.037,-0.016952192743632));
#6011=CARTESIAN_POINT('',(-0.0973524401884378,-0.037,-0.016952192743632));
#6012=CARTESIAN_POINT('',(-0.0739262200942189,-0.037,-0.00342705826613938));
#6013=CARTESIAN_POINT('',(-0.0505,-0.037,0.0100980762113533));
#6014=CARTESIAN_POINT('',(-0.0505,-0.037,0.0100980762113533));
#6015=CARTESIAN_POINT('',(-0.0958524401884377,-0.037,-0.0195502689549854));
#6016=CARTESIAN_POINT('',(-0.0958524401884377,-0.033,-0.0195502689549854));
#6017=CARTESIAN_POINT('',(-0.0985037647630216,-0.033,-0.0181465318000281));
#6018=CARTESIAN_POINT('',(-0.0985037647630216,-0.037,-0.0181465318000281));
#6019=CARTESIAN_POINT('',(-0.0985037647630216,-0.037,-0.0181465318000281));
#6020=CARTESIAN_POINT('',(-0.0958524401884377,-0.037,-0.0195502689549854));
#6021=CARTESIAN_POINT('',(-0.0985037647630216,-0.037,-0.0195502689549854));
#6022=CARTESIAN_POINT('',(-0.0985037647630216,-0.033,-0.0195502689549854));
#6023=CARTESIAN_POINT('',(-0.0985037647630216,-0.033,-0.0209540061099427));
#6024=CARTESIAN_POINT('',(-0.0985037647630216,-0.037,-0.0209540061099427));
#6025=CARTESIAN_POINT('',(-0.0985037647630216,-0.037,-0.0209540061099427));
#6026=CARTESIAN_POINT('',(-0.0985037647630216,-0.037,-0.0195502689549854));
#6027=CARTESIAN_POINT('',(-0.096382444419462,-0.037,-0.018832685766383));
#6028=CARTESIAN_POINT('',(-0.096382444419462,-0.033,-0.018832685766383));
#6029=CARTESIAN_POINT('',(-0.094882444419462,-0.033,-0.0214307619777363));
#6030=CARTESIAN_POINT('',(-0.094882444419462,-0.037,-0.0214307619777363));
#6031=CARTESIAN_POINT('',(-0.094882444419462,-0.037,-0.0214307619777363));
#6032=CARTESIAN_POINT('',(-0.096382444419462,-0.037,-0.018832685766383));
#6033=CARTESIAN_POINT('',(-0.0714562243252431,-0.037,-0.00790562750024366));
#6034=CARTESIAN_POINT('',(-0.0714562243252431,-0.033,-0.00790562750024366));
#6035=CARTESIAN_POINT('',(-0.0480300042310242,-0.033,0.00561950697724903));
#6036=CARTESIAN_POINT('',(-0.0480300042310242,-0.037,0.00561950697724903));
#6037=CARTESIAN_POINT('',(-0.0480300042310242,-0.037,0.00561950697724903));
#6038=CARTESIAN_POINT('',(-0.0714562243252431,-0.037,-0.00790562750024366));
#6039=CARTESIAN_POINT('',(-0.0495300042310243,-0.037,0.00821758318860235));
#6040=CARTESIAN_POINT('',(-0.0495300042310243,-0.033,0.00821758318860235));
#6041=CARTESIAN_POINT('',(-0.0468786796564404,-0.033,0.00962132034355965));
#6042=CARTESIAN_POINT('',(-0.0468786796564404,-0.037,0.00962132034355965));
#6043=CARTESIAN_POINT('',(-0.0468786796564404,-0.037,0.00962132034355965));
#6044=CARTESIAN_POINT('',(-0.0495300042310243,-0.037,0.00821758318860235));
#6045=CARTESIAN_POINT('',(-0.049,-0.037,0.0075));
#6046=CARTESIAN_POINT('',(-0.049,-0.033,0.0075));
#6047=CARTESIAN_POINT('',(-0.049,-0.037,0.0075));
#6048=CARTESIAN_POINT('',(-0.0709262200942189,-0.037,-0.00197196728950977));
#6049=CARTESIAN_POINT('',(-0.0709262200942189,-0.033,-0.00197196728950977));
#6050=CARTESIAN_POINT('',(0.,0.,0.));
#6051=CARTESIAN_POINT('',(0.0240737799057811,-0.037,-0.00342705826613938));
#6052=CARTESIAN_POINT('',(0.0240737799057811,-0.033,-0.00342705826613938));
#6053=CARTESIAN_POINT('',(0.000647559811562246,-0.033,-0.016952192743632));
#6054=CARTESIAN_POINT('',(0.0475,-0.033,0.0100980762113533));
#6055=CARTESIAN_POINT('',(0.000647559811562246,-0.037,-0.016952192743632));
#6056=CARTESIAN_POINT('',(0.000647559811562246,-0.037,-0.016952192743632));
#6057=CARTESIAN_POINT('',(0.0240737799057811,-0.037,-0.00342705826613938));
#6058=CARTESIAN_POINT('',(0.0475,-0.037,0.0100980762113533));
#6059=CARTESIAN_POINT('',(0.0475,-0.037,0.0100980762113533));
#6060=CARTESIAN_POINT('',(0.00214755981156229,-0.037,-0.0195502689549854));
#6061=CARTESIAN_POINT('',(0.00214755981156229,-0.033,-0.0195502689549854));
#6062=CARTESIAN_POINT('',(-0.000503764763021639,-0.033,-0.0181465318000281));
#6063=CARTESIAN_POINT('',(-0.000503764763021639,-0.037,-0.0181465318000281));
#6064=CARTESIAN_POINT('',(-0.000503764763021639,-0.037,-0.0181465318000281));
#6065=CARTESIAN_POINT('',(0.00214755981156229,-0.037,-0.0195502689549854));
#6066=CARTESIAN_POINT('',(-0.000503764763021639,-0.037,-0.0195502689549854));
#6067=CARTESIAN_POINT('',(-0.000503764763021639,-0.033,-0.0195502689549854));
#6068=CARTESIAN_POINT('',(-0.000503764763021639,-0.033,-0.0209540061099427));
#6069=CARTESIAN_POINT('',(-0.000503764763021639,-0.037,-0.0209540061099427));
#6070=CARTESIAN_POINT('',(-0.000503764763021639,-0.037,-0.0209540061099427));
#6071=CARTESIAN_POINT('',(-0.000503764763021639,-0.037,-0.0195502689549854));
#6072=CARTESIAN_POINT('',(0.00161755558053801,-0.037,-0.018832685766383));
#6073=CARTESIAN_POINT('',(0.00161755558053801,-0.033,-0.018832685766383));
#6074=CARTESIAN_POINT('',(0.00311755558053802,-0.033,-0.0214307619777363));
#6075=CARTESIAN_POINT('',(0.00311755558053802,-0.037,-0.0214307619777363));
#6076=CARTESIAN_POINT('',(0.00311755558053802,-0.037,-0.0214307619777363));
#6077=CARTESIAN_POINT('',(0.00161755558053801,-0.037,-0.018832685766383));
#6078=CARTESIAN_POINT('',(0.0265437756747569,-0.037,-0.00790562750024366));
#6079=CARTESIAN_POINT('',(0.0265437756747569,-0.033,-0.00790562750024366));
#6080=CARTESIAN_POINT('',(0.0499699957689758,-0.033,0.00561950697724903));
#6081=CARTESIAN_POINT('',(0.0499699957689758,-0.037,0.00561950697724903));
#6082=CARTESIAN_POINT('',(0.0499699957689758,-0.037,0.00561950697724903));
#6083=CARTESIAN_POINT('',(0.0265437756747569,-0.037,-0.00790562750024366));
#6084=CARTESIAN_POINT('',(0.0484699957689758,-0.037,0.00821758318860235));
#6085=CARTESIAN_POINT('',(0.0484699957689758,-0.033,0.00821758318860235));
#6086=CARTESIAN_POINT('',(0.0511213203435597,-0.033,0.00962132034355965));
#6087=CARTESIAN_POINT('',(0.0511213203435597,-0.037,0.00962132034355965));
#6088=CARTESIAN_POINT('',(0.0511213203435597,-0.037,0.00962132034355965));
#6089=CARTESIAN_POINT('',(0.0484699957689758,-0.037,0.00821758318860235));
#6090=CARTESIAN_POINT('',(0.049,-0.037,0.0075));
#6091=CARTESIAN_POINT('',(0.049,-0.033,0.0075));
#6092=CARTESIAN_POINT('',(0.049,-0.037,0.0075));
#6093=CARTESIAN_POINT('',(0.0270737799057811,-0.037,-0.00197196728950977));
#6094=CARTESIAN_POINT('',(0.0270737799057811,-0.033,-0.00197196728950977));
#6095=CARTESIAN_POINT('',(0.,0.,0.));
#6096=CARTESIAN_POINT('',(0.0852398473561547,-0.002,0.0436030925838694));
#6097=CARTESIAN_POINT('',(0.0852398473561547,-0.002,0.0446030925838694));
#6098=CARTESIAN_POINT('',(0.0852398473561547,0.001,0.0446030925838694));
#6099=CARTESIAN_POINT('',(0.0852398473561547,0.002,0.0446030925838694));
#6100=CARTESIAN_POINT('',(0.0852398473561547,0.002,0.0436030925838694));
#6101=CARTESIAN_POINT('',(0.0852398473561547,0.002,0.0436030925838694));
#6102=CARTESIAN_POINT('',(0.0852398473561547,-0.002,0.0436030925838694));
#6103=CARTESIAN_POINT('',(0.0852398473561547,0.001,0.0436030925838694));
#6104=CARTESIAN_POINT('',(0.0852398473561547,0.001,0.0436030925838694));
#6105=CARTESIAN_POINT('',(0.0869291871843749,0.001,0.0436030925838694));
#6106=CARTESIAN_POINT('',(0.0869291871843749,0.001,0.0446030925838694));
#6107=CARTESIAN_POINT('',(0.0886185270125951,0.00100000000000001,0.0446030925838694));
#6108=CARTESIAN_POINT('',(0.0869291871843749,0.001,0.0436030925838694));
#6109=CARTESIAN_POINT('',(0.0886185270125951,0.00100000000000001,0.0436030925838694));
#6110=CARTESIAN_POINT('',(0.0886185270125951,0.00100000000000001,0.0436030925838694));
#6111=CARTESIAN_POINT('',(0.0886185270125951,-0.000500000000000026,0.0436030925838694));
#6112=CARTESIAN_POINT('',(0.0886185270125951,-0.000500000000000026,0.0446030925838694));
#6113=CARTESIAN_POINT('',(0.0896791871843749,0.000560660171779847,0.0446030925838694));
#6114=CARTESIAN_POINT('',(0.0886185270125951,-0.000500000000000026,0.0436030925838694));
#6115=CARTESIAN_POINT('',(0.0896791871843749,0.000560660171779847,0.0436030925838694));
#6116=CARTESIAN_POINT('',(0.0896791871843749,0.000560660171779847,0.0436030925838694));
#6117=CARTESIAN_POINT('',(0.0898345172702648,0.000405330085889926,0.0436030925838694));
#6118=CARTESIAN_POINT('',(0.0898345172702648,0.000405330085889926,0.0446030925838694));
#6119=CARTESIAN_POINT('',(0.0899898473561548,0.00025,0.0446030925838694));
#6120=CARTESIAN_POINT('',(0.0898345172702648,0.000405330085889926,0.0436030925838694));
#6121=CARTESIAN_POINT('',(0.0899898473561548,0.00025,0.0436030925838694));
#6122=CARTESIAN_POINT('',(0.0899898473561548,0.00025,0.0436030925838694));
#6123=CARTESIAN_POINT('',(0.0904898473561548,0.000250000000000008,0.0436030925838694));
#6124=CARTESIAN_POINT('',(0.0904898473561548,0.000250000000000008,0.0446030925838694));
#6125=CARTESIAN_POINT('',(0.0909898473561548,0.000249999999999997,0.0446030925838694));
#6126=CARTESIAN_POINT('',(0.0904898473561548,0.000250000000000008,0.0436030925838694));
#6127=CARTESIAN_POINT('',(0.0909898473561548,0.000249999999999997,0.0436030925838694));
#6128=CARTESIAN_POINT('',(0.0909898473561548,0.000249999999999997,0.0436030925838694));
#6129=CARTESIAN_POINT('',(0.0903345172702648,0.000905330085889919,0.0436030925838694));
#6130=CARTESIAN_POINT('',(0.0903345172702648,0.000905330085889919,0.0446030925838694));
#6131=CARTESIAN_POINT('',(0.089679187184375,0.00156066017177988,0.0446030925838694));
#6132=CARTESIAN_POINT('',(0.0903345172702648,0.000905330085889919,0.0436030925838694));
#6133=CARTESIAN_POINT('',(0.089679187184375,0.00156066017177988,0.0436030925838694));
#6134=CARTESIAN_POINT('',(0.089679187184375,0.00156066017177988,0.0436030925838694));
#6135=CARTESIAN_POINT('',(0.0886185270125951,0.000500000000000071,0.0436030925838694));
#6136=CARTESIAN_POINT('',(0.0886185270125951,0.000500000000000071,0.0446030925838694));
#6137=CARTESIAN_POINT('',(0.0886185270125951,0.00200000000000006,0.0446030925838694));
#6138=CARTESIAN_POINT('',(0.0886185270125951,0.000500000000000071,0.0436030925838694));
#6139=CARTESIAN_POINT('',(0.0886185270125951,0.00200000000000006,0.0436030925838694));
#6140=CARTESIAN_POINT('',(0.0886185270125951,0.00200000000000006,0.0436030925838694));
#6141=CARTESIAN_POINT('',(0.0869291871843749,0.002,0.0436030925838694));
#6142=CARTESIAN_POINT('',(0.0869291871843749,0.002,0.0446030925838694));
#6143=CARTESIAN_POINT('',(0.0869291871843749,0.002,0.0436030925838694));
#6144=CARTESIAN_POINT('',(0.0870162351750208,1.04083408558608E-17,0.0436030925838694));
#6145=CARTESIAN_POINT('',(0.0870162351750208,1.04083408558608E-17,0.0446030925838694));
#6146=CARTESIAN_POINT('',(0.,0.,0.));
#6147=CARTESIAN_POINT('',(-0.049,0.035,0.0075));
#6148=CARTESIAN_POINT('',(-0.049,0.035,0.0075));
#6149=CARTESIAN_POINT('',(-0.049,0.035,0.0015));
#6150=CARTESIAN_POINT('',(-0.049,0.03,0.0075));
#6151=CARTESIAN_POINT('',(-0.049,0.03,0.0015));
#6152=CARTESIAN_POINT('',(-0.098,0.035,0.0075));
#6153=CARTESIAN_POINT('',(-0.098,0.03,0.0075));
#6154=CARTESIAN_POINT('',(0.,0.,0.));
#6155=CARTESIAN_POINT('',(0.0791685807227719,-0.00375,0.0405981517570081));
#6156=CARTESIAN_POINT('',(0.0791685807227719,-0.00175,0.0405981517570081));
#6157=CARTESIAN_POINT('',(0.0821995350856892,-0.00175,0.0423483847843253));
#6158=CARTESIAN_POINT('',(0.0761778026881307,-0.00175,0.0388711186622023));
#6159=CARTESIAN_POINT('',(0.0821995350856892,-0.00375,0.0423483847843253));
#6160=CARTESIAN_POINT('',(0.0821995350856892,-0.00375,0.0423483847843253));
#6161=CARTESIAN_POINT('',(0.0791685807227719,-0.00375,0.0405981517570081));
#6162=CARTESIAN_POINT('',(0.0761778026881307,-0.00375,0.0388711186622023));
#6163=CARTESIAN_POINT('',(0.0761778026881307,-0.00375,0.0388711186622023));
#6164=CARTESIAN_POINT('',(0.0751776695296637,-0.00375,0.0406030925838694));
#6165=CARTESIAN_POINT('',(0.0751776695296637,-0.00175,0.0406030925838694));
#6166=CARTESIAN_POINT('',(0.0737634559672906,-0.00175,0.0391888790214963));
#6167=CARTESIAN_POINT('',(0.0751776695296637,-0.00375,0.0406030925838694));
#6168=CARTESIAN_POINT('',(0.0737634559672906,-0.00375,0.0391888790214963));
#6169=CARTESIAN_POINT('',(0.0737634559672906,-0.00375,0.0391888790214963));
#6170=CARTESIAN_POINT('',(0.0662939275962217,-0.00375,0.0466584073925653));
#6171=CARTESIAN_POINT('',(0.0662939275962217,-0.00175,0.0466584073925653));
#6172=CARTESIAN_POINT('',(0.0733594261318666,-0.00175,0.0395929088569204));
#6173=CARTESIAN_POINT('',(0.0662939275962217,-0.00375,0.0466584073925653));
#6174=CARTESIAN_POINT('',(0.0733594261318666,-0.00375,0.0395929088569204));
#6175=CARTESIAN_POINT('',(0.0733594261318666,-0.00375,0.0395929088569204));
#6176=CARTESIAN_POINT('',(0.0751381543440352,-0.00375,0.0406734060298668));
#6177=CARTESIAN_POINT('',(0.0751381543440352,-0.00175,0.0406734060298668));
#6178=CARTESIAN_POINT('',(0.0741386823282159,-0.00175,0.0424988933300428));
#6179=CARTESIAN_POINT('',(0.0751381543440352,-0.00375,0.0406734060298668));
#6180=CARTESIAN_POINT('',(0.0741386823282159,-0.00375,0.0424988933300428));
#6181=CARTESIAN_POINT('',(0.0741386823282159,-0.00375,0.0424988933300428));
#6182=CARTESIAN_POINT('',(0.0772094209774181,-0.00375,0.0441783468567281));
#6183=CARTESIAN_POINT('',(0.0772094209774181,-0.00175,0.0441783468567281));
#6184=CARTESIAN_POINT('',(0.0802801596266203,-0.00175,0.0458578003834135));
#6185=CARTESIAN_POINT('',(0.0772094209774181,-0.00375,0.0441783468567281));
#6186=CARTESIAN_POINT('',(0.0802801596266203,-0.00375,0.0458578003834135));
#6187=CARTESIAN_POINT('',(0.0802801596266203,-0.00375,0.0458578003834135));
#6188=CARTESIAN_POINT('',(0.0812398473561547,-0.00375,0.0441030925838694));
#6189=CARTESIAN_POINT('',(0.0812398473561547,-0.00175,0.0441030925838694));
#6190=CARTESIAN_POINT('',(0.0812398473561547,-0.00375,0.0441030925838694));
#6191=CARTESIAN_POINT('',(0.0709489938254339,-0.00375,0.0488510772595048));
#6192=CARTESIAN_POINT('',(0.0709489938254339,-0.00175,0.0488510772595048));
#6193=CARTESIAN_POINT('',(0.,0.,0.));
#6194=CARTESIAN_POINT('',(-0.049,-0.035,0.0075));
#6195=CARTESIAN_POINT('',(-0.049,-0.035,0.0075));
#6196=CARTESIAN_POINT('',(-0.049,-0.035,0.0015));
#6197=CARTESIAN_POINT('',(-0.049,-0.03,0.0075));
#6198=CARTESIAN_POINT('',(-0.049,-0.03,0.0015));
#6199=CARTESIAN_POINT('',(-0.098,-0.035,0.0075));
#6200=CARTESIAN_POINT('',(-0.098,-0.03,0.0075));
#6201=CARTESIAN_POINT('',(0.,0.,0.));
#6202=CARTESIAN_POINT('',(-0.0838730890850538,0.0335,-0.0269913234689135));
#6203=CARTESIAN_POINT('',(-0.0838730890850538,0.0365,-0.0269913234689135));
#6204=CARTESIAN_POINT('',(-0.0945668649690646,0.0365,-0.0180181800687475));
#6205=CARTESIAN_POINT('',(-0.0731793132010429,0.0365,-0.0359644668690794));
#6206=CARTESIAN_POINT('',(-0.0945668649690646,0.0335,-0.0180181800687475));
#6207=CARTESIAN_POINT('',(-0.0945668649690646,0.0335,-0.0180181800687475));
#6208=CARTESIAN_POINT('',(-0.0838730890850538,0.0335,-0.0269913234689135));
#6209=CARTESIAN_POINT('',(-0.0731793132010429,0.0335,-0.0359644668690794));
#6210=CARTESIAN_POINT('',(-0.0731793132010429,0.0335,-0.0359644668690794));
#6211=CARTESIAN_POINT('',(-0.0958524401884377,0.0335,-0.0195502689549854));
#6212=CARTESIAN_POINT('',(-0.0958524401884377,0.0365,-0.0195502689549854));
#6213=CARTESIAN_POINT('',(-0.0971380154078108,0.0365,-0.0210823578412234));
#6214=CARTESIAN_POINT('',(-0.0971380154078108,0.0335,-0.0210823578412234));
#6215=CARTESIAN_POINT('',(-0.0971380154078108,0.0335,-0.0210823578412234));
#6216=CARTESIAN_POINT('',(-0.0958524401884377,0.0335,-0.0195502689549854));
#6217=CARTESIAN_POINT('',(-0.0865782799328598,0.0335,-0.0299430279835843));
#6218=CARTESIAN_POINT('',(-0.0865782799328598,0.0365,-0.0299430279835843));
#6219=CARTESIAN_POINT('',(-0.0760185444579088,0.0365,-0.0388036981259453));
#6220=CARTESIAN_POINT('',(-0.0760185444579088,0.0335,-0.0388036981259453));
#6221=CARTESIAN_POINT('',(-0.0760185444579088,0.0335,-0.0388036981259453));
#6222=CARTESIAN_POINT('',(-0.0865782799328598,0.0335,-0.0299430279835843));
#6223=CARTESIAN_POINT('',(-0.0792324825063417,0.0335,-0.0426339203415404));
#6224=CARTESIAN_POINT('',(-0.0792324825063417,0.0365,-0.0426339203415404));
#6225=CARTESIAN_POINT('',(-0.0754022602907467,0.0365,-0.0394199822931076));
#6226=CARTESIAN_POINT('',(-0.0754022602907467,0.0335,-0.0394199822931076));
#6227=CARTESIAN_POINT('',(-0.0754022602907467,0.0335,-0.0394199822931076));
#6228=CARTESIAN_POINT('',(-0.0792324825063417,0.0335,-0.0426339203415404));
#6229=CARTESIAN_POINT('',(-0.0644735678724946,0.0335,-0.0524442907449166));
#6230=CARTESIAN_POINT('',(-0.0644735678724946,0.0365,-0.0524442907449166));
#6231=CARTESIAN_POINT('',(-0.0535448754542425,0.0365,-0.0654685991967256));
#6232=CARTESIAN_POINT('',(-0.0535448754542425,0.0335,-0.0654685991967256));
#6233=CARTESIAN_POINT('',(-0.0535448754542425,0.0335,-0.0654685991967256));
#6234=CARTESIAN_POINT('',(-0.0644735678724946,0.0335,-0.0524442907449166));
#6235=CARTESIAN_POINT('',(-0.0543109198973615,0.0335,-0.0661113868064121));
#6236=CARTESIAN_POINT('',(-0.0543109198973615,0.0365,-0.0661113868064121));
#6237=CARTESIAN_POINT('',(-0.0533261121443493,0.0365,-0.066285034984079));
#6238=CARTESIAN_POINT('',(-0.0533261121443493,0.0335,-0.066285034984079));
#6239=CARTESIAN_POINT('',(-0.0533261121443493,0.0335,-0.066285034984079));
#6240=CARTESIAN_POINT('',(-0.0543109198973615,0.0335,-0.0661113868064121));
#6241=CARTESIAN_POINT('',(-0.0533967935713357,0.0335,-0.0666858892759316));
#6242=CARTESIAN_POINT('',(-0.0533967935713357,0.0365,-0.0666858892759316));
#6243=CARTESIAN_POINT('',(-0.0534674749983221,0.0365,-0.0670867435677841));
#6244=CARTESIAN_POINT('',(-0.0534674749983221,0.0335,-0.0670867435677841));
#6245=CARTESIAN_POINT('',(-0.0534674749983221,0.0335,-0.0670867435677841));
#6246=CARTESIAN_POINT('',(-0.0533967935713357,0.0335,-0.0666858892759316));
#6247=CARTESIAN_POINT('',(-0.0514978594922976,0.0335,-0.0674340399231179));
#6248=CARTESIAN_POINT('',(-0.0514978594922976,0.0365,-0.0674340399231179));
#6249=CARTESIAN_POINT('',(-0.0518451558476315,0.0365,-0.0694036554291423));
#6250=CARTESIAN_POINT('',(-0.0518451558476315,0.0335,-0.0694036554291423));
#6251=CARTESIAN_POINT('',(-0.0518451558476315,0.0335,-0.0694036554291423));
#6252=CARTESIAN_POINT('',(-0.0514978594922976,0.0335,-0.0674340399231179));
#6253=CARTESIAN_POINT('',(-0.0513766118249943,0.0335,-0.069486272381983));
#6254=CARTESIAN_POINT('',(-0.0513766118249943,0.0365,-0.069486272381983));
#6255=CARTESIAN_POINT('',(-0.0509080678023571,0.0365,-0.0695688893348236));
#6256=CARTESIAN_POINT('',(-0.0509080678023571,0.0335,-0.0695688893348236));
#6257=CARTESIAN_POINT('',(-0.0509080678023571,0.0335,-0.0695688893348236));
#6258=CARTESIAN_POINT('',(-0.0513766118249943,0.0335,-0.069486272381983));
#6259=CARTESIAN_POINT('',(-0.0504739473581898,0.0335,-0.0671068699522931));
#6260=CARTESIAN_POINT('',(-0.0504739473581898,0.0365,-0.0671068699522931));
#6261=CARTESIAN_POINT('',(-0.0479791448795836,0.0365,-0.0672679928641962));
#6262=CARTESIAN_POINT('',(-0.0479791448795836,0.0335,-0.0672679928641962));
#6263=CARTESIAN_POINT('',(-0.0479791448795836,0.0335,-0.0672679928641962));
#6264=CARTESIAN_POINT('',(-0.0504739473581898,0.0335,-0.0671068699522931));
#6265=CARTESIAN_POINT('',(-0.0504411642621141,0.0335,-0.0668338724200289));
#6266=CARTESIAN_POINT('',(-0.0504411642621141,0.0365,-0.0668338724200289));
#6267=CARTESIAN_POINT('',(-0.0485260531543166,0.0365,-0.0652269033958125));
#6268=CARTESIAN_POINT('',(-0.0485260531543166,0.0335,-0.0652269033958125));
#6269=CARTESIAN_POINT('',(-0.0485260531543166,0.0335,-0.0652269033958125));
#6270=CARTESIAN_POINT('',(-0.0504411642621141,0.0335,-0.0668338724200289));
#6271=CARTESIAN_POINT('',(-0.0605445410940987,0.0335,-0.0509038272160271));
#6272=CARTESIAN_POINT('',(-0.0605445410940987,0.0365,-0.0509038272160271));
#6273=CARTESIAN_POINT('',(-0.0725630290338807,0.0365,-0.0365807510362417));
#6274=CARTESIAN_POINT('',(-0.0725630290338807,0.0335,-0.0365807510362417));
#6275=CARTESIAN_POINT('',(-0.0725630290338807,0.0335,-0.0365807510362417));
#6276=CARTESIAN_POINT('',(-0.0605445410940987,0.0335,-0.0509038272160271));
#6277=CARTESIAN_POINT('',(-0.0763932512494757,0.0335,-0.0397946890846744));
#6278=CARTESIAN_POINT('',(-0.0763932512494757,0.0365,-0.0397946890846744));
#6279=CARTESIAN_POINT('',(-0.0763932512494757,0.0335,-0.0397946890846744));
#6280=CARTESIAN_POINT('',(-0.0702061240135758,0.0335,-0.0350040674832092));
#6281=CARTESIAN_POINT('',(-0.0702061240135758,0.0365,-0.0350040674832092));
#6282=CARTESIAN_POINT('',(0.,0.,0.));
#6283=CARTESIAN_POINT('',(0.0869291871843749,-0.001,0.0436030925838694));
#6284=CARTESIAN_POINT('',(0.0869291871843749,-0.001,0.0446030925838694));
#6285=CARTESIAN_POINT('',(0.0852398473561547,-0.001,0.0446030925838694));
#6286=CARTESIAN_POINT('',(0.0886185270125951,-0.001,0.0446030925838694));
#6287=CARTESIAN_POINT('',(0.0886185270125951,-0.001,0.0436030925838694));
#6288=CARTESIAN_POINT('',(0.0886185270125951,-0.001,0.0436030925838694));
#6289=CARTESIAN_POINT('',(0.0869291871843749,-0.001,0.0436030925838694));
#6290=CARTESIAN_POINT('',(0.0852398473561547,-0.001,0.0436030925838694));
#6291=CARTESIAN_POINT('',(0.0852398473561547,-0.001,0.0436030925838694));
#6292=CARTESIAN_POINT('',(0.0852398473561547,-0.002,0.0436030925838694));
#6293=CARTESIAN_POINT('',(0.0852398473561547,-0.002,0.0446030925838694));
#6294=CARTESIAN_POINT('',(0.0852398473561547,-0.002,0.0446030925838694));
#6295=CARTESIAN_POINT('',(0.0852398473561547,-0.002,0.0436030925838694));
#6296=CARTESIAN_POINT('',(0.0852398473561547,-0.002,0.0436030925838694));
#6297=CARTESIAN_POINT('',(0.0852398473561547,-0.002,0.0436030925838694));
#6298=CARTESIAN_POINT('',(0.0869291871843749,-0.002,0.0436030925838694));
#6299=CARTESIAN_POINT('',(0.0869291871843749,-0.002,0.0446030925838694));
#6300=CARTESIAN_POINT('',(0.0886185270125951,-0.00200000000000004,0.0446030925838694));
#6301=CARTESIAN_POINT('',(0.0869291871843749,-0.002,0.0436030925838694));
#6302=CARTESIAN_POINT('',(0.0886185270125951,-0.00200000000000004,0.0436030925838694));
#6303=CARTESIAN_POINT('',(0.0886185270125951,-0.00200000000000004,0.0436030925838694));
#6304=CARTESIAN_POINT('',(0.0886185270125951,-0.000500000000000052,0.0436030925838694));
#6305=CARTESIAN_POINT('',(0.0886185270125951,-0.000500000000000052,0.0446030925838694));
#6306=CARTESIAN_POINT('',(0.0896791871843749,-0.00156066017177982,0.0446030925838694));
#6307=CARTESIAN_POINT('',(0.0886185270125951,-0.000500000000000052,0.0436030925838694));
#6308=CARTESIAN_POINT('',(0.0896791871843749,-0.00156066017177982,0.0436030925838694));
#6309=CARTESIAN_POINT('',(0.0896791871843749,-0.00156066017177982,0.0436030925838694));
#6310=CARTESIAN_POINT('',(0.0903345172702648,-0.0009053300858899,0.0436030925838694));
#6311=CARTESIAN_POINT('',(0.0903345172702648,-0.0009053300858899,0.0446030925838694));
#6312=CARTESIAN_POINT('',(0.0909898473561548,-0.000249999999999978,0.0446030925838694));
#6313=CARTESIAN_POINT('',(0.0903345172702648,-0.0009053300858899,0.0436030925838694));
#6314=CARTESIAN_POINT('',(0.0909898473561548,-0.000249999999999978,0.0436030925838694));
#6315=CARTESIAN_POINT('',(0.0909898473561548,-0.000249999999999978,0.0436030925838694));
#6316=CARTESIAN_POINT('',(0.0904898473561548,-0.000249999999999993,0.0436030925838694));
#6317=CARTESIAN_POINT('',(0.0904898473561548,-0.000249999999999993,0.0446030925838694));
#6318=CARTESIAN_POINT('',(0.0899898473561548,-0.000249999999999989,0.0446030925838694));
#6319=CARTESIAN_POINT('',(0.0904898473561548,-0.000249999999999993,0.0436030925838694));
#6320=CARTESIAN_POINT('',(0.0899898473561548,-0.000249999999999989,0.0436030925838694));
#6321=CARTESIAN_POINT('',(0.0899898473561548,-0.000249999999999989,0.0436030925838694));
#6322=CARTESIAN_POINT('',(0.0898345172702648,-0.000405330085889906,0.0436030925838694));
#6323=CARTESIAN_POINT('',(0.0898345172702648,-0.000405330085889906,0.0446030925838694));
#6324=CARTESIAN_POINT('',(0.0896791871843749,-0.000560660171779829,0.0446030925838694));
#6325=CARTESIAN_POINT('',(0.0898345172702648,-0.000405330085889906,0.0436030925838694));
#6326=CARTESIAN_POINT('',(0.0896791871843749,-0.000560660171779829,0.0436030925838694));
#6327=CARTESIAN_POINT('',(0.0896791871843749,-0.000560660171779829,0.0436030925838694));
#6328=CARTESIAN_POINT('',(0.0886185270125951,0.000500000000000045,0.0436030925838694));
#6329=CARTESIAN_POINT('',(0.0886185270125951,0.000500000000000045,0.0446030925838694));
#6330=CARTESIAN_POINT('',(0.0886185270125951,0.000500000000000045,0.0436030925838694));
#6331=CARTESIAN_POINT('',(0.0870162351750208,1.04083408558608E-17,0.0436030925838694));
#6332=CARTESIAN_POINT('',(0.0870162351750208,1.04083408558608E-17,0.0446030925838694));
#6333=CARTESIAN_POINT('',(0.,0.,0.));
#6334=CARTESIAN_POINT('',(0.0425,0.0085,0.0323));
#6335=CARTESIAN_POINT('',(0.0425,0.0045,0.0323));
#6336=CARTESIAN_POINT('',(0.0405358983848622,0.0045,0.0368980762113532));
#6337=CARTESIAN_POINT('',(0.0474641016151377,0.0045,0.0328980762113533));
#6338=CARTESIAN_POINT('',(0.0405358983848622,0.0085,0.0368980762113532));
#6339=CARTESIAN_POINT('',(0.0405358983848622,0.0085,0.0368980762113532));
#6340=CARTESIAN_POINT('',(0.0425,0.0085,0.0323));
#6341=CARTESIAN_POINT('',(0.0474641016151377,0.0085,0.0328980762113533));
#6342=CARTESIAN_POINT('',(0.0474641016151377,0.0085,0.0328980762113533));
#6343=CARTESIAN_POINT('',(0.0524282032302755,0.0085,0.0334961524227066));
#6344=CARTESIAN_POINT('',(0.0524282032302755,0.0045,0.0334961524227066));
#6345=CARTESIAN_POINT('',(0.0480980762113533,0.0045,0.0359961524227067));
#6346=CARTESIAN_POINT('',(0.0524282032302755,0.0085,0.0334961524227066));
#6347=CARTESIAN_POINT('',(0.0480980762113533,0.0085,0.0359961524227067));
#6348=CARTESIAN_POINT('',(0.0480980762113533,0.0085,0.0359961524227067));
#6349=CARTESIAN_POINT('',(0.0540980762113533,0.0085,0.0463884572681199));
#6350=CARTESIAN_POINT('',(0.0540980762113533,0.0045,0.0463884572681199));
#6351=CARTESIAN_POINT('',(0.0600980762113533,0.0045,0.0567807621135331));
#6352=CARTESIAN_POINT('',(0.0540980762113533,0.0085,0.0463884572681199));
#6353=CARTESIAN_POINT('',(0.0600980762113533,0.0085,0.0567807621135331));
#6354=CARTESIAN_POINT('',(0.0600980762113533,0.0085,0.0567807621135331));
#6355=CARTESIAN_POINT('',(0.0575,0.0085,0.0582807621135331));
#6356=CARTESIAN_POINT('',(0.0575,0.0045,0.0582807621135331));
#6357=CARTESIAN_POINT('',(0.0549019237886467,0.0045,0.0597807621135331));
#6358=CARTESIAN_POINT('',(0.0575,0.0085,0.0582807621135331));
#6359=CARTESIAN_POINT('',(0.0549019237886467,0.0085,0.0597807621135331));
#6360=CARTESIAN_POINT('',(0.0549019237886467,0.0085,0.0597807621135331));
#6361=CARTESIAN_POINT('',(0.0489019237886467,0.0085,0.0493884572681199));
#6362=CARTESIAN_POINT('',(0.0489019237886467,0.0045,0.0493884572681199));
#6363=CARTESIAN_POINT('',(0.0429019237886466,0.0045,0.0389961524227066));
#6364=CARTESIAN_POINT('',(0.0489019237886467,0.0085,0.0493884572681199));
#6365=CARTESIAN_POINT('',(0.0429019237886466,0.0085,0.0389961524227066));
#6366=CARTESIAN_POINT('',(0.0429019237886466,0.0085,0.0389961524227066));
#6367=CARTESIAN_POINT('',(0.0385717967697244,0.0085,0.0414961524227066));
#6368=CARTESIAN_POINT('',(0.0385717967697244,0.0045,0.0414961524227066));
#6369=CARTESIAN_POINT('',(0.0385717967697244,0.0085,0.0414961524227066));
#6370=CARTESIAN_POINT('',(0.0456794073581696,0.0085,0.0437903810567666));
#6371=CARTESIAN_POINT('',(0.0456794073581696,0.0045,0.0437903810567666));
#6372=CARTESIAN_POINT('',(0.,0.,0.));
#6373=CARTESIAN_POINT('',(0.0425,0.0055,0.0323));
#6374=CARTESIAN_POINT('',(0.0425,0.0055,0.0323));
#6375=CARTESIAN_POINT('',(0.0485,0.0055,0.0323));
#6376=CARTESIAN_POINT('',(0.0425,-0.0055,0.0323));
#6377=CARTESIAN_POINT('',(0.0485,-0.0055,0.0323));
#6378=CARTESIAN_POINT('',(0.0425,0.0055,0.02865));
#6379=CARTESIAN_POINT('',(0.0425,-0.0055,0.02865));
#6380=CARTESIAN_POINT('',(0.,0.,0.));
#6381=CARTESIAN_POINT('',(0.0141269109149462,0.0335,-0.0269913234689135));
#6382=CARTESIAN_POINT('',(0.0141269109149462,0.0365,-0.0269913234689135));
#6383=CARTESIAN_POINT('',(0.00343313503093536,0.0365,-0.0180181800687475));
#6384=CARTESIAN_POINT('',(0.0248206867989571,0.0365,-0.0359644668690794));
#6385=CARTESIAN_POINT('',(0.00343313503093536,0.0335,-0.0180181800687475));
#6386=CARTESIAN_POINT('',(0.00343313503093536,0.0335,-0.0180181800687475));
#6387=CARTESIAN_POINT('',(0.0141269109149462,0.0335,-0.0269913234689135));
#6388=CARTESIAN_POINT('',(0.0248206867989571,0.0335,-0.0359644668690794));
#6389=CARTESIAN_POINT('',(0.0248206867989571,0.0335,-0.0359644668690794));
#6390=CARTESIAN_POINT('',(0.00214755981156229,0.0335,-0.0195502689549854));
#6391=CARTESIAN_POINT('',(0.00214755981156229,0.0365,-0.0195502689549854));
#6392=CARTESIAN_POINT('',(0.000861984592189205,0.0365,-0.0210823578412234));
#6393=CARTESIAN_POINT('',(0.000861984592189205,0.0335,-0.0210823578412234));
#6394=CARTESIAN_POINT('',(0.000861984592189205,0.0335,-0.0210823578412234));
#6395=CARTESIAN_POINT('',(0.00214755981156229,0.0335,-0.0195502689549854));
#6396=CARTESIAN_POINT('',(0.0114217200671402,0.0335,-0.0299430279835843));
#6397=CARTESIAN_POINT('',(0.0114217200671402,0.0365,-0.0299430279835843));
#6398=CARTESIAN_POINT('',(0.0219814555420912,0.0365,-0.0388036981259453));
#6399=CARTESIAN_POINT('',(0.0219814555420912,0.0335,-0.0388036981259453));
#6400=CARTESIAN_POINT('',(0.0219814555420912,0.0335,-0.0388036981259453));
#6401=CARTESIAN_POINT('',(0.0114217200671402,0.0335,-0.0299430279835843));
#6402=CARTESIAN_POINT('',(0.0187675174936583,0.0335,-0.0426339203415404));
#6403=CARTESIAN_POINT('',(0.0187675174936583,0.0365,-0.0426339203415404));
#6404=CARTESIAN_POINT('',(0.0225977397092534,0.0365,-0.0394199822931076));
#6405=CARTESIAN_POINT('',(0.0225977397092534,0.0335,-0.0394199822931076));
#6406=CARTESIAN_POINT('',(0.0225977397092534,0.0335,-0.0394199822931076));
#6407=CARTESIAN_POINT('',(0.0187675174936583,0.0335,-0.0426339203415404));
#6408=CARTESIAN_POINT('',(0.0335264321275054,0.0335,-0.0524442907449166));
#6409=CARTESIAN_POINT('',(0.0335264321275054,0.0365,-0.0524442907449166));
#6410=CARTESIAN_POINT('',(0.0444551245457575,0.0365,-0.0654685991967256));
#6411=CARTESIAN_POINT('',(0.0444551245457575,0.0335,-0.0654685991967256));
#6412=CARTESIAN_POINT('',(0.0444551245457575,0.0335,-0.0654685991967256));
#6413=CARTESIAN_POINT('',(0.0335264321275054,0.0335,-0.0524442907449166));
#6414=CARTESIAN_POINT('',(0.0436890801026385,0.0335,-0.0661113868064121));
#6415=CARTESIAN_POINT('',(0.0436890801026385,0.0365,-0.0661113868064121));
#6416=CARTESIAN_POINT('',(0.0446738878556507,0.0365,-0.066285034984079));
#6417=CARTESIAN_POINT('',(0.0446738878556507,0.0335,-0.066285034984079));
#6418=CARTESIAN_POINT('',(0.0446738878556507,0.0335,-0.066285034984079));
#6419=CARTESIAN_POINT('',(0.0436890801026385,0.0335,-0.0661113868064121));
#6420=CARTESIAN_POINT('',(0.0446032064286643,0.0335,-0.0666858892759316));
#6421=CARTESIAN_POINT('',(0.0446032064286643,0.0365,-0.0666858892759316));
#6422=CARTESIAN_POINT('',(0.044532525001678,0.0365,-0.0670867435677841));
#6423=CARTESIAN_POINT('',(0.044532525001678,0.0335,-0.0670867435677841));
#6424=CARTESIAN_POINT('',(0.044532525001678,0.0335,-0.0670867435677841));
#6425=CARTESIAN_POINT('',(0.0446032064286643,0.0335,-0.0666858892759316));
#6426=CARTESIAN_POINT('',(0.0465021405077024,0.0335,-0.0674340399231179));
#6427=CARTESIAN_POINT('',(0.0465021405077024,0.0365,-0.0674340399231179));
#6428=CARTESIAN_POINT('',(0.0461548441523685,0.0365,-0.0694036554291423));
#6429=CARTESIAN_POINT('',(0.0461548441523685,0.0335,-0.0694036554291423));
#6430=CARTESIAN_POINT('',(0.0461548441523685,0.0335,-0.0694036554291423));
#6431=CARTESIAN_POINT('',(0.0465021405077024,0.0335,-0.0674340399231179));
#6432=CARTESIAN_POINT('',(0.0466233881750057,0.0335,-0.069486272381983));
#6433=CARTESIAN_POINT('',(0.0466233881750057,0.0365,-0.069486272381983));
#6434=CARTESIAN_POINT('',(0.0470919321976429,0.0365,-0.0695688893348236));
#6435=CARTESIAN_POINT('',(0.0470919321976429,0.0335,-0.0695688893348236));
#6436=CARTESIAN_POINT('',(0.0470919321976429,0.0335,-0.0695688893348236));
#6437=CARTESIAN_POINT('',(0.0466233881750057,0.0335,-0.069486272381983));
#6438=CARTESIAN_POINT('',(0.0475260526418102,0.0335,-0.0671068699522931));
#6439=CARTESIAN_POINT('',(0.0475260526418102,0.0365,-0.0671068699522931));
#6440=CARTESIAN_POINT('',(0.0500208551204165,0.0365,-0.0672679928641962));
#6441=CARTESIAN_POINT('',(0.0500208551204165,0.0335,-0.0672679928641962));
#6442=CARTESIAN_POINT('',(0.0500208551204165,0.0335,-0.0672679928641962));
#6443=CARTESIAN_POINT('',(0.0475260526418102,0.0335,-0.0671068699522931));
#6444=CARTESIAN_POINT('',(0.047558835737886,0.0335,-0.0668338724200289));
#6445=CARTESIAN_POINT('',(0.047558835737886,0.0365,-0.0668338724200289));
#6446=CARTESIAN_POINT('',(0.0494739468456834,0.0365,-0.0652269033958125));
#6447=CARTESIAN_POINT('',(0.0494739468456834,0.0335,-0.0652269033958125));
#6448=CARTESIAN_POINT('',(0.0494739468456834,0.0335,-0.0652269033958125));
#6449=CARTESIAN_POINT('',(0.047558835737886,0.0335,-0.0668338724200289));
#6450=CARTESIAN_POINT('',(0.0374554589059014,0.0335,-0.0509038272160271));
#6451=CARTESIAN_POINT('',(0.0374554589059014,0.0365,-0.0509038272160271));
#6452=CARTESIAN_POINT('',(0.0254369709661193,0.0365,-0.0365807510362417));
#6453=CARTESIAN_POINT('',(0.0254369709661193,0.0335,-0.0365807510362417));
#6454=CARTESIAN_POINT('',(0.0254369709661193,0.0335,-0.0365807510362417));
#6455=CARTESIAN_POINT('',(0.0374554589059014,0.0335,-0.0509038272160271));
#6456=CARTESIAN_POINT('',(0.0216067487505243,0.0335,-0.0397946890846744));
#6457=CARTESIAN_POINT('',(0.0216067487505243,0.0365,-0.0397946890846744));
#6458=CARTESIAN_POINT('',(0.0216067487505243,0.0335,-0.0397946890846744));
#6459=CARTESIAN_POINT('',(0.0277938759864243,0.0335,-0.0350040674832092));
#6460=CARTESIAN_POINT('',(0.0277938759864243,0.0365,-0.0350040674832092));
#6461=CARTESIAN_POINT('',(0.,0.,0.));
#6462=CARTESIAN_POINT('',(0.0791685807227719,0.00375,0.0405981517570081));
#6463=CARTESIAN_POINT('',(0.0791685807227719,0.00175,0.0405981517570081));
#6464=CARTESIAN_POINT('',(0.0821995350856892,0.00175,0.0423483847843253));
#6465=CARTESIAN_POINT('',(0.0761778026881307,0.00175,0.0388711186622023));
#6466=CARTESIAN_POINT('',(0.0761778026881307,0.00375,0.0388711186622023));
#6467=CARTESIAN_POINT('',(0.0761778026881307,0.00375,0.0388711186622023));
#6468=CARTESIAN_POINT('',(0.0791685807227719,0.00375,0.0405981517570081));
#6469=CARTESIAN_POINT('',(0.0821995350856892,0.00375,0.0423483847843253));
#6470=CARTESIAN_POINT('',(0.0821995350856892,0.00375,0.0423483847843253));
#6471=CARTESIAN_POINT('',(0.0751776695296637,0.00375,0.0406030925838694));
#6472=CARTESIAN_POINT('',(0.0751776695296637,0.00175,0.0406030925838694));
#6473=CARTESIAN_POINT('',(0.0737634559672906,0.00175,0.0391888790214963));
#6474=CARTESIAN_POINT('',(0.0737634559672906,0.00375,0.0391888790214963));
#6475=CARTESIAN_POINT('',(0.0737634559672906,0.00375,0.0391888790214963));
#6476=CARTESIAN_POINT('',(0.0751776695296637,0.00375,0.0406030925838694));
#6477=CARTESIAN_POINT('',(0.0662939275962217,0.00375,0.0466584073925653));
#6478=CARTESIAN_POINT('',(0.0662939275962217,0.00175,0.0466584073925653));
#6479=CARTESIAN_POINT('',(0.0733594261318666,0.00175,0.0395929088569204));
#6480=CARTESIAN_POINT('',(0.0733594261318666,0.00375,0.0395929088569204));
#6481=CARTESIAN_POINT('',(0.0733594261318666,0.00375,0.0395929088569204));
#6482=CARTESIAN_POINT('',(0.0662939275962217,0.00375,0.0466584073925653));
#6483=CARTESIAN_POINT('',(0.0751381543440352,0.00375,0.0406734060298668));
#6484=CARTESIAN_POINT('',(0.0751381543440352,0.00175,0.0406734060298668));
#6485=CARTESIAN_POINT('',(0.0741386823282159,0.00175,0.0424988933300428));
#6486=CARTESIAN_POINT('',(0.0741386823282159,0.00375,0.0424988933300428));
#6487=CARTESIAN_POINT('',(0.0741386823282159,0.00375,0.0424988933300428));
#6488=CARTESIAN_POINT('',(0.0751381543440352,0.00375,0.0406734060298668));
#6489=CARTESIAN_POINT('',(0.0772094209774181,0.00375,0.0441783468567281));
#6490=CARTESIAN_POINT('',(0.0772094209774181,0.00175,0.0441783468567281));
#6491=CARTESIAN_POINT('',(0.0802801596266203,0.00175,0.0458578003834135));
#6492=CARTESIAN_POINT('',(0.0802801596266203,0.00375,0.0458578003834135));
#6493=CARTESIAN_POINT('',(0.0802801596266203,0.00375,0.0458578003834135));
#6494=CARTESIAN_POINT('',(0.0772094209774181,0.00375,0.0441783468567281));
#6495=CARTESIAN_POINT('',(0.0812398473561547,0.00375,0.0441030925838694));
#6496=CARTESIAN_POINT('',(0.0812398473561547,0.00175,0.0441030925838694));
#6497=CARTESIAN_POINT('',(0.0812398473561547,0.00375,0.0441030925838694));
#6498=CARTESIAN_POINT('',(0.0709489938254339,0.00375,0.0488510772595048));
#6499=CARTESIAN_POINT('',(0.0709489938254339,0.00175,0.0488510772595048));
#6500=CARTESIAN_POINT('',(0.,0.,0.));
#6501=CARTESIAN_POINT('',(0.0240737799057811,0.037,-0.00342705826613938));
#6502=CARTESIAN_POINT('',(0.0240737799057811,0.033,-0.00342705826613938));
#6503=CARTESIAN_POINT('',(0.000647559811562246,0.033,-0.016952192743632));
#6504=CARTESIAN_POINT('',(0.0475,0.033,0.0100980762113533));
#6505=CARTESIAN_POINT('',(0.0475,0.037,0.0100980762113533));
#6506=CARTESIAN_POINT('',(0.0475,0.037,0.0100980762113533));
#6507=CARTESIAN_POINT('',(0.0240737799057811,0.037,-0.00342705826613938));
#6508=CARTESIAN_POINT('',(0.000647559811562246,0.037,-0.016952192743632));
#6509=CARTESIAN_POINT('',(0.000647559811562246,0.037,-0.016952192743632));
#6510=CARTESIAN_POINT('',(0.00214755981156229,0.037,-0.0195502689549854));
#6511=CARTESIAN_POINT('',(0.00214755981156229,0.033,-0.0195502689549854));
#6512=CARTESIAN_POINT('',(-0.000503764763021639,0.033,-0.0181465318000281));
#6513=CARTESIAN_POINT('',(0.00214755981156229,0.037,-0.0195502689549854));
#6514=CARTESIAN_POINT('',(-0.000503764763021639,0.037,-0.0181465318000281));
#6515=CARTESIAN_POINT('',(-0.000503764763021639,0.037,-0.0181465318000281));
#6516=CARTESIAN_POINT('',(-0.000503764763021639,0.037,-0.0195502689549854));
#6517=CARTESIAN_POINT('',(-0.000503764763021639,0.033,-0.0195502689549854));
#6518=CARTESIAN_POINT('',(-0.000503764763021639,0.033,-0.0209540061099427));
#6519=CARTESIAN_POINT('',(-0.000503764763021639,0.037,-0.0195502689549854));
#6520=CARTESIAN_POINT('',(-0.000503764763021639,0.037,-0.0209540061099427));
#6521=CARTESIAN_POINT('',(-0.000503764763021639,0.037,-0.0209540061099427));
#6522=CARTESIAN_POINT('',(0.00161755558053801,0.037,-0.018832685766383));
#6523=CARTESIAN_POINT('',(0.00161755558053801,0.033,-0.018832685766383));
#6524=CARTESIAN_POINT('',(0.00311755558053802,0.033,-0.0214307619777363));
#6525=CARTESIAN_POINT('',(0.00161755558053801,0.037,-0.018832685766383));
#6526=CARTESIAN_POINT('',(0.00311755558053802,0.037,-0.0214307619777363));
#6527=CARTESIAN_POINT('',(0.00311755558053802,0.037,-0.0214307619777363));
#6528=CARTESIAN_POINT('',(0.0265437756747569,0.037,-0.00790562750024366));
#6529=CARTESIAN_POINT('',(0.0265437756747569,0.033,-0.00790562750024366));
#6530=CARTESIAN_POINT('',(0.0499699957689758,0.033,0.00561950697724903));
#6531=CARTESIAN_POINT('',(0.0265437756747569,0.037,-0.00790562750024366));
#6532=CARTESIAN_POINT('',(0.0499699957689758,0.037,0.00561950697724903));
#6533=CARTESIAN_POINT('',(0.0499699957689758,0.037,0.00561950697724903));
#6534=CARTESIAN_POINT('',(0.0484699957689758,0.037,0.00821758318860235));
#6535=CARTESIAN_POINT('',(0.0484699957689758,0.033,0.00821758318860235));
#6536=CARTESIAN_POINT('',(0.0511213203435597,0.033,0.00962132034355965));
#6537=CARTESIAN_POINT('',(0.0484699957689758,0.037,0.00821758318860235));
#6538=CARTESIAN_POINT('',(0.0511213203435597,0.037,0.00962132034355965));
#6539=CARTESIAN_POINT('',(0.0511213203435597,0.037,0.00962132034355965));
#6540=CARTESIAN_POINT('',(0.049,0.037,0.0075));
#6541=CARTESIAN_POINT('',(0.049,0.033,0.0075));
#6542=CARTESIAN_POINT('',(0.049,0.037,0.0075));
#6543=CARTESIAN_POINT('',(0.0270737799057811,0.037,-0.00197196728950977));
#6544=CARTESIAN_POINT('',(0.0270737799057811,0.033,-0.00197196728950977));
#6545=CARTESIAN_POINT('',(0.,0.,0.));
#6546=CARTESIAN_POINT('',(-0.0739262200942189,0.037,-0.00342705826613938));
#6547=CARTESIAN_POINT('',(-0.0739262200942189,0.033,-0.00342705826613938));
#6548=CARTESIAN_POINT('',(-0.0973524401884378,0.033,-0.016952192743632));
#6549=CARTESIAN_POINT('',(-0.0505,0.033,0.0100980762113533));
#6550=CARTESIAN_POINT('',(-0.0505,0.037,0.0100980762113533));
#6551=CARTESIAN_POINT('',(-0.0505,0.037,0.0100980762113533));
#6552=CARTESIAN_POINT('',(-0.0739262200942189,0.037,-0.00342705826613938));
#6553=CARTESIAN_POINT('',(-0.0973524401884378,0.037,-0.016952192743632));
#6554=CARTESIAN_POINT('',(-0.0973524401884378,0.037,-0.016952192743632));
#6555=CARTESIAN_POINT('',(-0.0958524401884377,0.037,-0.0195502689549854));
#6556=CARTESIAN_POINT('',(-0.0958524401884377,0.033,-0.0195502689549854));
#6557=CARTESIAN_POINT('',(-0.0985037647630216,0.033,-0.0181465318000281));
#6558=CARTESIAN_POINT('',(-0.0958524401884377,0.037,-0.0195502689549854));
#6559=CARTESIAN_POINT('',(-0.0985037647630216,0.037,-0.0181465318000281));
#6560=CARTESIAN_POINT('',(-0.0985037647630216,0.037,-0.0181465318000281));
#6561=CARTESIAN_POINT('',(-0.0985037647630216,0.037,-0.0195502689549854));
#6562=CARTESIAN_POINT('',(-0.0985037647630216,0.033,-0.0195502689549854));
#6563=CARTESIAN_POINT('',(-0.0985037647630216,0.033,-0.0209540061099427));
#6564=CARTESIAN_POINT('',(-0.0985037647630216,0.037,-0.0195502689549854));
#6565=CARTESIAN_POINT('',(-0.0985037647630216,0.037,-0.0209540061099427));
#6566=CARTESIAN_POINT('',(-0.0985037647630216,0.037,-0.0209540061099427));
#6567=CARTESIAN_POINT('',(-0.096382444419462,0.037,-0.018832685766383));
#6568=CARTESIAN_POINT('',(-0.096382444419462,0.033,-0.018832685766383));
#6569=CARTESIAN_POINT('',(-0.094882444419462,0.033,-0.0214307619777363));
#6570=CARTESIAN_POINT('',(-0.096382444419462,0.037,-0.018832685766383));
#6571=CARTESIAN_POINT('',(-0.094882444419462,0.037,-0.0214307619777363));
#6572=CARTESIAN_POINT('',(-0.094882444419462,0.037,-0.0214307619777363));
#6573=CARTESIAN_POINT('',(-0.0714562243252431,0.037,-0.00790562750024366));
#6574=CARTESIAN_POINT('',(-0.0714562243252431,0.033,-0.00790562750024366));
#6575=CARTESIAN_POINT('',(-0.0480300042310242,0.033,0.00561950697724903));
#6576=CARTESIAN_POINT('',(-0.0714562243252431,0.037,-0.00790562750024366));
#6577=CARTESIAN_POINT('',(-0.0480300042310242,0.037,0.00561950697724903));
#6578=CARTESIAN_POINT('',(-0.0480300042310242,0.037,0.00561950697724903));
#6579=CARTESIAN_POINT('',(-0.0495300042310243,0.037,0.00821758318860235));
#6580=CARTESIAN_POINT('',(-0.0495300042310243,0.033,0.00821758318860235));
#6581=CARTESIAN_POINT('',(-0.0468786796564404,0.033,0.00962132034355965));
#6582=CARTESIAN_POINT('',(-0.0495300042310243,0.037,0.00821758318860235));
#6583=CARTESIAN_POINT('',(-0.0468786796564404,0.037,0.00962132034355965));
#6584=CARTESIAN_POINT('',(-0.0468786796564404,0.037,0.00962132034355965));
#6585=CARTESIAN_POINT('',(-0.049,0.037,0.0075));
#6586=CARTESIAN_POINT('',(-0.049,0.033,0.0075));
#6587=CARTESIAN_POINT('',(-0.049,0.037,0.0075));
#6588=CARTESIAN_POINT('',(-0.0709262200942189,0.037,-0.00197196728950977));
#6589=CARTESIAN_POINT('',(-0.0709262200942189,0.033,-0.00197196728950977));
#6590=CARTESIAN_POINT('',(0.,0.,0.));
#6591=CARTESIAN_POINT('',(0.0812398473561547,-0.002,0.0441030925838694));
#6592=CARTESIAN_POINT('',(0.0812398473561547,0.002,0.0441030925838694));
#6593=CARTESIAN_POINT('',(0.0822700048634302,0.002,0.0423888068695837));
#6594=CARTESIAN_POINT('',(0.0822700048634301,0.002,0.0458173782981552));
#6595=CARTESIAN_POINT('',(0.0822700048634302,-0.002,0.0423888068695837));
#6596=CARTESIAN_POINT('',(0.0822700048634302,-0.002,0.0423888068695837));
#6597=CARTESIAN_POINT('',(0.0812398473561547,-0.002,0.0441030925838694));
#6598=CARTESIAN_POINT('',(0.0822700048634301,-0.002,0.0458173782981552));
#6599=CARTESIAN_POINT('',(0.0822700048634301,-0.002,0.0458173782981552));
#6600=CARTESIAN_POINT('',(0.0830426229938868,-0.002,0.0411030925838695));
#6601=CARTESIAN_POINT('',(0.0830426229938868,0.002,0.0411030925838695));
#6602=CARTESIAN_POINT('',(0.0830426229938867,0.002,0.0426030925838695));
#6603=CARTESIAN_POINT('',(0.0830426229938867,-0.002,0.0426030925838695));
#6604=CARTESIAN_POINT('',(0.0830426229938867,-0.002,0.0426030925838695));
#6605=CARTESIAN_POINT('',(0.0830426229938868,-0.002,0.0411030925838695));
#6606=CARTESIAN_POINT('',(0.0841412351750207,-0.002,0.0426030925838694));
#6607=CARTESIAN_POINT('',(0.0841412351750207,0.002,0.0426030925838694));
#6608=CARTESIAN_POINT('',(0.0852398473561547,0.002,0.0426030925838694));
#6609=CARTESIAN_POINT('',(0.0852398473561547,-0.002,0.0426030925838694));
#6610=CARTESIAN_POINT('',(0.0852398473561547,-0.002,0.0426030925838694));
#6611=CARTESIAN_POINT('',(0.0841412351750207,-0.002,0.0426030925838694));
#6612=CARTESIAN_POINT('',(0.0852398473561547,-0.002,0.0441030925838694));
#6613=CARTESIAN_POINT('',(0.0852398473561547,0.002,0.0441030925838694));
#6614=CARTESIAN_POINT('',(0.0852398473561547,0.002,0.0456030925838694));
#6615=CARTESIAN_POINT('',(0.0852398473561547,-0.002,0.0456030925838694));
#6616=CARTESIAN_POINT('',(0.0852398473561547,-0.002,0.0456030925838694));
#6617=CARTESIAN_POINT('',(0.0852398473561547,-0.002,0.0441030925838694));
#6618=CARTESIAN_POINT('',(0.0841412351750207,-0.002,0.0456030925838694));
#6619=CARTESIAN_POINT('',(0.0841412351750207,0.002,0.0456030925838694));
#6620=CARTESIAN_POINT('',(0.0830426229938867,0.002,0.0456030925838694));
#6621=CARTESIAN_POINT('',(0.0830426229938867,-0.002,0.0456030925838694));
#6622=CARTESIAN_POINT('',(0.0830426229938867,-0.002,0.0456030925838694));
#6623=CARTESIAN_POINT('',(0.0841412351750207,-0.002,0.0456030925838694));
#6624=CARTESIAN_POINT('',(0.0830426229938867,-0.002,0.0471030925838695));
#6625=CARTESIAN_POINT('',(0.0830426229938867,0.002,0.0471030925838695));
#6626=CARTESIAN_POINT('',(0.0830426229938867,-0.002,0.0471030925838695));
#6627=CARTESIAN_POINT('',(0.0791484062852536,-0.002,0.0423530925838694));
#6628=CARTESIAN_POINT('',(0.0791484062852536,0.002,0.0423530925838694));
#6629=CARTESIAN_POINT('',(0.,0.,0.));
#6630=CARTESIAN_POINT('',(0.049,0.035,0.0075));
#6631=CARTESIAN_POINT('',(0.049,0.035,0.0075));
#6632=CARTESIAN_POINT('',(0.049,0.035,0.0015));
#6633=CARTESIAN_POINT('',(0.049,0.03,0.0075));
#6634=CARTESIAN_POINT('',(0.049,0.03,0.0015));
#6635=CARTESIAN_POINT('',(0.,0.035,0.0075));
#6636=CARTESIAN_POINT('',(0.,0.03,0.0075));
#6637=CARTESIAN_POINT('',(0.,0.,0.));
#6638=CARTESIAN_POINT('',(0.0651883602558317,0.002,0.0604918967943131));
#6639=CARTESIAN_POINT('',(0.0651883602558317,-0.002,0.0604918967943131));
#6640=CARTESIAN_POINT('',(0.0616528263498989,-0.002,0.0569563628883804));
#6641=CARTESIAN_POINT('',(0.0603831350959369,-0.002,0.0591099376188256));
#6642=CARTESIAN_POINT('',(0.0616528263498989,0.002,0.0569563628883804));
#6643=CARTESIAN_POINT('',(0.0616528263498989,0.002,0.0569563628883804));
#6644=CARTESIAN_POINT('',(0.0651883602558317,0.002,0.0604918967943131));
#6645=CARTESIAN_POINT('',(0.0603831350959369,0.002,0.0591099376188256));
#6646=CARTESIAN_POINT('',(0.0603831350959369,0.002,0.0591099376188256));
#6647=CARTESIAN_POINT('',(0.0691223547209678,0.002,0.0494868345173115));
#6648=CARTESIAN_POINT('',(0.0691223547209678,-0.002,0.0494868345173115));
#6649=CARTESIAN_POINT('',(0.0765918830920368,-0.002,0.0420173061462425));
#6650=CARTESIAN_POINT('',(0.0765918830920368,0.002,0.0420173061462425));
#6651=CARTESIAN_POINT('',(0.0765918830920368,0.002,0.0420173061462425));
#6652=CARTESIAN_POINT('',(0.0691223547209678,0.002,0.0494868345173115));
#6653=CARTESIAN_POINT('',(0.0751776695296637,0.002,0.0406030925838694));
#6654=CARTESIAN_POINT('',(0.0751776695296637,-0.002,0.0406030925838694));
#6655=CARTESIAN_POINT('',(0.0737634559672906,-0.002,0.0391888790214963));
#6656=CARTESIAN_POINT('',(0.0737634559672906,0.002,0.0391888790214963));
#6657=CARTESIAN_POINT('',(0.0737634559672906,0.002,0.0391888790214963));
#6658=CARTESIAN_POINT('',(0.0751776695296637,0.002,0.0406030925838694));
#6659=CARTESIAN_POINT('',(0.0662939275962217,0.002,0.0466584073925653));
#6660=CARTESIAN_POINT('',(0.0662939275962217,-0.002,0.0466584073925653));
#6661=CARTESIAN_POINT('',(0.0588243992251527,-0.002,0.0541279357636342));
#6662=CARTESIAN_POINT('',(0.0588243992251527,0.002,0.0541279357636342));
#6663=CARTESIAN_POINT('',(0.0588243992251527,0.002,0.0541279357636342));
#6664=CARTESIAN_POINT('',(0.0662939275962217,0.002,0.0466584073925653));
#6665=CARTESIAN_POINT('',(0.05528886531922,0.002,0.0505924018577014));
#6666=CARTESIAN_POINT('',(0.05528886531922,-0.002,0.0505924018577014));
#6667=CARTESIAN_POINT('',(0.058658140294713,-0.002,0.0542867199462689));
#6668=CARTESIAN_POINT('',(0.058658140294713,0.002,0.0542867199462689));
#6669=CARTESIAN_POINT('',(0.058658140294713,0.002,0.0542867199462689));
#6670=CARTESIAN_POINT('',(0.05528886531922,0.002,0.0505924018577014));
#6671=CARTESIAN_POINT('',(0.0540980762113533,0.002,0.0463884572681199));
#6672=CARTESIAN_POINT('',(0.0540980762113533,-0.002,0.0463884572681199));
#6673=CARTESIAN_POINT('',(0.0600980762113533,-0.002,0.0567807621135331));
#6674=CARTESIAN_POINT('',(0.0600980762113533,0.002,0.0567807621135331));
#6675=CARTESIAN_POINT('',(0.0600980762113533,0.002,0.0567807621135331));
#6676=CARTESIAN_POINT('',(0.0540980762113533,0.002,0.0463884572681199));
#6677=CARTESIAN_POINT('',(0.0575,0.002,0.0582807621135331));
#6678=CARTESIAN_POINT('',(0.0575,-0.002,0.0582807621135331));
#6679=CARTESIAN_POINT('',(0.0575,0.002,0.0582807621135331));
#6680=CARTESIAN_POINT('',(0.0573388347648318,0.002,0.0442903810567665));
#6681=CARTESIAN_POINT('',(0.0573388347648318,-0.002,0.0442903810567665));
#6682=CARTESIAN_POINT('',(0.,0.,0.));
#6683=CARTESIAN_POINT('',(0.0425,6.12323399573677E-19,0.019));
#6684=CARTESIAN_POINT('',(0.0425,6.12323399573677E-19,0.019));
#6685=CARTESIAN_POINT('',(0.0525,6.12323399573677E-19,0.019));
#6686=CARTESIAN_POINT('',(0.0425,6.12323399573677E-19,0.012));
#6687=CARTESIAN_POINT('',(0.0525,6.12323399573677E-19,0.012));
#6688=CARTESIAN_POINT('',(0.,0.,0.019));
#6689=CARTESIAN_POINT('',(8.67361737988404E-19,-0.005,0.019));
#6690=CARTESIAN_POINT('',(0.0375,-0.005,0.019));
#6691=CARTESIAN_POINT('',(0.0475,-0.005,0.019));
#6692=CARTESIAN_POINT('',(0.0375,0.,0.019));
#6693=CARTESIAN_POINT('',(0.0375,0.005,0.019));
#6694=CARTESIAN_POINT('',(-8.67361737988402E-19,0.005,0.019));
#6695=CARTESIAN_POINT('',(0.0475,0.005,0.019));
#6696=CARTESIAN_POINT('',(0.0475,0.,0.019));
#6697=CARTESIAN_POINT('',(0.,0.,0.012));
#6698=CARTESIAN_POINT('',(0.0425,-0.005,0.029));
#6699=CARTESIAN_POINT('',(0.0375,-0.005,0.029));
#6700=CARTESIAN_POINT('',(0.0375,-0.005,0.029));
#6701=CARTESIAN_POINT('',(0.0475,-0.005,0.029));
#6702=CARTESIAN_POINT('',(0.0475,-0.005,0.029));
#6703=CARTESIAN_POINT('',(0.0425,-0.005,0.029));
#6704=CARTESIAN_POINT('',(0.0475,2.60208521396521E-18,0.029));
#6705=CARTESIAN_POINT('',(0.0475,0.005,0.029));
#6706=CARTESIAN_POINT('',(0.0475,0.005,0.029));
#6707=CARTESIAN_POINT('',(0.0475,2.60208521396521E-18,0.029));
#6708=CARTESIAN_POINT('',(0.0425,0.005,0.029));
#6709=CARTESIAN_POINT('',(0.0375,0.005,0.029));
#6710=CARTESIAN_POINT('',(0.0375,0.005,0.029));
#6711=CARTESIAN_POINT('',(0.0425,0.005,0.029));
#6712=CARTESIAN_POINT('',(0.0375,8.67361737988404E-19,0.029));
#6713=CARTESIAN_POINT('',(0.0375,8.67361737988404E-19,0.029));
#6714=CARTESIAN_POINT('',(0.0425,0.,0.029));
#6715=CARTESIAN_POINT('',(0.,0.,0.));
#6716=CARTESIAN_POINT('',(0.0141269109149462,-0.0335,-0.0269913234689135));
#6717=CARTESIAN_POINT('',(0.0141269109149462,-0.0365,-0.0269913234689135));
#6718=CARTESIAN_POINT('',(0.00343313503093536,-0.0365,-0.0180181800687475));
#6719=CARTESIAN_POINT('',(0.0248206867989571,-0.0365,-0.0359644668690794));
#6720=CARTESIAN_POINT('',(0.0248206867989571,-0.0335,-0.0359644668690794));
#6721=CARTESIAN_POINT('',(0.0248206867989571,-0.0335,-0.0359644668690794));
#6722=CARTESIAN_POINT('',(0.0141269109149462,-0.0335,-0.0269913234689135));
#6723=CARTESIAN_POINT('',(0.00343313503093536,-0.0335,-0.0180181800687475));
#6724=CARTESIAN_POINT('',(0.00343313503093536,-0.0335,-0.0180181800687475));
#6725=CARTESIAN_POINT('',(0.00214755981156229,-0.0335,-0.0195502689549854));
#6726=CARTESIAN_POINT('',(0.00214755981156229,-0.0365,-0.0195502689549854));
#6727=CARTESIAN_POINT('',(0.000861984592189205,-0.0365,-0.0210823578412234));
#6728=CARTESIAN_POINT('',(0.00214755981156229,-0.0335,-0.0195502689549854));
#6729=CARTESIAN_POINT('',(0.000861984592189205,-0.0335,-0.0210823578412234));
#6730=CARTESIAN_POINT('',(0.000861984592189205,-0.0335,-0.0210823578412234));
#6731=CARTESIAN_POINT('',(0.0114217200671402,-0.0335,-0.0299430279835843));
#6732=CARTESIAN_POINT('',(0.0114217200671402,-0.0365,-0.0299430279835843));
#6733=CARTESIAN_POINT('',(0.0219814555420912,-0.0365,-0.0388036981259453));
#6734=CARTESIAN_POINT('',(0.0114217200671402,-0.0335,-0.0299430279835843));
#6735=CARTESIAN_POINT('',(0.0219814555420912,-0.0335,-0.0388036981259453));
#6736=CARTESIAN_POINT('',(0.0219814555420912,-0.0335,-0.0388036981259453));
#6737=CARTESIAN_POINT('',(0.0187675174936583,-0.0335,-0.0426339203415404));
#6738=CARTESIAN_POINT('',(0.0187675174936583,-0.0365,-0.0426339203415404));
#6739=CARTESIAN_POINT('',(0.0225977397092534,-0.0365,-0.0394199822931076));
#6740=CARTESIAN_POINT('',(0.0187675174936583,-0.0335,-0.0426339203415404));
#6741=CARTESIAN_POINT('',(0.0225977397092534,-0.0335,-0.0394199822931076));
#6742=CARTESIAN_POINT('',(0.0225977397092534,-0.0335,-0.0394199822931076));
#6743=CARTESIAN_POINT('',(0.0335264321275054,-0.0335,-0.0524442907449166));
#6744=CARTESIAN_POINT('',(0.0335264321275054,-0.0365,-0.0524442907449166));
#6745=CARTESIAN_POINT('',(0.0444551245457575,-0.0365,-0.0654685991967256));
#6746=CARTESIAN_POINT('',(0.0335264321275054,-0.0335,-0.0524442907449166));
#6747=CARTESIAN_POINT('',(0.0444551245457575,-0.0335,-0.0654685991967256));
#6748=CARTESIAN_POINT('',(0.0444551245457575,-0.0335,-0.0654685991967256));
#6749=CARTESIAN_POINT('',(0.0436890801026385,-0.0335,-0.0661113868064121));
#6750=CARTESIAN_POINT('',(0.0436890801026385,-0.0365,-0.0661113868064121));
#6751=CARTESIAN_POINT('',(0.0446738878556507,-0.0365,-0.066285034984079));
#6752=CARTESIAN_POINT('',(0.0436890801026385,-0.0335,-0.0661113868064121));
#6753=CARTESIAN_POINT('',(0.0446738878556507,-0.0335,-0.066285034984079));
#6754=CARTESIAN_POINT('',(0.0446738878556507,-0.0335,-0.066285034984079));
#6755=CARTESIAN_POINT('',(0.0446032064286643,-0.0335,-0.0666858892759316));
#6756=CARTESIAN_POINT('',(0.0446032064286643,-0.0365,-0.0666858892759316));
#6757=CARTESIAN_POINT('',(0.044532525001678,-0.0365,-0.0670867435677841));
#6758=CARTESIAN_POINT('',(0.0446032064286643,-0.0335,-0.0666858892759316));
#6759=CARTESIAN_POINT('',(0.044532525001678,-0.0335,-0.0670867435677841));
#6760=CARTESIAN_POINT('',(0.044532525001678,-0.0335,-0.0670867435677841));
#6761=CARTESIAN_POINT('',(0.0465021405077024,-0.0335,-0.0674340399231179));
#6762=CARTESIAN_POINT('',(0.0465021405077024,-0.0365,-0.0674340399231179));
#6763=CARTESIAN_POINT('',(0.0461548441523685,-0.0365,-0.0694036554291423));
#6764=CARTESIAN_POINT('',(0.0465021405077024,-0.0335,-0.0674340399231179));
#6765=CARTESIAN_POINT('',(0.0461548441523685,-0.0335,-0.0694036554291423));
#6766=CARTESIAN_POINT('',(0.0461548441523685,-0.0335,-0.0694036554291423));
#6767=CARTESIAN_POINT('',(0.0466233881750057,-0.0335,-0.069486272381983));
#6768=CARTESIAN_POINT('',(0.0466233881750057,-0.0365,-0.069486272381983));
#6769=CARTESIAN_POINT('',(0.0470919321976429,-0.0365,-0.0695688893348236));
#6770=CARTESIAN_POINT('',(0.0466233881750057,-0.0335,-0.069486272381983));
#6771=CARTESIAN_POINT('',(0.0470919321976429,-0.0335,-0.0695688893348236));
#6772=CARTESIAN_POINT('',(0.0470919321976429,-0.0335,-0.0695688893348236));
#6773=CARTESIAN_POINT('',(0.0475260526418102,-0.0335,-0.0671068699522931));
#6774=CARTESIAN_POINT('',(0.0475260526418102,-0.0365,-0.0671068699522931));
#6775=CARTESIAN_POINT('',(0.0500208551204165,-0.0365,-0.0672679928641962));
#6776=CARTESIAN_POINT('',(0.0475260526418102,-0.0335,-0.0671068699522931));
#6777=CARTESIAN_POINT('',(0.0500208551204165,-0.0335,-0.0672679928641962));
#6778=CARTESIAN_POINT('',(0.0500208551204165,-0.0335,-0.0672679928641962));
#6779=CARTESIAN_POINT('',(0.047558835737886,-0.0335,-0.0668338724200289));
#6780=CARTESIAN_POINT('',(0.047558835737886,-0.0365,-0.0668338724200289));
#6781=CARTESIAN_POINT('',(0.0494739468456834,-0.0365,-0.0652269033958125));
#6782=CARTESIAN_POINT('',(0.047558835737886,-0.0335,-0.0668338724200289));
#6783=CARTESIAN_POINT('',(0.0494739468456834,-0.0335,-0.0652269033958125));
#6784=CARTESIAN_POINT('',(0.0494739468456834,-0.0335,-0.0652269033958125));
#6785=CARTESIAN_POINT('',(0.0374554589059014,-0.0335,-0.0509038272160271));
#6786=CARTESIAN_POINT('',(0.0374554589059014,-0.0365,-0.0509038272160271));
#6787=CARTESIAN_POINT('',(0.0254369709661193,-0.0365,-0.0365807510362417));
#6788=CARTESIAN_POINT('',(0.0374554589059014,-0.0335,-0.0509038272160271));
#6789=CARTESIAN_POINT('',(0.0254369709661193,-0.0335,-0.0365807510362417));
#6790=CARTESIAN_POINT('',(0.0254369709661193,-0.0335,-0.0365807510362417));
#6791=CARTESIAN_POINT('',(0.0216067487505243,-0.0335,-0.0397946890846744));
#6792=CARTESIAN_POINT('',(0.0216067487505243,-0.0365,-0.0397946890846744));
#6793=CARTESIAN_POINT('',(0.0216067487505243,-0.0335,-0.0397946890846744));
#6794=CARTESIAN_POINT('',(0.0277938759864243,-0.0335,-0.0350040674832092));
#6795=CARTESIAN_POINT('',(0.0277938759864243,-0.0365,-0.0350040674832092));
#6796=CARTESIAN_POINT('',(0.,0.,0.));
#6797=CARTESIAN_POINT('',(0.049,-0.035,0.0075));
#6798=CARTESIAN_POINT('',(0.049,-0.035,0.0075));
#6799=CARTESIAN_POINT('',(0.049,-0.035,0.0015));
#6800=CARTESIAN_POINT('',(0.049,-0.03,0.0075));
#6801=CARTESIAN_POINT('',(0.049,-0.03,0.0015));
#6802=CARTESIAN_POINT('',(0.,-0.035,0.0075));
#6803=CARTESIAN_POINT('',(0.,-0.03,0.0075));
#6804=CARTESIAN_POINT('',(0.,0.,0.));
#6805=CARTESIAN_POINT('',(0.0425,-0.0085,0.0323));
#6806=CARTESIAN_POINT('',(0.0425,-0.0045,0.0323));
#6807=CARTESIAN_POINT('',(0.0405358983848622,-0.0045,0.0368980762113532));
#6808=CARTESIAN_POINT('',(0.0474641016151377,-0.0045,0.0328980762113533));
#6809=CARTESIAN_POINT('',(0.0474641016151377,-0.0085,0.0328980762113533));
#6810=CARTESIAN_POINT('',(0.0474641016151377,-0.0085,0.0328980762113533));
#6811=CARTESIAN_POINT('',(0.0425,-0.0085,0.0323));
#6812=CARTESIAN_POINT('',(0.0405358983848622,-0.0085,0.0368980762113532));
#6813=CARTESIAN_POINT('',(0.0405358983848622,-0.0085,0.0368980762113532));
#6814=CARTESIAN_POINT('',(0.0524282032302755,-0.0085,0.0334961524227066));
#6815=CARTESIAN_POINT('',(0.0524282032302755,-0.0045,0.0334961524227066));
#6816=CARTESIAN_POINT('',(0.0480980762113533,-0.0045,0.0359961524227067));
#6817=CARTESIAN_POINT('',(0.0480980762113533,-0.0085,0.0359961524227067));
#6818=CARTESIAN_POINT('',(0.0480980762113533,-0.0085,0.0359961524227067));
#6819=CARTESIAN_POINT('',(0.0524282032302755,-0.0085,0.0334961524227066));
#6820=CARTESIAN_POINT('',(0.0540980762113533,-0.0085,0.0463884572681199));
#6821=CARTESIAN_POINT('',(0.0540980762113533,-0.0045,0.0463884572681199));
#6822=CARTESIAN_POINT('',(0.0600980762113533,-0.0045,0.0567807621135331));
#6823=CARTESIAN_POINT('',(0.0600980762113533,-0.0085,0.0567807621135331));
#6824=CARTESIAN_POINT('',(0.0600980762113533,-0.0085,0.0567807621135331));
#6825=CARTESIAN_POINT('',(0.0540980762113533,-0.0085,0.0463884572681199));
#6826=CARTESIAN_POINT('',(0.0575,-0.0085,0.0582807621135331));
#6827=CARTESIAN_POINT('',(0.0575,-0.0045,0.0582807621135331));
#6828=CARTESIAN_POINT('',(0.0549019237886467,-0.0045,0.0597807621135331));
#6829=CARTESIAN_POINT('',(0.0549019237886467,-0.0085,0.0597807621135331));
#6830=CARTESIAN_POINT('',(0.0549019237886467,-0.0085,0.0597807621135331));
#6831=CARTESIAN_POINT('',(0.0575,-0.0085,0.0582807621135331));
#6832=CARTESIAN_POINT('',(0.0489019237886467,-0.0085,0.0493884572681199));
#6833=CARTESIAN_POINT('',(0.0489019237886467,-0.0045,0.0493884572681199));
#6834=CARTESIAN_POINT('',(0.0429019237886466,-0.0045,0.0389961524227066));
#6835=CARTESIAN_POINT('',(0.0429019237886466,-0.0085,0.0389961524227066));
#6836=CARTESIAN_POINT('',(0.0429019237886466,-0.0085,0.0389961524227066));
#6837=CARTESIAN_POINT('',(0.0489019237886467,-0.0085,0.0493884572681199));
#6838=CARTESIAN_POINT('',(0.0385717967697244,-0.0085,0.0414961524227066));
#6839=CARTESIAN_POINT('',(0.0385717967697244,-0.0045,0.0414961524227066));
#6840=CARTESIAN_POINT('',(0.0385717967697244,-0.0085,0.0414961524227066));
#6841=CARTESIAN_POINT('',(0.0456794073581696,-0.0085,0.0437903810567666));
#6842=CARTESIAN_POINT('',(0.0456794073581696,-0.0045,0.0437903810567666));
#6843=CARTESIAN_POINT('',(0.,0.,0.));
#6844=CARTESIAN_POINT('',(0.05528886531922,0.005,0.0505924018577014));
#6845=CARTESIAN_POINT('',(0.05528886531922,-0.005,0.0505924018577014));
#6846=CARTESIAN_POINT('',(0.0566708244947075,-0.005,0.0553976270175962));
#6847=CARTESIAN_POINT('',(0.058658140294713,-0.005,0.0542867199462689));
#6848=CARTESIAN_POINT('',(0.0566708244947075,0.005,0.0553976270175962));
#6849=CARTESIAN_POINT('',(0.0566708244947075,0.005,0.0553976270175962));
#6850=CARTESIAN_POINT('',(0.05528886531922,0.005,0.0505924018577014));
#6851=CARTESIAN_POINT('',(0.058658140294713,0.005,0.0542867199462689));
#6852=CARTESIAN_POINT('',(0.058658140294713,0.005,0.0542867199462689));
#6853=CARTESIAN_POINT('',(0.0575,0.005,0.0582807621135331));
#6854=CARTESIAN_POINT('',(0.0575,-0.005,0.0582807621135331));
#6855=CARTESIAN_POINT('',(0.0600980762113533,-0.005,0.0567807621135331));
#6856=CARTESIAN_POINT('',(0.0600980762113533,0.005,0.0567807621135331));
#6857=CARTESIAN_POINT('',(0.0600980762113533,0.005,0.0567807621135331));
#6858=CARTESIAN_POINT('',(0.0575,0.005,0.0582807621135331));
#6859=CARTESIAN_POINT('',(0.0540980762113533,0.005,0.0463884572681199));
#6860=CARTESIAN_POINT('',(0.0540980762113533,-0.005,0.0463884572681199));
#6861=CARTESIAN_POINT('',(0.0540980762113533,0.005,0.0463884572681199));
#6862=CARTESIAN_POINT('',(0.0573388347648318,0.005,0.0442903810567665));
#6863=CARTESIAN_POINT('',(0.0573388347648318,-0.005,0.0442903810567665));
#6864=CARTESIAN_POINT('',(0.,0.,0.));
#6865=MECHANICAL_DESIGN_GEOMETRIC_PRESENTATION_REPRESENTATION('',(#3825,
#3826,#3827,#3828,#3829,#3830,#3831,#3832,#3833,#3834,#3835,#3836,#3837,
#3838,#3839,#3840,#3841,#3842,#3843,#3844,#3845,#3846,#3847,#3848,#3849),
#6866);
#6866=(
GEOMETRIC_REPRESENTATION_CONTEXT(3)
GLOBAL_UNCERTAINTY_ASSIGNED_CONTEXT((#6892))
GLOBAL_UNIT_ASSIGNED_CONTEXT((#6920,#6919,#6918))
REPRESENTATION_CONTEXT('Assembly 1','TOP_LEVEL_ASSEMBLY_PART')
);
#6867=(
GEOMETRIC_REPRESENTATION_CONTEXT(3)
GLOBAL_UNCERTAINTY_ASSIGNED_CONTEXT((#6893))
GLOBAL_UNIT_ASSIGNED_CONTEXT((#6920,#6919,#6918))
REPRESENTATION_CONTEXT('Part 22','COMPONENT_PART')
);
#6868=(
GEOMETRIC_REPRESENTATION_CONTEXT(3)
GLOBAL_UNCERTAINTY_ASSIGNED_CONTEXT((#6894))
GLOBAL_UNIT_ASSIGNED_CONTEXT((#6920,#6919,#6918))
REPRESENTATION_CONTEXT('Part 1','COMPONENT_PART')
);
#6869=(
GEOMETRIC_REPRESENTATION_CONTEXT(3)
GLOBAL_UNCERTAINTY_ASSIGNED_CONTEXT((#6895))
GLOBAL_UNIT_ASSIGNED_CONTEXT((#6920,#6919,#6918))
REPRESENTATION_CONTEXT('Part 10','COMPONENT_PART')
);
#6870=(
GEOMETRIC_REPRESENTATION_CONTEXT(3)
GLOBAL_UNCERTAINTY_ASSIGNED_CONTEXT((#6896))
GLOBAL_UNIT_ASSIGNED_CONTEXT((#6920,#6919,#6918))
REPRESENTATION_CONTEXT('Part 9','COMPONENT_PART')
);
#6871=(
GEOMETRIC_REPRESENTATION_CONTEXT(3)
GLOBAL_UNCERTAINTY_ASSIGNED_CONTEXT((#6897))
GLOBAL_UNIT_ASSIGNED_CONTEXT((#6920,#6919,#6918))
REPRESENTATION_CONTEXT('Part 3','COMPONENT_PART')
);
#6872=(
GEOMETRIC_REPRESENTATION_CONTEXT(3)
GLOBAL_UNCERTAINTY_ASSIGNED_CONTEXT((#6898))
GLOBAL_UNIT_ASSIGNED_CONTEXT((#6920,#6919,#6918))
REPRESENTATION_CONTEXT('Part 25','COMPONENT_PART')
);
#6873=(
GEOMETRIC_REPRESENTATION_CONTEXT(3)
GLOBAL_UNCERTAINTY_ASSIGNED_CONTEXT((#6899))
GLOBAL_UNIT_ASSIGNED_CONTEXT((#6920,#6919,#6918))
REPRESENTATION_CONTEXT('Part 11','COMPONENT_PART')
);
#6874=(
GEOMETRIC_REPRESENTATION_CONTEXT(3)
GLOBAL_UNCERTAINTY_ASSIGNED_CONTEXT((#6900))
GLOBAL_UNIT_ASSIGNED_CONTEXT((#6920,#6919,#6918))
REPRESENTATION_CONTEXT('Part 21','COMPONENT_PART')
);
#6875=(
GEOMETRIC_REPRESENTATION_CONTEXT(3)
GLOBAL_UNCERTAINTY_ASSIGNED_CONTEXT((#6901))
GLOBAL_UNIT_ASSIGNED_CONTEXT((#6920,#6919,#6918))
REPRESENTATION_CONTEXT('Part 8','COMPONENT_PART')
);
#6876=(
GEOMETRIC_REPRESENTATION_CONTEXT(3)
GLOBAL_UNCERTAINTY_ASSIGNED_CONTEXT((#6902))
GLOBAL_UNIT_ASSIGNED_CONTEXT((#6920,#6919,#6918))
REPRESENTATION_CONTEXT('Part 13','COMPONENT_PART')
);
#6877=(
GEOMETRIC_REPRESENTATION_CONTEXT(3)
GLOBAL_UNCERTAINTY_ASSIGNED_CONTEXT((#6903))
GLOBAL_UNIT_ASSIGNED_CONTEXT((#6920,#6919,#6918))
REPRESENTATION_CONTEXT('Part 24','COMPONENT_PART')
);
#6878=(
GEOMETRIC_REPRESENTATION_CONTEXT(3)
GLOBAL_UNCERTAINTY_ASSIGNED_CONTEXT((#6904))
GLOBAL_UNIT_ASSIGNED_CONTEXT((#6920,#6919,#6918))
REPRESENTATION_CONTEXT('Part 17','COMPONENT_PART')
);
#6879=(
GEOMETRIC_REPRESENTATION_CONTEXT(3)
GLOBAL_UNCERTAINTY_ASSIGNED_CONTEXT((#6905))
GLOBAL_UNIT_ASSIGNED_CONTEXT((#6920,#6919,#6918))
REPRESENTATION_CONTEXT('Part 15','COMPONENT_PART')
);
#6880=(
GEOMETRIC_REPRESENTATION_CONTEXT(3)
GLOBAL_UNCERTAINTY_ASSIGNED_CONTEXT((#6906))
GLOBAL_UNIT_ASSIGNED_CONTEXT((#6920,#6919,#6918))
REPRESENTATION_CONTEXT('Part 7','COMPONENT_PART')
);
#6881=(
GEOMETRIC_REPRESENTATION_CONTEXT(3)
GLOBAL_UNCERTAINTY_ASSIGNED_CONTEXT((#6907))
GLOBAL_UNIT_ASSIGNED_CONTEXT((#6920,#6919,#6918))
REPRESENTATION_CONTEXT('Part 20','COMPONENT_PART')
);
#6882=(
GEOMETRIC_REPRESENTATION_CONTEXT(3)
GLOBAL_UNCERTAINTY_ASSIGNED_CONTEXT((#6908))
GLOBAL_UNIT_ASSIGNED_CONTEXT((#6920,#6919,#6918))
REPRESENTATION_CONTEXT('Part 6','COMPONENT_PART')
);
#6883=(
GEOMETRIC_REPRESENTATION_CONTEXT(3)
GLOBAL_UNCERTAINTY_ASSIGNED_CONTEXT((#6909))
GLOBAL_UNIT_ASSIGNED_CONTEXT((#6920,#6919,#6918))
REPRESENTATION_CONTEXT('Part 12','COMPONENT_PART')
);
#6884=(
GEOMETRIC_REPRESENTATION_CONTEXT(3)
GLOBAL_UNCERTAINTY_ASSIGNED_CONTEXT((#6910))
GLOBAL_UNIT_ASSIGNED_CONTEXT((#6920,#6919,#6918))
REPRESENTATION_CONTEXT('Part 23','COMPONENT_PART')
);
#6885=(
GEOMETRIC_REPRESENTATION_CONTEXT(3)
GLOBAL_UNCERTAINTY_ASSIGNED_CONTEXT((#6911))
GLOBAL_UNIT_ASSIGNED_CONTEXT((#6920,#6919,#6918))
REPRESENTATION_CONTEXT('Part 5','COMPONENT_PART')
);
#6886=(
GEOMETRIC_REPRESENTATION_CONTEXT(3)
GLOBAL_UNCERTAINTY_ASSIGNED_CONTEXT((#6912))
GLOBAL_UNIT_ASSIGNED_CONTEXT((#6920,#6919,#6918))
REPRESENTATION_CONTEXT('Part 19','COMPONENT_PART')
);
#6887=(
GEOMETRIC_REPRESENTATION_CONTEXT(3)
GLOBAL_UNCERTAINTY_ASSIGNED_CONTEXT((#6913))
GLOBAL_UNIT_ASSIGNED_CONTEXT((#6920,#6919,#6918))
REPRESENTATION_CONTEXT('Part 14','COMPONENT_PART')
);
#6888=(
GEOMETRIC_REPRESENTATION_CONTEXT(3)
GLOBAL_UNCERTAINTY_ASSIGNED_CONTEXT((#6914))
GLOBAL_UNIT_ASSIGNED_CONTEXT((#6920,#6919,#6918))
REPRESENTATION_CONTEXT('Part 4','COMPONENT_PART')
);
#6889=(
GEOMETRIC_REPRESENTATION_CONTEXT(3)
GLOBAL_UNCERTAINTY_ASSIGNED_CONTEXT((#6915))
GLOBAL_UNIT_ASSIGNED_CONTEXT((#6920,#6919,#6918))
REPRESENTATION_CONTEXT('Part 2','COMPONENT_PART')
);
#6890=(
GEOMETRIC_REPRESENTATION_CONTEXT(3)
GLOBAL_UNCERTAINTY_ASSIGNED_CONTEXT((#6916))
GLOBAL_UNIT_ASSIGNED_CONTEXT((#6920,#6919,#6918))
REPRESENTATION_CONTEXT('Part 16','COMPONENT_PART')
);
#6891=(
GEOMETRIC_REPRESENTATION_CONTEXT(3)
GLOBAL_UNCERTAINTY_ASSIGNED_CONTEXT((#6917))
GLOBAL_UNIT_ASSIGNED_CONTEXT((#6920,#6919,#6918))
REPRESENTATION_CONTEXT('Part 18','COMPONENT_PART')
);
#6892=UNCERTAINTY_MEASURE_WITH_UNIT(LENGTH_MEASURE(1.E-8),#6920,
'DISTANCE_ACCURACY_VALUE','Maximum Tolerance applied to model');
#6893=UNCERTAINTY_MEASURE_WITH_UNIT(LENGTH_MEASURE(1.E-8),#6920,
'DISTANCE_ACCURACY_VALUE','Maximum Tolerance applied to model');
#6894=UNCERTAINTY_MEASURE_WITH_UNIT(LENGTH_MEASURE(1.E-8),#6920,
'DISTANCE_ACCURACY_VALUE','Maximum Tolerance applied to model');
#6895=UNCERTAINTY_MEASURE_WITH_UNIT(LENGTH_MEASURE(1.E-8),#6920,
'DISTANCE_ACCURACY_VALUE','Maximum Tolerance applied to model');
#6896=UNCERTAINTY_MEASURE_WITH_UNIT(LENGTH_MEASURE(1.E-8),#6920,
'DISTANCE_ACCURACY_VALUE','Maximum Tolerance applied to model');
#6897=UNCERTAINTY_MEASURE_WITH_UNIT(LENGTH_MEASURE(1.E-8),#6920,
'DISTANCE_ACCURACY_VALUE','Maximum Tolerance applied to model');
#6898=UNCERTAINTY_MEASURE_WITH_UNIT(LENGTH_MEASURE(1.E-8),#6920,
'DISTANCE_ACCURACY_VALUE','Maximum Tolerance applied to model');
#6899=UNCERTAINTY_MEASURE_WITH_UNIT(LENGTH_MEASURE(1.E-8),#6920,
'DISTANCE_ACCURACY_VALUE','Maximum Tolerance applied to model');
#6900=UNCERTAINTY_MEASURE_WITH_UNIT(LENGTH_MEASURE(1.E-8),#6920,
'DISTANCE_ACCURACY_VALUE','Maximum Tolerance applied to model');
#6901=UNCERTAINTY_MEASURE_WITH_UNIT(LENGTH_MEASURE(1.E-8),#6920,
'DISTANCE_ACCURACY_VALUE','Maximum Tolerance applied to model');
#6902=UNCERTAINTY_MEASURE_WITH_UNIT(LENGTH_MEASURE(1.E-8),#6920,
'DISTANCE_ACCURACY_VALUE','Maximum Tolerance applied to model');
#6903=UNCERTAINTY_MEASURE_WITH_UNIT(LENGTH_MEASURE(1.E-8),#6920,
'DISTANCE_ACCURACY_VALUE','Maximum Tolerance applied to model');
#6904=UNCERTAINTY_MEASURE_WITH_UNIT(LENGTH_MEASURE(1.E-8),#6920,
'DISTANCE_ACCURACY_VALUE','Maximum Tolerance applied to model');
#6905=UNCERTAINTY_MEASURE_WITH_UNIT(LENGTH_MEASURE(1.E-8),#6920,
'DISTANCE_ACCURACY_VALUE','Maximum Tolerance applied to model');
#6906=UNCERTAINTY_MEASURE_WITH_UNIT(LENGTH_MEASURE(1.E-8),#6920,
'DISTANCE_ACCURACY_VALUE','Maximum Tolerance applied to model');
#6907=UNCERTAINTY_MEASURE_WITH_UNIT(LENGTH_MEASURE(1.E-8),#6920,
'DISTANCE_ACCURACY_VALUE','Maximum Tolerance applied to model');
#6908=UNCERTAINTY_MEASURE_WITH_UNIT(LENGTH_MEASURE(1.E-8),#6920,
'DISTANCE_ACCURACY_VALUE','Maximum Tolerance applied to model');
#6909=UNCERTAINTY_MEASURE_WITH_UNIT(LENGTH_MEASURE(1.E-8),#6920,
'DISTANCE_ACCURACY_VALUE','Maximum Tolerance applied to model');
#6910=UNCERTAINTY_MEASURE_WITH_UNIT(LENGTH_MEASURE(1.E-8),#6920,
'DISTANCE_ACCURACY_VALUE','Maximum Tolerance applied to model');
#6911=UNCERTAINTY_MEASURE_WITH_UNIT(LENGTH_MEASURE(1.E-8),#6920,
'DISTANCE_ACCURACY_VALUE','Maximum Tolerance applied to model');
#6912=UNCERTAINTY_MEASURE_WITH_UNIT(LENGTH_MEASURE(1.E-8),#6920,
'DISTANCE_ACCURACY_VALUE','Maximum Tolerance applied to model');
#6913=UNCERTAINTY_MEASURE_WITH_UNIT(LENGTH_MEASURE(1.E-8),#6920,
'DISTANCE_ACCURACY_VALUE','Maximum Tolerance applied to model');
#6914=UNCERTAINTY_MEASURE_WITH_UNIT(LENGTH_MEASURE(1.E-8),#6920,
'DISTANCE_ACCURACY_VALUE','Maximum Tolerance applied to model');
#6915=UNCERTAINTY_MEASURE_WITH_UNIT(LENGTH_MEASURE(1.E-8),#6920,
'DISTANCE_ACCURACY_VALUE','Maximum Tolerance applied to model');
#6916=UNCERTAINTY_MEASURE_WITH_UNIT(LENGTH_MEASURE(1.E-8),#6920,
'DISTANCE_ACCURACY_VALUE','Maximum Tolerance applied to model');
#6917=UNCERTAINTY_MEASURE_WITH_UNIT(LENGTH_MEASURE(1.E-8),#6920,
'DISTANCE_ACCURACY_VALUE','Maximum Tolerance applied to model');
#6918=(
NAMED_UNIT(*)
SI_UNIT($,.STERADIAN.)
SOLID_ANGLE_UNIT()
);
#6919=(
NAMED_UNIT(*)
PLANE_ANGLE_UNIT()
SI_UNIT($,.RADIAN.)
);
#6920=(
LENGTH_UNIT()
NAMED_UNIT(*)
SI_UNIT($,.METRE.)
);
#6921=PRODUCT_DEFINITION_SHAPE('','',#6972);
#6922=PRODUCT_DEFINITION_SHAPE('','',#6973);
#6923=PRODUCT_DEFINITION_SHAPE(' ','NAUO PRDDFN',#43);
#6924=PRODUCT_DEFINITION_SHAPE('','',#6974);
#6925=PRODUCT_DEFINITION_SHAPE(' ','NAUO PRDDFN',#44);
#6926=PRODUCT_DEFINITION_SHAPE('','',#6975);
#6927=PRODUCT_DEFINITION_SHAPE(' ','NAUO PRDDFN',#45);
#6928=PRODUCT_DEFINITION_SHAPE('','',#6976);
#6929=PRODUCT_DEFINITION_SHAPE(' ','NAUO PRDDFN',#46);
#6930=PRODUCT_DEFINITION_SHAPE('','',#6977);
#6931=PRODUCT_DEFINITION_SHAPE(' ','NAUO PRDDFN',#47);
#6932=PRODUCT_DEFINITION_SHAPE('','',#6978);
#6933=PRODUCT_DEFINITION_SHAPE(' ','NAUO PRDDFN',#48);
#6934=PRODUCT_DEFINITION_SHAPE('','',#6979);
#6935=PRODUCT_DEFINITION_SHAPE(' ','NAUO PRDDFN',#49);
#6936=PRODUCT_DEFINITION_SHAPE('','',#6980);
#6937=PRODUCT_DEFINITION_SHAPE(' ','NAUO PRDDFN',#50);
#6938=PRODUCT_DEFINITION_SHAPE('','',#6981);
#6939=PRODUCT_DEFINITION_SHAPE(' ','NAUO PRDDFN',#51);
#6940=PRODUCT_DEFINITION_SHAPE('','',#6982);
#6941=PRODUCT_DEFINITION_SHAPE(' ','NAUO PRDDFN',#52);
#6942=PRODUCT_DEFINITION_SHAPE('','',#6983);
#6943=PRODUCT_DEFINITION_SHAPE(' ','NAUO PRDDFN',#53);
#6944=PRODUCT_DEFINITION_SHAPE('','',#6984);
#6945=PRODUCT_DEFINITION_SHAPE(' ','NAUO PRDDFN',#54);
#6946=PRODUCT_DEFINITION_SHAPE('','',#6985);
#6947=PRODUCT_DEFINITION_SHAPE(' ','NAUO PRDDFN',#55);
#6948=PRODUCT_DEFINITION_SHAPE('','',#6986);
#6949=PRODUCT_DEFINITION_SHAPE(' ','NAUO PRDDFN',#56);
#6950=PRODUCT_DEFINITION_SHAPE('','',#6987);
#6951=PRODUCT_DEFINITION_SHAPE(' ','NAUO PRDDFN',#57);
#6952=PRODUCT_DEFINITION_SHAPE('','',#6988);
#6953=PRODUCT_DEFINITION_SHAPE(' ','NAUO PRDDFN',#58);
#6954=PRODUCT_DEFINITION_SHAPE('','',#6989);
#6955=PRODUCT_DEFINITION_SHAPE(' ','NAUO PRDDFN',#59);
#6956=PRODUCT_DEFINITION_SHAPE('','',#6990);
#6957=PRODUCT_DEFINITION_SHAPE(' ','NAUO PRDDFN',#60);
#6958=PRODUCT_DEFINITION_SHAPE('','',#6991);
#6959=PRODUCT_DEFINITION_SHAPE(' ','NAUO PRDDFN',#61);
#6960=PRODUCT_DEFINITION_SHAPE('','',#6992);
#6961=PRODUCT_DEFINITION_SHAPE(' ','NAUO PRDDFN',#62);
#6962=PRODUCT_DEFINITION_SHAPE('','',#6993);
#6963=PRODUCT_DEFINITION_SHAPE(' ','NAUO PRDDFN',#63);
#6964=PRODUCT_DEFINITION_SHAPE('','',#6994);
#6965=PRODUCT_DEFINITION_SHAPE(' ','NAUO PRDDFN',#64);
#6966=PRODUCT_DEFINITION_SHAPE('','',#6995);
#6967=PRODUCT_DEFINITION_SHAPE(' ','NAUO PRDDFN',#65);
#6968=PRODUCT_DEFINITION_SHAPE('','',#6996);
#6969=PRODUCT_DEFINITION_SHAPE(' ','NAUO PRDDFN',#66);
#6970=PRODUCT_DEFINITION_SHAPE('','',#6997);
#6971=PRODUCT_DEFINITION_SHAPE(' ','NAUO PRDDFN',#67);
#6972=PRODUCT_DEFINITION('','',#7024,#6998);
#6973=PRODUCT_DEFINITION('','',#7025,#6999);
#6974=PRODUCT_DEFINITION('','',#7026,#7000);
#6975=PRODUCT_DEFINITION('','',#7027,#7001);
#6976=PRODUCT_DEFINITION('','',#7028,#7002);
#6977=PRODUCT_DEFINITION('','',#7029,#7003);
#6978=PRODUCT_DEFINITION('','',#7030,#7004);
#6979=PRODUCT_DEFINITION('','',#7031,#7005);
#6980=PRODUCT_DEFINITION('','',#7032,#7006);
#6981=PRODUCT_DEFINITION('','',#7033,#7007);
#6982=PRODUCT_DEFINITION('','',#7034,#7008);
#6983=PRODUCT_DEFINITION('','',#7035,#7009);
#6984=PRODUCT_DEFINITION('','',#7036,#7010);
#6985=PRODUCT_DEFINITION('','',#7037,#7011);
#6986=PRODUCT_DEFINITION('','',#7038,#7012);
#6987=PRODUCT_DEFINITION('','',#7039,#7013);
#6988=PRODUCT_DEFINITION('','',#7040,#7014);
#6989=PRODUCT_DEFINITION('','',#7041,#7015);
#6990=PRODUCT_DEFINITION('','',#7042,#7016);
#6991=PRODUCT_DEFINITION('','',#7043,#7017);
#6992=PRODUCT_DEFINITION('','',#7044,#7018);
#6993=PRODUCT_DEFINITION('','',#7045,#7019);
#6994=PRODUCT_DEFINITION('','',#7046,#7020);
#6995=PRODUCT_DEFINITION('','',#7047,#7021);
#6996=PRODUCT_DEFINITION('','',#7048,#7022);
#6997=PRODUCT_DEFINITION('','',#7049,#7023);
#6998=PRODUCT_DEFINITION_CONTEXT('',#7155,'design');
#6999=PRODUCT_DEFINITION_CONTEXT('',#7155,'design');
#7000=PRODUCT_DEFINITION_CONTEXT('',#7155,'design');
#7001=PRODUCT_DEFINITION_CONTEXT('',#7155,'design');
#7002=PRODUCT_DEFINITION_CONTEXT('',#7155,'design');
#7003=PRODUCT_DEFINITION_CONTEXT('',#7155,'design');
#7004=PRODUCT_DEFINITION_CONTEXT('',#7155,'design');
#7005=PRODUCT_DEFINITION_CONTEXT('',#7155,'design');
#7006=PRODUCT_DEFINITION_CONTEXT('',#7155,'design');
#7007=PRODUCT_DEFINITION_CONTEXT('',#7155,'design');
#7008=PRODUCT_DEFINITION_CONTEXT('',#7155,'design');
#7009=PRODUCT_DEFINITION_CONTEXT('',#7155,'design');
#7010=PRODUCT_DEFINITION_CONTEXT('',#7155,'design');
#7011=PRODUCT_DEFINITION_CONTEXT('',#7155,'design');
#7012=PRODUCT_DEFINITION_CONTEXT('',#7155,'design');
#7013=PRODUCT_DEFINITION_CONTEXT('',#7155,'design');
#7014=PRODUCT_DEFINITION_CONTEXT('',#7155,'design');
#7015=PRODUCT_DEFINITION_CONTEXT('',#7155,'design');
#7016=PRODUCT_DEFINITION_CONTEXT('',#7155,'design');
#7017=PRODUCT_DEFINITION_CONTEXT('',#7155,'design');
#7018=PRODUCT_DEFINITION_CONTEXT('',#7155,'design');
#7019=PRODUCT_DEFINITION_CONTEXT('',#7155,'design');
#7020=PRODUCT_DEFINITION_CONTEXT('',#7155,'design');
#7021=PRODUCT_DEFINITION_CONTEXT('',#7155,'design');
#7022=PRODUCT_DEFINITION_CONTEXT('',#7155,'design');
#7023=PRODUCT_DEFINITION_CONTEXT('',#7155,'design');
#7024=PRODUCT_DEFINITION_FORMATION_WITH_SPECIFIED_SOURCE('','',#7076,
 .NOT_KNOWN.);
#7025=PRODUCT_DEFINITION_FORMATION_WITH_SPECIFIED_SOURCE('','',#7077,
 .NOT_KNOWN.);
#7026=PRODUCT_DEFINITION_FORMATION_WITH_SPECIFIED_SOURCE('','',#7078,
 .NOT_KNOWN.);
#7027=PRODUCT_DEFINITION_FORMATION_WITH_SPECIFIED_SOURCE('','',#7079,
 .NOT_KNOWN.);
#7028=PRODUCT_DEFINITION_FORMATION_WITH_SPECIFIED_SOURCE('','',#7080,
 .NOT_KNOWN.);
#7029=PRODUCT_DEFINITION_FORMATION_WITH_SPECIFIED_SOURCE('','',#7081,
 .NOT_KNOWN.);
#7030=PRODUCT_DEFINITION_FORMATION_WITH_SPECIFIED_SOURCE('','',#7082,
 .NOT_KNOWN.);
#7031=PRODUCT_DEFINITION_FORMATION_WITH_SPECIFIED_SOURCE('','',#7083,
 .NOT_KNOWN.);
#7032=PRODUCT_DEFINITION_FORMATION_WITH_SPECIFIED_SOURCE('','',#7084,
 .NOT_KNOWN.);
#7033=PRODUCT_DEFINITION_FORMATION_WITH_SPECIFIED_SOURCE('','',#7085,
 .NOT_KNOWN.);
#7034=PRODUCT_DEFINITION_FORMATION_WITH_SPECIFIED_SOURCE('','',#7086,
 .NOT_KNOWN.);
#7035=PRODUCT_DEFINITION_FORMATION_WITH_SPECIFIED_SOURCE('','',#7087,
 .NOT_KNOWN.);
#7036=PRODUCT_DEFINITION_FORMATION_WITH_SPECIFIED_SOURCE('','',#7088,
 .NOT_KNOWN.);
#7037=PRODUCT_DEFINITION_FORMATION_WITH_SPECIFIED_SOURCE('','',#7089,
 .NOT_KNOWN.);
#7038=PRODUCT_DEFINITION_FORMATION_WITH_SPECIFIED_SOURCE('','',#7090,
 .NOT_KNOWN.);
#7039=PRODUCT_DEFINITION_FORMATION_WITH_SPECIFIED_SOURCE('','',#7091,
 .NOT_KNOWN.);
#7040=PRODUCT_DEFINITION_FORMATION_WITH_SPECIFIED_SOURCE('','',#7092,
 .NOT_KNOWN.);
#7041=PRODUCT_DEFINITION_FORMATION_WITH_SPECIFIED_SOURCE('','',#7093,
 .NOT_KNOWN.);
#7042=PRODUCT_DEFINITION_FORMATION_WITH_SPECIFIED_SOURCE('','',#7094,
 .NOT_KNOWN.);
#7043=PRODUCT_DEFINITION_FORMATION_WITH_SPECIFIED_SOURCE('','',#7095,
 .NOT_KNOWN.);
#7044=PRODUCT_DEFINITION_FORMATION_WITH_SPECIFIED_SOURCE('','',#7096,
 .NOT_KNOWN.);
#7045=PRODUCT_DEFINITION_FORMATION_WITH_SPECIFIED_SOURCE('','',#7097,
 .NOT_KNOWN.);
#7046=PRODUCT_DEFINITION_FORMATION_WITH_SPECIFIED_SOURCE('','',#7098,
 .NOT_KNOWN.);
#7047=PRODUCT_DEFINITION_FORMATION_WITH_SPECIFIED_SOURCE('','',#7099,
 .NOT_KNOWN.);
#7048=PRODUCT_DEFINITION_FORMATION_WITH_SPECIFIED_SOURCE('','',#7100,
 .NOT_KNOWN.);
#7049=PRODUCT_DEFINITION_FORMATION_WITH_SPECIFIED_SOURCE('','',#7101,
 .NOT_KNOWN.);
#7050=PRODUCT_RELATED_PRODUCT_CATEGORY('','',(#7076));
#7051=PRODUCT_RELATED_PRODUCT_CATEGORY('','',(#7077));
#7052=PRODUCT_RELATED_PRODUCT_CATEGORY('','',(#7078));
#7053=PRODUCT_RELATED_PRODUCT_CATEGORY('','',(#7079));
#7054=PRODUCT_RELATED_PRODUCT_CATEGORY('','',(#7080));
#7055=PRODUCT_RELATED_PRODUCT_CATEGORY('','',(#7081));
#7056=PRODUCT_RELATED_PRODUCT_CATEGORY('','',(#7082));
#7057=PRODUCT_RELATED_PRODUCT_CATEGORY('','',(#7083));
#7058=PRODUCT_RELATED_PRODUCT_CATEGORY('','',(#7084));
#7059=PRODUCT_RELATED_PRODUCT_CATEGORY('','',(#7085));
#7060=PRODUCT_RELATED_PRODUCT_CATEGORY('','',(#7086));
#7061=PRODUCT_RELATED_PRODUCT_CATEGORY('','',(#7087));
#7062=PRODUCT_RELATED_PRODUCT_CATEGORY('','',(#7088));
#7063=PRODUCT_RELATED_PRODUCT_CATEGORY('','',(#7089));
#7064=PRODUCT_RELATED_PRODUCT_CATEGORY('','',(#7090));
#7065=PRODUCT_RELATED_PRODUCT_CATEGORY('','',(#7091));
#7066=PRODUCT_RELATED_PRODUCT_CATEGORY('','',(#7092));
#7067=PRODUCT_RELATED_PRODUCT_CATEGORY('','',(#7093));
#7068=PRODUCT_RELATED_PRODUCT_CATEGORY('','',(#7094));
#7069=PRODUCT_RELATED_PRODUCT_CATEGORY('','',(#7095));
#7070=PRODUCT_RELATED_PRODUCT_CATEGORY('','',(#7096));
#7071=PRODUCT_RELATED_PRODUCT_CATEGORY('','',(#7097));
#7072=PRODUCT_RELATED_PRODUCT_CATEGORY('','',(#7098));
#7073=PRODUCT_RELATED_PRODUCT_CATEGORY('','',(#7099));
#7074=PRODUCT_RELATED_PRODUCT_CATEGORY('','',(#7100));
#7075=PRODUCT_RELATED_PRODUCT_CATEGORY('','',(#7101));
#7076=PRODUCT('Assembly 1','Assembly 1','Assembly 1',(#7128));
#7077=PRODUCT('Part 22','Part 22','Part 22',(#7129));
#7078=PRODUCT('Part 1','Part 1','Part 1',(#7130));
#7079=PRODUCT('Part 10','Part 10','Part 10',(#7131));
#7080=PRODUCT('Part 9','Part 9','Part 9',(#7132));
#7081=PRODUCT('Part 3','Part 3','Part 3',(#7133));
#7082=PRODUCT('Part 25','Part 25','Part 25',(#7134));
#7083=PRODUCT('Part 11','Part 11','Part 11',(#7135));
#7084=PRODUCT('Part 21','Part 21','Part 21',(#7136));
#7085=PRODUCT('Part 8','Part 8','Part 8',(#7137));
#7086=PRODUCT('Part 13','Part 13','Part 13',(#7138));
#7087=PRODUCT('Part 24','Part 24','Part 24',(#7139));
#7088=PRODUCT('Part 17','Part 17','Part 17',(#7140));
#7089=PRODUCT('Part 15','Part 15','Part 15',(#7141));
#7090=PRODUCT('Part 7','Part 7','Part 7',(#7142));
#7091=PRODUCT('Part 20','Part 20','Part 20',(#7143));
#7092=PRODUCT('Part 6','Part 6','Part 6',(#7144));
#7093=PRODUCT('Part 12','Part 12','Part 12',(#7145));
#7094=PRODUCT('Part 23','Part 23','Part 23',(#7146));
#7095=PRODUCT('Part 5','Part 5','Part 5',(#7147));
#7096=PRODUCT('Part 19','Part 19','Part 19',(#7148));
#7097=PRODUCT('Part 14','Part 14','Part 14',(#7149));
#7098=PRODUCT('Part 4','Part 4','Part 4',(#7150));
#7099=PRODUCT('Part 2','Part 2','Part 2',(#7151));
#7100=PRODUCT('Part 16','Part 16','Part 16',(#7152));
#7101=PRODUCT('Part 18','Part 18','Part 18',(#7153));
#7102=PRODUCT_CATEGORY('','');
#7103=PRODUCT_CATEGORY('','');
#7104=PRODUCT_CATEGORY('','');
#7105=PRODUCT_CATEGORY('','');
#7106=PRODUCT_CATEGORY('','');
#7107=PRODUCT_CATEGORY('','');
#7108=PRODUCT_CATEGORY('','');
#7109=PRODUCT_CATEGORY('','');
#7110=PRODUCT_CATEGORY('','');
#7111=PRODUCT_CATEGORY('','');
#7112=PRODUCT_CATEGORY('','');
#7113=PRODUCT_CATEGORY('','');
#7114=PRODUCT_CATEGORY('','');
#7115=PRODUCT_CATEGORY('','');
#7116=PRODUCT_CATEGORY('','');
#7117=PRODUCT_CATEGORY('','');
#7118=PRODUCT_CATEGORY('','');
#7119=PRODUCT_CATEGORY('','');
#7120=PRODUCT_CATEGORY('','');
#7121=PRODUCT_CATEGORY('','');
#7122=PRODUCT_CATEGORY('','');
#7123=PRODUCT_CATEGORY('','');
#7124=PRODUCT_CATEGORY('','');
#7125=PRODUCT_CATEGORY('','');
#7126=PRODUCT_CATEGORY('','');
#7127=PRODUCT_CATEGORY('','');
#7128=PRODUCT_CONTEXT('',#7155,'mechanical');
#7129=PRODUCT_CONTEXT('',#7155,'mechanical');
#7130=PRODUCT_CONTEXT('',#7155,'mechanical');
#7131=PRODUCT_CONTEXT('',#7155,'mechanical');
#7132=PRODUCT_CONTEXT('',#7155,'mechanical');
#7133=PRODUCT_CONTEXT('',#7155,'mechanical');
#7134=PRODUCT_CONTEXT('',#7155,'mechanical');
#7135=PRODUCT_CONTEXT('',#7155,'mechanical');
#7136=PRODUCT_CONTEXT('',#7155,'mechanical');
#7137=PRODUCT_CONTEXT('',#7155,'mechanical');
#7138=PRODUCT_CONTEXT('',#7155,'mechanical');
#7139=PRODUCT_CONTEXT('',#7155,'mechanical');
#7140=PRODUCT_CONTEXT('',#7155,'mechanical');
#7141=PRODUCT_CONTEXT('',#7155,'mechanical');
#7142=PRODUCT_CONTEXT('',#7155,'mechanical');
#7143=PRODUCT_CONTEXT('',#7155,'mechanical');
#7144=PRODUCT_CONTEXT('',#7155,'mechanical');
#7145=PRODUCT_CONTEXT('',#7155,'mechanical');
#7146=PRODUCT_CONTEXT('',#7155,'mechanical');
#7147=PRODUCT_CONTEXT('',#7155,'mechanical');
#7148=PRODUCT_CONTEXT('',#7155,'mechanical');
#7149=PRODUCT_CONTEXT('',#7155,'mechanical');
#7150=PRODUCT_CONTEXT('',#7155,'mechanical');
#7151=PRODUCT_CONTEXT('',#7155,'mechanical');
#7152=PRODUCT_CONTEXT('',#7155,'mechanical');
#7153=PRODUCT_CONTEXT('',#7155,'mechanical');
#7154=APPLICATION_PROTOCOL_DEFINITION('international standard',
'ap242_managed_model_based_3d_engineering',2020,#7155);
#7155=APPLICATION_CONTEXT('managed model based 3d engineering');
ENDSEC;
END-ISO-10303-21;
